year	month	day	dep_time	sched_dep_time	dep_delay	arr_time	sched_arr_time	arr_delay	carrier	flight	tailnum	origin	dest	air_time	distance	hour	minute	time_hour
2013	1	1	517	515	2	830	819	11	UA	1545	N14228	EWR	IAH	227	1400	5	15	2013-01-01 05:00:00
2013	1	1	533	529	4	850	830	20	UA	1714	N24211	LGA	IAH	227	1416	5	29	2013-01-01 05:00:00
2013	1	1	542	540	2	923	850	33	AA	1141	N619AA	JFK	MIA	160	1089	5	40	2013-01-01 05:00:00
2013	1	1	544	545	-1	1004	1022	-18	B6	725	N804JB	JFK	BQN	183	1576	5	45	2013-01-01 05:00:00
2013	1	1	554	600	-6	812	837	-25	DL	461	N668DN	LGA	ATL	116	762	6	0	2013-01-01 06:00:00
2013	1	1	554	558	-4	740	728	12	UA	1696	N39463	EWR	ORD	150	719	5	58	2013-01-01 05:00:00
2013	1	1	555	600	-5	913	854	19	B6	507	N516JB	EWR	FLL	158	1065	6	0	2013-01-01 06:00:00
2013	1	1	557	600	-3	709	723	-14	EV	5708	N829AS	LGA	IAD	53	229	6	0	2013-01-01 06:00:00
2013	1	1	557	600	-3	838	846	-8	B6	79	N593JB	JFK	MCO	140	944	6	0	2013-01-01 06:00:00
2013	1	1	558	600	-2	753	745	8	AA	301	N3ALAA	LGA	ORD	138	733	6	0	2013-01-01 06:00:00
2013	1	1	558	600	-2	849	851	-2	B6	49	N793JB	JFK	PBI	149	1028	6	0	2013-01-01 06:00:00
2013	1	1	558	600	-2	853	856	-3	B6	71	N657JB	JFK	TPA	158	1005	6	0	2013-01-01 06:00:00
2013	1	1	558	600	-2	924	917	7	UA	194	N29129	JFK	LAX	345	2475	6	0	2013-01-01 06:00:00
2013	1	1	558	600	-2	923	937	-14	UA	1124	N53441	EWR	SFO	361	2565	6	0	2013-01-01 06:00:00
2013	1	1	559	600	-1	941	910	31	AA	707	N3DUAA	LGA	DFW	257	1389	6	0	2013-01-01 06:00:00
2013	1	1	559	559	0	702	706	-4	B6	1806	N708JB	JFK	BOS	44	187	5	59	2013-01-01 05:00:00
2013	1	1	559	600	-1	854	902	-8	UA	1187	N76515	EWR	LAS	337	2227	6	0	2013-01-01 06:00:00
2013	1	1	600	600	0	851	858	-7	B6	371	N595JB	LGA	FLL	152	1076	6	0	2013-01-01 06:00:00
2013	1	1	600	600	0	837	825	12	MQ	4650	N542MQ	LGA	ATL	134	762	6	0	2013-01-01 06:00:00
2013	1	1	601	600	1	844	850	-6	B6	343	N644JB	EWR	PBI	147	1023	6	0	2013-01-01 06:00:00
2013	1	1	602	610	-8	812	820	-8	DL	1919	N971DL	LGA	MSP	170	1020	6	10	2013-01-01 06:00:00
2013	1	1	602	605	-3	821	805	16	MQ	4401	N730MQ	LGA	DTW	105	502	6	5	2013-01-01 06:00:00
2013	1	1	606	610	-4	858	910	-12	AA	1895	N633AA	EWR	MIA	152	1085	6	10	2013-01-01 06:00:00
2013	1	1	606	610	-4	837	845	-8	DL	1743	N3739P	JFK	ATL	128	760	6	10	2013-01-01 06:00:00
2013	1	1	607	607	0	858	915	-17	UA	1077	N53442	EWR	MIA	157	1085	6	7	2013-01-01 06:00:00
2013	1	1	608	600	8	807	735	32	MQ	3768	N9EAMQ	EWR	ORD	139	719	6	0	2013-01-01 06:00:00
2013	1	1	611	600	11	945	931	14	UA	303	N532UA	JFK	SFO	366	2586	6	0	2013-01-01 06:00:00
2013	1	1	613	610	3	925	921	4	B6	135	N635JB	JFK	RSW	175	1074	6	10	2013-01-01 06:00:00
2013	1	1	615	615	0	1039	1100	-21	B6	709	N794JB	JFK	SJU	182	1598	6	15	2013-01-01 06:00:00
2013	1	1	615	615	0	833	842	-9	DL	575	N326NB	EWR	ATL	120	746	6	15	2013-01-01 06:00:00
2013	1	1	622	630	-8	1017	1014	3	US	245	N807AW	EWR	PHX	342	2133	6	30	2013-01-01 06:00:00
2013	1	1	623	610	13	920	915	5	AA	1837	N3EMAA	LGA	MIA	153	1096	6	10	2013-01-01 06:00:00
2013	1	1	623	627	-4	933	932	1	UA	496	N459UA	LGA	IAH	229	1416	6	27	2013-01-01 06:00:00
2013	1	1	624	630	-6	909	840	29	EV	4626	N11107	EWR	MSP	190	1008	6	30	2013-01-01 06:00:00
2013	1	1	624	630	-6	840	830	10	MQ	4599	N518MQ	LGA	MSP	166	1020	6	30	2013-01-01 06:00:00
2013	1	1	627	630	-3	1018	1018	0	US	27	N535UW	JFK	PHX	330	2153	6	30	2013-01-01 06:00:00
2013	1	1	628	630	-2	1137	1140	-3	AA	413	N3BAAA	JFK	SJU	192	1598	6	30	2013-01-01 06:00:00
2013	1	1	628	630	-2	1016	947	29	UA	1665	N33289	EWR	LAX	366	2454	6	30	2013-01-01 06:00:00
2013	1	1	629	630	-1	824	810	14	AA	303	N3CYAA	LGA	ORD	140	733	6	30	2013-01-01 06:00:00
2013	1	1	629	630	-1	721	740	-19	WN	4646	N273WN	LGA	BWI	40	185	6	30	2013-01-01 06:00:00
2013	1	1	629	630	-1	824	833	-9	US	1019	N426US	EWR	CLT	91	529	6	30	2013-01-01 06:00:00
2013	1	1	632	608	24	740	728	12	EV	4144	N13553	EWR	IAD	52	212	6	8	2013-01-01 06:00:00
2013	1	1	635	635	0	1028	940	48	AA	711	N3GKAA	LGA	DFW	248	1389	6	35	2013-01-01 06:00:00
2013	1	1	637	645	-8	930	935	-5	B6	389	N709JB	LGA	MCO	144	950	6	45	2013-01-01 06:00:00
2013	1	1	639	640	-1	739	749	-10	B6	1002	N805JB	JFK	BOS	41	187	6	40	2013-01-01 06:00:00
2013	1	1	643	646	-3	922	940	-18	UA	556	N497UA	EWR	PBI	146	1023	6	46	2013-01-01 06:00:00
2013	1	1	643	645	-2	837	848	-11	US	926	N178US	EWR	CLT	91	529	6	45	2013-01-01 06:00:00
2013	1	1	644	636	8	931	940	-9	UA	1701	N75435	EWR	FLL	151	1065	6	36	2013-01-01 06:00:00
2013	1	1	645	647	-2	815	810	5	B6	102	N796JB	JFK	BUF	63	301	6	47	2013-01-01 06:00:00
2013	1	1	646	645	1	910	916	-6	UA	883	N569UA	LGA	DEN	243	1620	6	45	2013-01-01 06:00:00
2013	1	1	646	645	1	1023	1030	-7	UA	1496	N38727	EWR	SNA	380	2434	6	45	2013-01-01 06:00:00
2013	1	1	651	655	-4	936	942	-6	B6	203	N558JB	JFK	LAS	323	2248	6	55	2013-01-01 06:00:00
2013	1	1	652	655	-3	932	921	11	B6	117	N178JB	JFK	MSY	191	1182	6	55	2013-01-01 06:00:00
2013	1	1	653	700	-7	936	1009	-33	DL	1383	N327NW	LGA	PBI	149	1035	7	0	2013-01-01 07:00:00
2013	1	1	655	655	0	1021	1030	-9	DL	1415	N3763D	JFK	SLC	294	1990	6	55	2013-01-01 06:00:00
2013	1	1	655	700	-5	1037	1045	-8	DL	1865	N705TW	JFK	SFO	362	2586	7	0	2013-01-01 07:00:00
2013	1	1	655	700	-5	1002	1020	-18	DL	2003	N997DL	LGA	MIA	161	1096	7	0	2013-01-01 07:00:00
2013	1	1	656	700	-4	854	850	4	AA	305	N4WNAA	LGA	ORD	143	733	7	0	2013-01-01 07:00:00
2013	1	1	656	659	-3	949	959	-10	AA	1815	N5FMAA	JFK	MCO	142	944	6	59	2013-01-01 06:00:00
2013	1	1	656	705	-9	1007	940	27	MQ	4534	N722MQ	LGA	XNA	233	1147	7	5	2013-01-01 07:00:00
2013	1	1	656	700	-4	948	1011	-23	UA	1115	N24212	EWR	TPA	156	997	7	0	2013-01-01 07:00:00
2013	1	1	657	700	-3	959	1013	-14	DL	1879	N318NB	LGA	FLL	164	1076	7	0	2013-01-01 07:00:00
2013	1	1	658	700	-2	944	939	5	DL	1547	N6703D	LGA	ATL	126	762	7	0	2013-01-01 07:00:00
2013	1	1	658	700	-2	1027	1025	2	VX	399	N627VA	JFK	LAX	361	2475	7	0	2013-01-01 07:00:00
2013	1	1	659	700	-1	1008	1015	-7	AA	2279	N3EKAA	LGA	MIA	159	1096	7	0	2013-01-01 07:00:00
2013	1	1	659	700	-1	1008	1007	1	B6	981	N646JB	JFK	FLL	156	1069	7	0	2013-01-01 07:00:00
2013	1	1	659	705	-6	907	913	-6	DL	831	N998DL	LGA	DTW	105	502	7	5	2013-01-01 07:00:00
2013	1	1	659	700	-1	959	1008	-9	UA	960	N838UA	EWR	RSW	164	1068	7	0	2013-01-01 07:00:00
2013	1	1	701	700	1	1123	1154	-31	UA	1203	N77296	EWR	SJU	188	1608	7	0	2013-01-01 07:00:00
2013	1	1	702	700	2	1058	1014	44	B6	671	N779JB	JFK	LAX	381	2475	7	0	2013-01-01 07:00:00
2013	1	1	709	700	9	852	832	20	UA	1092	N26226	LGA	ORD	135	733	7	0	2013-01-01 07:00:00
2013	1	1	711	715	-4	1151	1206	-15	B6	715	N651JB	JFK	SJU	190	1598	7	15	2013-01-01 07:00:00
2013	1	1	712	715	-3	1023	1035	-12	AA	825	N3ETAA	JFK	FLL	159	1069	7	15	2013-01-01 07:00:00
2013	1	1	715	713	2	911	850	21	UA	544	N841UA	EWR	ORD	156	719	7	13	2013-01-01 07:00:00
2013	1	1	717	720	-3	850	840	10	FL	850	N978AT	LGA	MKE	134	738	7	20	2013-01-01 07:00:00
2013	1	1	719	721	-2	1017	1012	5	B6	987	N562JB	JFK	MCO	147	944	7	21	2013-01-01 07:00:00
2013	1	1	723	725	-2	1013	1017	-4	UA	962	N514UA	EWR	PBI	153	1023	7	25	2013-01-01 07:00:00
2013	1	1	724	730	-6	1111	1040	31	AA	715	N541AA	LGA	DFW	254	1389	7	30	2013-01-01 07:00:00
2013	1	1	724	725	-1	1020	1030	-10	AS	11	N594AS	EWR	SEA	338	2402	7	25	2013-01-01 07:00:00
2013	1	1	725	730	-5	1052	1040	12	AA	2083	N4WRAA	EWR	DFW	238	1372	7	30	2013-01-01 07:00:00
2013	1	1	727	730	-3	959	952	7	UA	1162	N37462	EWR	DEN	254	1605	7	30	2013-01-01 07:00:00
2013	1	1	728	732	-4	1041	1038	3	UA	473	N488UA	LGA	IAH	238	1416	7	32	2013-01-01 07:00:00
2013	1	1	729	730	-1	1049	1115	-26	VX	11	N635VA	JFK	SFO	356	2586	7	30	2013-01-01 07:00:00
2013	1	1	732	735	-3	857	858	-1	B6	20	N304JB	JFK	ROC	64	264	7	35	2013-01-01 07:00:00
2013	1	1	732	729	3	1041	1039	2	B6	1601	N563JB	LGA	RSW	167	1080	7	29	2013-01-01 07:00:00
2013	1	1	732	645	47	1011	941	30	UA	1111	N37456	EWR	MCO	145	937	6	45	2013-01-01 06:00:00
2013	1	1	733	736	-3	854	850	4	B6	44	N552JB	JFK	SYR	54	209	7	36	2013-01-01 07:00:00
2013	1	1	734	737	-3	1047	1113	-26	B6	643	N625JB	JFK	SFO	350	2586	7	37	2013-01-01 07:00:00
2013	1	1	739	745	-6	918	930	-12	AA	309	N4WPAA	LGA	ORD	137	733	7	45	2013-01-01 07:00:00
2013	1	1	739	739	0	1104	1038	26	UA	1479	N37408	EWR	IAH	249	1400	7	39	2013-01-01 07:00:00
2013	1	1	741	745	-4	1038	1036	2	B6	983	N633JB	LGA	TPA	158	1010	7	45	2013-01-01 07:00:00
2013	1	1	743	730	13	1107	1100	7	AA	33	N338AA	JFK	LAX	358	2475	7	30	2013-01-01 07:00:00
2013	1	1	743	749	-6	1043	1054	-11	B6	341	N624JB	JFK	SRQ	164	1041	7	49	2013-01-01 07:00:00
2013	1	1	743	730	13	1059	1056	3	DL	495	N3760C	JFK	SEA	349	2422	7	30	2013-01-01 07:00:00
2013	1	1	745	745	0	1135	1125	10	AA	59	N336AA	JFK	SFO	378	2586	7	45	2013-01-01 07:00:00
2013	1	1	746	746	0	1119	1129	-10	UA	1668	N24224	EWR	SFO	373	2565	7	46	2013-01-01 07:00:00
2013	1	1	749	710	39	939	850	49	MQ	3737	N508MQ	EWR	ORD	148	719	7	10	2013-01-01 07:00:00
2013	1	1	752	755	-3	1041	1059	-18	DL	2263	N325US	LGA	MCO	140	950	7	55	2013-01-01 07:00:00
2013	1	1	752	750	2	1025	1029	-4	UA	477	N511UA	LGA	DEN	249	1620	7	50	2013-01-01 07:00:00
2013	1	1	752	759	-7	955	959	-4	US	1733	N543UW	LGA	CLT	96	544	7	59	2013-01-01 07:00:00
2013	1	1	753	755	-2	1056	1110	-14	AA	2267	N3HMAA	LGA	MIA	157	1096	7	55	2013-01-01 07:00:00
2013	1	1	754	759	-5	1039	1041	-2	DL	2047	N935DL	LGA	ATL	126	762	7	59	2013-01-01 07:00:00
2013	1	1	754	755	-1	1103	1030	33	WN	733	N789SW	LGA	DEN	279	1620	7	55	2013-01-01 07:00:00
2013	1	1	758	800	-2	1053	1054	-1	B6	517	N645JB	EWR	MCO	142	937	8	0	2013-01-01 08:00:00
2013	1	1	759	800	-1	1057	1127	-30	DL	1843	N955DL	JFK	MIA	158	1089	8	0	2013-01-01 08:00:00
2013	1	1	800	800	0	1022	1014	8	DL	2119	N317US	LGA	MSP	171	1020	8	0	2013-01-01 08:00:00
2013	1	1	800	810	-10	949	955	-6	MQ	4406	N828MQ	JFK	RDU	80	427	8	10	2013-01-01 08:00:00
2013	1	1	801	805	-4	900	919	-19	B6	1172	N206JB	EWR	BOS	38	200	8	5	2013-01-01 08:00:00
2013	1	1	803	810	-7	903	925	-22	AA	1838	N3GEAA	JFK	BOS	38	187	8	10	2013-01-01 08:00:00
2013	1	1	803	800	3	1132	1144	-12	UA	223	N510UA	JFK	SFO	369	2586	8	0	2013-01-01 08:00:00
2013	1	1	804	810	-6	1103	1116	-13	DL	1959	N947DL	JFK	MCO	147	944	8	10	2013-01-01 08:00:00
2013	1	1	805	805	0	1015	1005	10	B6	219	N273JB	JFK	CLT	98	541	8	5	2013-01-01 08:00:00
2013	1	1	805	800	5	1118	1106	12	B6	3	N570JB	JFK	FLL	165	1069	8	0	2013-01-01 08:00:00
2013	1	1	805	815	-10	1006	1010	-4	MQ	4490	N739MQ	LGA	CMH	101	479	8	15	2013-01-01 08:00:00
2013	1	1	807	810	-3	1043	1043	0	DL	269	N308DE	JFK	ATL	126	760	8	10	2013-01-01 08:00:00
2013	1	1	809	815	-6	1043	1050	-7	EV	4388	N14542	EWR	JAX	132	820	8	15	2013-01-01 08:00:00
2013	1	1	810	810	0	1048	1037	11	9E	3538	N915XJ	JFK	MSP	189	1029	8	10	2013-01-01 08:00:00
2013	1	1	810	815	-5	1100	1128	-28	DL	2395	N349NW	LGA	PBI	149	1035	8	15	2013-01-01 08:00:00
2013	1	1	811	815	-4	1006	1032	-26	EV	4260	N11193	EWR	CHS	101	628	8	15	2013-01-01 08:00:00
2013	1	1	811	630	101	1047	830	137	MQ	4576	N531MQ	LGA	CLT	118	544	6	30	2013-01-01 06:00:00
2013	1	1	811	815	-4	1026	1016	10	US	675	N654AW	EWR	CLT	96	529	8	15	2013-01-01 08:00:00
2013	1	1	812	814	-2	1040	1017	23	EV	4537	N17108	EWR	MEM	180	946	8	14	2013-01-01 08:00:00
2013	1	1	813	815	-2	1103	1056	7	DL	914	N375NC	LGA	DEN	267	1620	8	15	2013-01-01 08:00:00
2013	1	1	814	810	4	1047	1030	17	FL	346	N977AT	LGA	ATL	132	762	8	10	2013-01-01 08:00:00
2013	1	1	817	810	7	1005	948	17	B6	1051	N228JB	JFK	PIT	86	340	8	10	2013-01-01 08:00:00
2013	1	1	820	820	0	1254	1310	-16	B6	717	N527JB	JFK	SJU	190	1598	8	20	2013-01-01 08:00:00
2013	1	1	820	830	-10	940	954	-14	DL	27	N324US	JFK	BOS	36	187	8	30	2013-01-01 08:00:00
2013	1	1	820	820	0	1249	1329	-40	DL	301	N900PC	JFK	SJU	182	1598	8	20	2013-01-01 08:00:00
2013	1	1	821	820	1	1153	1129	24	B6	181	N521JB	JFK	SAN	354	2446	8	20	2013-01-01 08:00:00
2013	1	1	821	825	-4	932	945	-13	MQ	4418	N846MQ	JFK	DCA	52	213	8	25	2013-01-01 08:00:00
2013	1	1	822	830	-8	1014	1016	-2	EV	4104	N12540	LGA	CLE	91	419	8	30	2013-01-01 08:00:00
2013	1	1	823	825	-2	1019	1024	-5	US	487	N655AW	JFK	CLT	96	541	8	25	2013-01-01 08:00:00
2013	1	1	823	823	0	1151	1135	16	UA	1223	N39728	EWR	DFW	250	1372	8	23	2013-01-01 08:00:00
2013	1	1	824	830	-6	1027	1025	2	AA	1855	N573AA	LGA	STL	169	888	8	30	2013-01-01 08:00:00
2013	1	1	825	827	-2	1058	1105	-7	B6	611	N292JB	JFK	JAX	130	828	8	27	2013-01-01 08:00:00
2013	1	1	826	715	71	1136	1045	51	AA	443	N3GVAA	JFK	MIA	160	1089	7	15	2013-01-01 07:00:00
2013	1	1	826	817	9	1145	1158	-13	UA	1480	N76522	EWR	SFO	357	2565	8	17	2013-01-01 08:00:00
2013	1	1	828	830	-2	1027	1012	15	B6	905	N274JB	JFK	ORD	160	740	8	30	2013-01-01 08:00:00
2013	1	1	828	823	5	1150	1143	7	UA	1506	N76528	EWR	LAX	359	2454	8	23	2013-01-01 08:00:00
2013	1	1	829	830	-1	1152	1200	-8	UA	443	N554UA	JFK	LAX	360	2475	8	30	2013-01-01 08:00:00
2013	1	1	829	830	-1	1117	1140	-23	UA	1592	N75425	EWR	MCO	145	937	8	30	2013-01-01 08:00:00
2013	1	1	830	830	0	1018	1015	3	AA	313	N4YCAA	LGA	ORD	137	733	8	30	2013-01-01 08:00:00
2013	1	1	830	835	-5	1052	1105	-13	MQ	4610	N513MQ	LGA	ATL	123	762	8	35	2013-01-01 08:00:00
2013	1	1	831	835	-4	1021	1039	-18	EV	4412	N13969	EWR	MYR	92	550	8	35	2013-01-01 08:00:00
2013	1	1	832	840	-8	1006	1030	-24	MQ	4521	N725MQ	LGA	RDU	77	431	8	40	2013-01-01 08:00:00
2013	1	1	833	835	-2	1134	1102	32	F9	835	N203FR	LGA	DEN	257	1620	8	35	2013-01-01 08:00:00
2013	1	1	835	835	0	1210	1150	20	AA	717	N3BDAA	LGA	DFW	249	1389	8	35	2013-01-01 08:00:00
2013	1	1	839	850	-11	1027	1035	-8	MQ	4558	N711MQ	LGA	CLE	88	419	8	50	2013-01-01 08:00:00
2013	1	1	840	845	-5	1311	1350	-39	AA	1357	N5FSAA	JFK	SJU	188	1598	8	45	2013-01-01 08:00:00
2013	1	1	840	845	-5	1053	1102	-9	DL	2304	N926DL	JFK	DTW	108	509	8	45	2013-01-01 08:00:00
2013	1	1	846	845	1	1138	1205	-27	B6	553	N564JB	EWR	RSW	157	1068	8	45	2013-01-01 08:00:00
2013	1	1	848	1835	853	1001	1950	851	MQ	3944	N942MQ	JFK	BWI	41	184	18	35	2013-01-01 18:00:00
2013	1	1	848	851	-3	1155	1136	19	UA	1741	N27724	EWR	JAC	275	1874	8	51	2013-01-01 08:00:00
2013	1	1	851	851	0	1032	1036	-4	EV	4548	N19966	EWR	RDU	75	416	8	51	2013-01-01 08:00:00
2013	1	1	851	859	-8	1102	1105	-3	DL	869	N361NB	EWR	DTW	106	488	8	59	2013-01-01 08:00:00
2013	1	1	851	840	11	1215	1206	9	UA	1626	N39297	EWR	SAN	367	2425	8	40	2013-01-01 08:00:00
2013	1	1	852	855	-3	1046	1020	26	WN	3848	N777QC	EWR	MDW	146	711	8	55	2013-01-01 08:00:00
2013	1	1	853	845	8	1147	1145	2	B6	59	N184JB	JFK	TPA	159	1005	8	45	2013-01-01 08:00:00
2013	1	1	855	859	-4	1143	1145	-2	DL	1747	N646DL	LGA	ATL	129	762	8	59	2013-01-01 08:00:00
2013	1	1	856	900	-4	1226	1220	6	AA	1	N324AA	JFK	LAX	358	2475	9	0	2013-01-01 09:00:00
2013	1	1	856	900	-4	1222	1232	-10	DL	2143	N970DL	LGA	MIA	158	1096	9	0	2013-01-01 09:00:00
2013	1	1	856	855	1	1140	1203	-23	UA	1296	N75426	EWR	PBI	150	1023	8	55	2013-01-01 08:00:00
2013	1	1	857	900	-3	1516	1530	-14	HA	51	N380HA	JFK	HNL	659	4983	9	0	2013-01-01 09:00:00
2013	1	1	857	905	-8	1107	1120	-13	DL	181	N321NB	LGA	DTW	110	502	9	5	2013-01-01 09:00:00
2013	1	1	857	900	-3	1124	1133	-9	DL	485	N371NB	EWR	ATL	125	746	9	0	2013-01-01 09:00:00
2013	1	1	857	851	6	1157	1222	-25	UA	1670	N45440	EWR	SEA	343	2402	8	51	2013-01-01 08:00:00
2013	1	1	858	900	-2	1102	1110	-8	MQ	4478	N737MQ	LGA	DTW	103	502	9	0	2013-01-01 09:00:00
2013	1	1	859	900	-1	1140	1204	-24	DL	1885	N360NB	LGA	MCO	140	950	9	0	2013-01-01 09:00:00
2013	1	1	859	900	-1	1223	1225	-2	VX	407	N846VA	JFK	LAX	359	2475	9	0	2013-01-01 09:00:00
2013	1	1	900	900	0	1211	1203	8	UA	1170	N19130	EWR	FLL	161	1065	9	0	2013-01-01 09:00:00
2013	1	1	902	903	-1	1048	1045	3	UA	580	N820UA	EWR	ORD	145	719	9	3	2013-01-01 09:00:00
2013	1	1	903	820	43	1045	955	50	MQ	4655	N532MQ	LGA	BNA	142	764	8	20	2013-01-01 08:00:00
2013	1	1	904	906	-2	1207	1226	-19	UA	1401	N77525	EWR	MIA	158	1085	9	6	2013-01-01 09:00:00
2013	1	1	905	905	0	1309	1229	40	B6	1061	N281JB	JFK	AUS	263	1521	9	5	2013-01-01 09:00:00
2013	1	1	906	843	23	1134	1125	9	UA	1643	N17139	EWR	DEN	246	1605	8	43	2013-01-01 08:00:00
2013	1	1	908	910	-2	1020	1027	-7	B6	56	N203JB	JFK	BTV	52	266	9	10	2013-01-01 09:00:00
2013	1	1	908	915	-7	1004	1033	-29	US	1467	N959UW	LGA	PHL	32	96	9	15	2013-01-01 09:00:00
2013	1	1	908	908	0	1228	1219	9	UA	1220	N12216	EWR	IAH	233	1400	9	8	2013-01-01 09:00:00
2013	1	1	909	810	59	1331	1315	16	AA	655	N5EXAA	JFK	STT	184	1623	8	10	2013-01-01 08:00:00
2013	1	1	912	900	12	1241	1220	21	AA	647	N5CRAA	JFK	MIA	166	1089	9	0	2013-01-01 09:00:00
2013	1	1	912	906	6	1219	1226	-7	UA	1601	N38403	EWR	MIA	159	1085	9	6	2013-01-01 09:00:00
2013	1	1	913	918	-5	1346	1416	-30	UA	1519	N24715	EWR	STT	189	1634	9	18	2013-01-01 09:00:00
2013	1	1	914	920	-6	1244	1240	4	AA	1589	N517AA	EWR	DFW	238	1372	9	20	2013-01-01 09:00:00
2013	1	1	914	900	14	1058	1043	15	UA	783	N810UA	EWR	CLE	85	404	9	0	2013-01-01 09:00:00
2013	1	1	917	920	-3	1313	1245	28	AA	721	N596AA	LGA	DFW	258	1389	9	20	2013-01-01 09:00:00
2013	1	1	917	915	2	1206	1211	-5	B6	41	N568JB	JFK	MCO	145	944	9	15	2013-01-01 09:00:00
2013	1	1	917	920	-3	1052	1108	-16	B6	1103	N216JB	JFK	RDU	80	427	9	20	2013-01-01 09:00:00
2013	1	1	920	905	15	1039	1025	14	B6	1305	N346JB	JFK	IAD	52	228	9	5	2013-01-01 09:00:00
2013	1	1	920	920	0	1152	1125	27	MQ	4582	N527MQ	LGA	CLT	92	544	9	20	2013-01-01 09:00:00
2013	1	1	921	900	21	1237	1227	10	DL	120	N713TW	JFK	LAX	333	2475	9	0	2013-01-01 09:00:00
2013	1	1	923	919	4	1026	1030	-4	B6	1004	N580JB	JFK	BOS	38	187	9	19	2013-01-01 09:00:00
2013	1	1	926	929	-3	1404	1421	-17	B6	215	N775JB	EWR	SJU	191	1608	9	29	2013-01-01 09:00:00
2013	1	1	926	922	4	1221	1219	2	B6	57	N534JB	JFK	PBI	151	1028	9	22	2013-01-01 09:00:00
2013	1	1	926	928	-2	1233	1220	13	UA	1597	N27733	EWR	EGE	287	1726	9	28	2013-01-01 09:00:00
2013	1	1	927	930	-3	1231	1257	-26	DL	1335	N951DL	LGA	RSW	166	1080	9	30	2013-01-01 09:00:00
2013	1	1	929	929	0	1028	1042	-14	EV	4636	N11551	EWR	DCA	43	199	9	29	2013-01-01 09:00:00
2013	1	1	929	925	4	1220	1150	30	WN	766	N957WN	EWR	DEN	264	1605	9	25	2013-01-01 09:00:00
2013	1	1	930	905	25	1218	1209	9	UA	1148	N57439	EWR	TPA	149	997	9	5	2013-01-01 09:00:00
2013	1	1	931	930	1	1237	1238	-1	B6	375	N508JB	LGA	FLL	161	1076	9	30	2013-01-01 09:00:00
2013	1	1	931	930	1	1121	1108	13	UA	255	N479UA	LGA	ORD	154	733	9	30	2013-01-01 09:00:00
2013	1	1	932	930	2	1219	1225	-6	VX	251	N641VA	JFK	LAS	324	2248	9	30	2013-01-01 09:00:00
2013	1	1	933	937	-4	1057	1102	-5	B6	4	N503JB	JFK	BUF	66	301	9	37	2013-01-01 09:00:00
2013	1	1	933	904	29	1252	1210	42	B6	17	N579JB	JFK	FLL	170	1069	9	4	2013-01-01 09:00:00
2013	1	1	933	935	-2	1120	1105	15	WN	3895	N487WN	LGA	MDW	145	725	9	35	2013-01-01 09:00:00
2013	1	1	936	940	-4	1235	1251	-16	DL	2137	N975DL	LGA	TPA	159	1010	9	40	2013-01-01 09:00:00
2013	1	1	936	945	-9	1257	1309	-12	DL	1903	N900DE	LGA	SRQ	169	1047	9	45	2013-01-01 09:00:00
2013	1	1	937	940	-3	1238	1235	3	B6	361	N615JB	LGA	PBI	154	1035	9	40	2013-01-01 09:00:00
2013	1	1	937	940	-3	1127	1120	7	WN	1807	N729SW	LGA	MKE	143	738	9	40	2013-01-01 09:00:00
2013	1	1	940	945	-5	1119	1130	-11	AA	319	N4WJAA	LGA	ORD	133	733	9	45	2013-01-01 09:00:00
2013	1	1	940	955	-15	1226	1220	6	MQ	4654	N525MQ	LGA	ATL	129	762	9	55	2013-01-01 09:00:00
2013	1	1	941	945	-4	1300	1258	2	B6	679	N806JB	JFK	LAX	352	2475	9	45	2013-01-01 09:00:00
2013	1	1	946	959	-13	1146	1202	-16	EV	4175	N15912	EWR	AVL	105	583	9	59	2013-01-01 09:00:00
2013	1	1	947	953	-6	1053	1110	-17	B6	600	N306JB	JFK	PWM	47	273	9	53	2013-01-01 09:00:00
2013	1	1	950	954	-4	1155	1142	13	EV	4681	N12567	EWR	STL	170	872	9	54	2013-01-01 09:00:00
2013	1	1	953	959	-6	1141	1129	12	MQ	4670	N6EAMQ	LGA	BNA	144	764	9	59	2013-01-01 09:00:00
2013	1	1	953	921	32	1320	1241	39	UA	222	N586UA	EWR	LAX	346	2454	9	21	2013-01-01 09:00:00
2013	1	1	955	1000	-5	1336	1325	11	US	75	N642AW	EWR	PHX	324	2133	10	0	2013-01-01 10:00:00
2013	1	1	956	1000	-4	1241	1241	0	DL	1847	N956DL	LGA	ATL	129	762	10	0	2013-01-01 10:00:00
2013	1	1	957	733	144	1056	853	123	UA	856	N534UA	EWR	BOS	37	200	7	33	2013-01-01 07:00:00
2013	1	1	959	1002	-3	1313	1319	-6	DL	2379	N965DL	LGA	FLL	151	1076	10	2	2013-01-01 10:00:00
2013	1	1	959	1000	-1	1151	1206	-15	US	1177	N765US	LGA	CLT	90	544	10	0	2013-01-01 10:00:00
2013	1	1	1003	1010	-7	1255	1320	-25	B6	503	N565JB	EWR	FLL	152	1065	10	10	2013-01-01 10:00:00
2013	1	1	1003	959	4	1408	1329	39	US	196	N541UW	JFK	PHX	342	2153	9	59	2013-01-01 09:00:00
2013	1	1	1005	1000	5	1239	1234	5	UA	1625	N81449	EWR	DEN	254	1605	10	0	2013-01-01 10:00:00
2013	1	1	1007	1010	-3	1147	1140	7	MQ	3795	N503MQ	EWR	ORD	131	719	10	10	2013-01-01 10:00:00
2013	1	1	1009	1015	-6	1219	1229	-10	DL	2319	N933DL	LGA	MSP	160	1020	10	15	2013-01-01 10:00:00
2013	1	1	1010	1015	-5	1204	1210	-6	US	1103	N162UW	EWR	CLT	90	529	10	15	2013-01-01 10:00:00
2013	1	1	1010	1015	-5	1225	1214	11	US	1441	N712US	JFK	CLT	97	541	10	15	2013-01-01 10:00:00
2013	1	1	1011	1001	10	1133	1128	5	EV	5736	N820AS	LGA	IAD	59	229	10	1	2013-01-01 10:00:00
2013	1	1	1011	1015	-4	1246	1307	-21	DL	1529	N399DA	JFK	LAS	320	2248	10	15	2013-01-01 10:00:00
2013	1	1	1021	1023	-2	1254	1252	2	FL	347	N942AT	LGA	ATL	129	762	10	23	2013-01-01 10:00:00
2013	1	1	1024	1029	-5	1140	1150	-10	EV	4709	N14905	EWR	BUF	59	282	10	29	2013-01-01 10:00:00
2013	1	1	1024	1030	-6	1204	1215	-11	MQ	4471	N719MQ	LGA	RDU	78	431	10	30	2013-01-01 10:00:00
2013	1	1	1025	1020	5	1356	1330	26	AA	731	N3FXAA	LGA	DFW	247	1389	10	20	2013-01-01 10:00:00
2013	1	1	1025	951	34	1258	1302	-4	UA	501	N437UA	EWR	MCO	137	937	9	51	2013-01-01 09:00:00
2013	1	1	1026	1030	-4	1351	1340	11	AA	19	N328AA	JFK	LAX	356	2475	10	30	2013-01-01 10:00:00
2013	1	1	1028	1026	2	1350	1339	11	UA	1004	N76508	LGA	IAH	237	1416	10	26	2013-01-01 10:00:00
2013	1	1	1029	1030	-1	1427	1355	32	AA	179	N325AA	JFK	SFO	389	2586	10	30	2013-01-01 10:00:00
2013	1	1	1030	1035	-5	1229	1246	-17	EV	4277	N11189	EWR	CHS	100	628	10	35	2013-01-01 10:00:00
2013	1	1	1031	1030	1	1353	1415	-22	VX	23	N625VA	JFK	SFO	363	2586	10	30	2013-01-01 10:00:00
2013	1	1	1031	1030	1	1323	1334	-11	UA	1294	N77258	EWR	FLL	157	1065	10	30	2013-01-01 10:00:00
2013	1	1	1032	1035	-3	1305	1250	15	EV	4180	N13955	EWR	IND	135	645	10	35	2013-01-01 10:00:00
2013	1	1	1033	1017	16	1130	1136	-6	UA	779	N849UA	EWR	BOS	42	200	10	17	2013-01-01 10:00:00
2013	1	1	1037	1030	7	1221	1210	11	AA	321	N581AA	LGA	ORD	133	733	10	30	2013-01-01 10:00:00
2013	1	1	1038	1030	8	1223	1202	21	UA	985	N423UA	EWR	ORD	149	719	10	30	2013-01-01 10:00:00
2013	1	1	1042	1040	2	1325	1326	-1	B6	31	N529JB	JFK	MCO	142	944	10	40	2013-01-01 10:00:00
2013	1	1	1044	1045	-1	1231	1212	19	EV	4322	N15555	EWR	MKE	151	725	10	45	2013-01-01 10:00:00
2013	1	1	1044	1045	-1	1352	1351	1	UA	455	N667UA	EWR	IAH	229	1400	10	45	2013-01-01 10:00:00
2013	1	1	1044	1041	3	1339	1350	-11	UA	1060	N76503	EWR	RSW	157	1068	10	41	2013-01-01 10:00:00
2013	1	1	1047	1055	-8	1359	1405	-6	AA	739	N3AVAA	LGA	DFW	230	1389	10	55	2013-01-01 10:00:00
2013	1	1	1047	1050	-3	1401	1410	-9	DL	1275	N3748Y	JFK	SLC	295	1990	10	50	2013-01-01 10:00:00
2013	1	1	1048	1050	-2	1302	1250	12	MQ	4589	N537MQ	LGA	DTW	112	502	10	50	2013-01-01 10:00:00
2013	1	1	1053	1050	3	1402	1358	4	B6	373	N520JB	LGA	FLL	165	1076	10	50	2013-01-01 10:00:00
2013	1	1	1054	1059	-5	1326	1339	-13	DL	1647	N920DE	LGA	ATL	129	762	10	59	2013-01-01 10:00:00
2013	1	1	1056	1059	-3	1203	1209	-6	EV	4479	N11544	EWR	PWM	51	284	10	59	2013-01-01 10:00:00
2013	1	1	1056	1100	-4	1407	1413	-6	DL	2185	N917DL	LGA	TPA	158	1010	11	0	2013-01-01 11:00:00
2013	1	1	1058	1100	-2	1210	1216	-6	US	2171	N951UW	LGA	DCA	50	214	11	0	2013-01-01 11:00:00
2013	1	1	1059	1100	-1	1201	1215	-14	WN	321	N505SW	LGA	BWI	43	185	11	0	2013-01-01 11:00:00
2013	1	1	1059	1100	-1	1210	1215	-5	MQ	3792	N509MQ	JFK	DCA	50	213	11	0	2013-01-01 11:00:00
2013	1	1	1059	1053	6	1342	1351	-9	UA	369	N451UA	EWR	LAS	325	2227	10	53	2013-01-01 10:00:00
2013	1	1	1101	1043	18	1345	1332	13	B6	545	N630JB	EWR	PBI	145	1023	10	43	2013-01-01 10:00:00
2013	1	1	1103	1100	3	1410	1421	-11	DL	2071	N339NW	LGA	MIA	155	1096	11	0	2013-01-01 11:00:00
2013	1	1	1105	1047	18	1428	1405	23	UA	688	N521UA	EWR	SFO	356	2565	10	47	2013-01-01 10:00:00
2013	1	1	1107	1115	-8	1305	1310	-5	MQ	4485	N730MQ	LGA	CMH	95	479	11	15	2013-01-01 11:00:00
2013	1	1	1109	1115	-6	1402	1425	-23	AA	2099	N3GSAA	LGA	MIA	157	1096	11	15	2013-01-01 11:00:00
2013	1	1	1111	1115	-4	1222	1226	-4	B6	24	N279JB	JFK	BTV	52	266	11	15	2013-01-01 11:00:00
2013	1	1	1112	1100	12	1440	1438	2	UA	285	N517UA	JFK	SFO	364	2586	11	0	2013-01-01 11:00:00
2013	1	1	1113	1115	-2	1318	1315	3	DL	1031	N320NB	LGA	DTW	104	502	11	15	2013-01-01 11:00:00
2013	1	1	1114	900	134	1447	1222	145	UA	1086	N76502	LGA	IAH	248	1416	9	0	2013-01-01 09:00:00
2013	1	1	1120	944	96	1331	1213	78	EV	4495	N16561	EWR	SAV	117	708	9	44	2013-01-01 09:00:00
2013	1	1	1120	1125	-5	1330	1325	5	WN	1057	N469WN	LGA	STL	176	888	11	25	2013-01-01 11:00:00
2013	1	1	1123	1110	13	1410	1336	34	UA	405	N587UA	LGA	DEN	256	1620	11	10	2013-01-01 11:00:00
2013	1	1	1124	1100	24	1435	1431	4	B6	641	N590JB	JFK	SFO	349	2586	11	0	2013-01-01 11:00:00
2013	1	1	1124	1125	-1	1445	1445	0	DL	1171	N376NW	LGA	RSW	169	1080	11	25	2013-01-01 11:00:00
2013	1	1	1125	1130	-5	1325	1332	-7	US	1085	N169UW	LGA	CLT	94	544	11	30	2013-01-01 11:00:00
2013	1	1	1127	1129	-2	1303	1309	-6	EV	4294	N14180	EWR	RDU	73	416	11	29	2013-01-01 11:00:00
2013	1	1	1127	1130	-3	1504	1448	16	UA	703	N518UA	JFK	LAX	357	2475	11	30	2013-01-01 11:00:00
2013	1	1	1127	1129	-2	1421	1425	-4	UA	1143	N14118	EWR	PBI	156	1023	11	29	2013-01-01 11:00:00
2013	1	1	1128	1129	-1	1422	1437	-15	UA	987	N496UA	EWR	TPA	156	997	11	29	2013-01-01 11:00:00
2013	1	1	1130	1125	5	1301	1305	-4	AA	327	N3DEAA	LGA	ORD	127	733	11	25	2013-01-01 11:00:00
2013	1	1	1130	1131	-1	1345	1342	3	DL	2219	N343NB	LGA	MSP	166	1020	11	31	2013-01-01 11:00:00
2013	1	1	1132	1135	-3	1324	1330	-6	MQ	4553	N856MQ	LGA	CLE	89	419	11	35	2013-01-01 11:00:00
2013	1	1	1133	1129	4	1440	1437	3	B6	133	N652JB	JFK	RSW	168	1074	11	29	2013-01-01 11:00:00
2013	1	1	1133	1130	3	1448	1450	-2	VX	409	N839VA	JFK	LAX	347	2475	11	30	2013-01-01 11:00:00
2013	1	1	1135	1140	-5	1429	1445	-16	AA	1623	N3EYAA	EWR	MIA	156	1085	11	40	2013-01-01 11:00:00
2013	1	1	1137	1140	-3	1445	1451	-6	DL	2175	N999DN	LGA	PBI	153	1035	11	40	2013-01-01 11:00:00
2013	1	1	1143	1145	-2	1512	1507	5	UA	1010	N39726	EWR	SNA	371	2434	11	45	2013-01-01 11:00:00
2013	1	1	1144	1145	-1	1422	1411	11	EV	4876	N695CA	EWR	ATL	126	746	11	45	2013-01-01 11:00:00
2013	1	1	1147	1155	-8	1335	1327	8	FL	353	N932AT	LGA	CAK	82	397	11	55	2013-01-01 11:00:00
2013	1	1	1150	1156	-6	1302	1314	-12	EV	4693	N21144	EWR	SYR	46	195	11	56	2013-01-01 11:00:00
2013	1	1	1153	1159	-6	1350	1341	9	EV	4275	N29917	EWR	CMH	95	463	11	59	2013-01-01 11:00:00
2013	1	1	1153	1123	30	1454	1425	29	B6	1	N552JB	JFK	FLL	167	1069	11	23	2013-01-01 11:00:00
2013	1	1	1153	1200	-7	1450	1529	-39	DL	863	N712TW	JFK	LAX	330	2475	12	0	2013-01-01 12:00:00
2013	1	1	1154	1200	-6	1253	1306	-13	B6	1174	N206JB	EWR	BOS	40	200	12	0	2013-01-01 12:00:00
2013	1	1	1154	1200	-6	1452	1430	22	MQ	4658	N8EGMQ	LGA	ATL	141	762	12	0	2013-01-01 12:00:00
2013	1	1	1155	1200	-5	1517	1510	7	AA	3	N322AA	JFK	LAX	353	2475	12	0	2013-01-01 12:00:00
2013	1	1	1155	1200	-5	1507	1519	-12	DL	1443	N969DL	LGA	FLL	160	1076	12	0	2013-01-01 12:00:00
2013	1	1	1155	1200	-5	1441	1440	1	DL	1947	N904DL	LGA	ATL	133	762	12	0	2013-01-01 12:00:00
2013	1	1	1155	1200	-5	1312	1315	-3	MQ	4425	N846MQ	JFK	DCA	57	213	12	0	2013-01-01 12:00:00
2013	1	1	1157	1158	-1	1310	1315	-5	EV	4511	N16546	EWR	ROC	50	246	11	58	2013-01-01 11:00:00
2013	1	1	1157	1205	-8	1342	1345	-3	MQ	4431	N723MQ	LGA	RDU	80	431	12	5	2013-01-01 12:00:00
2013	1	1	1157	1200	-3	1452	1456	-4	UA	1197	N13113	EWR	MCO	151	937	12	0	2013-01-01 12:00:00
2013	1	1	1158	1205	-7	1530	1520	10	AA	743	N426AA	LGA	DFW	248	1389	12	5	2013-01-01 12:00:00
2013	1	1	1158	1200	-2	1256	1300	-4	WN	1568	N783SW	EWR	BWI	38	169	12	0	2013-01-01 12:00:00
2013	1	1	1158	1200	-2	1338	1331	7	UA	701	N588UA	LGA	ORD	142	733	12	0	2013-01-01 12:00:00
2013	1	1	1200	1200	0	1408	1356	12	US	1443	N755US	JFK	CLT	102	541	12	0	2013-01-01 12:00:00
2013	1	1	1202	1207	-5	1318	1314	4	EV	4347	N11536	EWR	BTV	51	266	12	7	2013-01-01 12:00:00
2013	1	1	1202	1159	3	1645	1653	-8	UA	1663	N38403	EWR	SJU	187	1608	11	59	2013-01-01 11:00:00
2013	1	1	1203	1205	-2	1501	1437	24	EV	3850	N13978	EWR	ATL	142	746	12	5	2013-01-01 12:00:00
2013	1	1	1203	1200	3	1519	1545	-26	VX	25	N843VA	JFK	SFO	353	2586	12	0	2013-01-01 12:00:00
2013	1	1	1204	1200	4	1500	1448	12	B6	523	N612JB	EWR	MCO	139	937	12	0	2013-01-01 12:00:00
2013	1	1	1205	1200	5	1503	1505	-2	UA	1461	N39418	EWR	IAH	221	1400	12	0	2013-01-01 12:00:00
2013	1	1	1206	1209	-3	1325	1328	-3	EV	4216	N14168	EWR	BUF	59	282	12	9	2013-01-01 12:00:00
2013	1	1	1208	1158	10	1540	1502	38	B6	625	N239JB	JFK	HOU	253	1428	11	58	2013-01-01 11:00:00
2013	1	1	1211	1215	-4	1423	1413	10	EV	4135	N21537	EWR	CLT	102	529	12	15	2013-01-01 12:00:00
2013	1	1	1217	1220	-3	1414	1350	24	MQ	3697	N517MQ	EWR	ORD	143	719	12	20	2013-01-01 12:00:00
2013	1	1	1217	1218	-1	1525	1529	-4	UA	391	N573UA	EWR	SFO	345	2565	12	18	2013-01-01 12:00:00
2013	1	1	1219	1220	-1	1415	1415	0	AA	1757	N545AA	LGA	STL	161	888	12	20	2013-01-01 12:00:00
2013	1	1	1219	1225	-6	1451	1500	-9	DL	1715	N342NB	LGA	MSY	195	1183	12	25	2013-01-01 12:00:00
2013	1	1	1220	1220	0	1403	1340	23	WN	133	N254WN	EWR	MDW	142	711	12	20	2013-01-01 12:00:00
2013	1	1	1222	1159	23	1512	1429	43	EV	4679	N14916	EWR	JAX	131	820	11	59	2013-01-01 11:00:00
2013	1	1	1222	1229	-7	1520	1526	-6	B6	27	N192JB	JFK	TPA	160	1005	12	29	2013-01-01 12:00:00
2013	1	1	1228	1224	4	1631	1604	27	UA	1114	N38459	EWR	PHX	339	2133	12	24	2013-01-01 12:00:00
2013	1	1	1230	1235	-5	1440	1438	2	EV	5311	N741EV	EWR	DTW	108	488	12	35	2013-01-01 12:00:00
2013	1	1	1231	1238	-7	1449	1446	3	DL	1131	N920DL	LGA	DTW	108	502	12	38	2013-01-01 12:00:00
2013	1	1	1231	1229	2	1523	1529	-6	UA	428	N402UA	EWR	FLL	156	1065	12	29	2013-01-01 12:00:00
2013	1	1	1237	1245	-8	1340	1350	-10	AA	1850	N3EGAA	JFK	BOS	40	187	12	45	2013-01-01 12:00:00
2013	1	1	1238	1240	-2	1410	1405	5	WN	564	N297WN	LGA	MKE	137	738	12	40	2013-01-01 12:00:00
2013	1	1	1240	1229	11	1451	1428	23	EV	4118	N14543	EWR	DTW	114	488	12	29	2013-01-01 12:00:00
2013	1	1	1240	1245	-5	1554	1600	-6	AA	2253	N3BUAA	LGA	MIA	156	1096	12	45	2013-01-01 12:00:00
2013	1	1	1240	1235	5	1415	1415	0	MQ	4404	N828MQ	JFK	RDU	79	427	12	35	2013-01-01 12:00:00
2013	1	1	1241	1247	-6	1342	1355	-13	EV	4129	N36915	EWR	DCA	45	199	12	47	2013-01-01 12:00:00
2013	1	1	1245	1245	0	1616	1615	1	DL	2174	N711ZX	JFK	SLC	298	1990	12	45	2013-01-01 12:00:00
2013	1	1	1245	1249	-4	1722	1800	-38	DL	315	N670DN	JFK	SJU	188	1598	12	49	2013-01-01 12:00:00
2013	1	1	1246	1225	21	1424	1348	36	B6	66	N228JB	JFK	BUF	70	301	12	25	2013-01-01 12:00:00
2013	1	1	1248	1250	-2	1607	1607	0	UA	1280	N26210	LGA	IAH	238	1416	12	50	2013-01-01 12:00:00
2013	1	1	1251	1252	-1	1611	1555	16	B6	85	N657JB	JFK	FLL	173	1069	12	52	2013-01-01 12:00:00
2013	1	1	1252	1245	7	1624	1550	34	AA	745	N3FTAA	LGA	DFW	243	1389	12	45	2013-01-01 12:00:00
2013	1	1	1253	1212	41	1524	1436	48	UA	754	N576UA	EWR	DEN	252	1605	12	12	2013-01-01 12:00:00
2013	1	1	1255	1300	-5	1541	1537	4	DL	781	N644DL	LGA	ATL	132	762	13	0	2013-01-01 13:00:00
2013	1	1	1255	1255	0	1540	1535	5	WN	1251	N732SW	LGA	DEN	264	1620	12	55	2013-01-01 12:00:00
2013	1	1	1255	1200	55	1451	1330	81	MQ	4601	N518MQ	LGA	BNA	139	764	12	0	2013-01-01 12:00:00
2013	1	1	1255	1259	-4	1501	1502	-1	US	1459	N540UW	LGA	CLT	100	544	12	59	2013-01-01 12:00:00
2013	1	1	1255	1300	-5	1401	1409	-8	US	2128	N957UW	LGA	BOS	38	184	13	0	2013-01-01 13:00:00
2013	1	1	1257	1258	-1	1601	1610	-9	B6	209	N793JB	JFK	LGB	346	2465	12	58	2013-01-01 12:00:00
2013	1	1	1257	1300	-3	1454	1450	4	MQ	4426	N739MQ	LGA	CMH	97	479	13	0	2013-01-01 13:00:00
2013	1	1	1258	1308	-10	1532	1537	-5	FL	348	N717JL	LGA	ATL	128	762	13	8	2013-01-01 13:00:00
2013	1	1	1258	1300	-2	1459	1440	19	AA	329	N511AA	LGA	ORD	147	733	13	0	2013-01-01 13:00:00
2013	1	1	1301	1240	21	1633	1540	53	AA	1853	N544AA	EWR	DFW	252	1372	12	40	2013-01-01 12:00:00
2013	1	1	1301	1150	71	1518	1345	93	MQ	4646	N542MQ	LGA	MSP	170	1020	11	50	2013-01-01 11:00:00
2013	1	1	1301	1255	6	1629	1603	26	UA	765	N825UA	EWR	DFW	243	1372	12	55	2013-01-01 12:00:00
2013	1	1	1302	1259	3	1402	1404	-2	B6	1006	N273JB	JFK	BOS	40	187	12	59	2013-01-01 12:00:00
2013	1	1	1302	1300	2	1553	1601	-8	UA	1435	N78511	EWR	MIA	158	1085	13	0	2013-01-01 13:00:00
2013	1	1	1304	1227	37	1518	1422	56	EV	4640	N19966	EWR	DAY	107	533	12	27	2013-01-01 12:00:00
2013	1	1	1304	1259	5	1430	1418	12	B6	32	N346JB	JFK	ROC	65	264	12	59	2013-01-01 12:00:00
2013	1	1	1305	1315	-10	1523	1520	3	MQ	4564	N725MQ	LGA	DTW	102	502	13	15	2013-01-01 13:00:00
2013	1	1	1306	1240	26	1622	1555	27	AA	2041	N5DMAA	JFK	MIA	163	1089	12	40	2013-01-01 12:00:00
2013	1	1	1306	1300	6	1622	1610	12	WN	2596	N773SA	EWR	HOU	239	1411	13	0	2013-01-01 13:00:00
2013	1	1	1310	1300	10	1559	1554	5	B6	991	N593JB	JFK	PBI	150	1028	13	0	2013-01-01 13:00:00
2013	1	1	1314	1315	-1	1507	1505	2	US	1615	N177US	EWR	CLT	95	529	13	15	2013-01-01 13:00:00
2013	1	1	1315	1317	-2	1413	1423	-10	EV	4112	N13538	EWR	ALB	33	143	13	17	2013-01-01 13:00:00
2013	1	1	1316	1314	2	1412	1415	-3	EV	4340	N11551	EWR	BWI	38	169	13	14	2013-01-01 13:00:00
2013	1	1	1317	1325	-8	1454	1505	-11	MQ	4475	N711MQ	LGA	RDU	80	431	13	25	2013-01-01 13:00:00
2013	1	1	1318	1322	-4	1358	1416	-18	EV	4106	N19554	EWR	BDL	25	116	13	22	2013-01-01 13:00:00
2013	1	1	1320	1315	5	1602	1605	-3	B6	393	N537JB	LGA	MCO	140	950	13	15	2013-01-01 13:00:00
2013	1	1	1320	1320	0	1625	1636	-11	UA	1425	N58101	EWR	LAX	334	2454	13	20	2013-01-01 13:00:00
2013	1	1	1323	1300	23	1651	1608	43	DL	1185	N3736C	EWR	SLC	295	1969	13	0	2013-01-01 13:00:00
2013	1	1	1325	1330	-5	1606	1605	1	DL	2043	N318US	JFK	ATL	131	760	13	30	2013-01-01 13:00:00
2013	1	1	1327	1330	-3	1638	1655	-17	VX	411	N642VA	JFK	LAX	352	2475	13	30	2013-01-01 13:00:00
2013	1	1	1327	1329	-2	1624	1629	-5	UA	906	N847UA	EWR	FLL	157	1065	13	29	2013-01-01 13:00:00
2013	1	1	1330	1321	9	1613	1536	37	EV	3849	N14558	EWR	IND	149	645	13	21	2013-01-01 13:00:00
2013	1	1	1333	1335	-2	1608	1608	0	B6	615	N306JB	JFK	JAX	134	828	13	35	2013-01-01 13:00:00
2013	1	1	1336	1340	-4	1508	1500	8	EV	4665	N13988	EWR	PIT	69	319	13	40	2013-01-01 13:00:00
2013	1	1	1337	1220	77	1649	1531	78	B6	673	N636JB	JFK	LAX	352	2475	12	20	2013-01-01 12:00:00
2013	1	1	1339	1345	-6	1642	1705	-23	AA	1073	N3EMAA	LGA	MIA	161	1096	13	45	2013-01-01 13:00:00
2013	1	1	1339	1335	4	1654	1631	23	B6	431	N510JB	LGA	SRQ	170	1047	13	35	2013-01-01 13:00:00
2013	1	1	1341	1345	-4	1709	1705	4	AA	117	N339AA	JFK	LAX	362	2475	13	45	2013-01-01 13:00:00
2013	1	1	1342	1320	22	1617	1504	73	EV	3832	N13969	EWR	STL	194	872	13	20	2013-01-01 13:00:00
2013	1	1	1343	1330	13	1658	1640	18	AA	753	N3CFAA	LGA	DFW	235	1389	13	30	2013-01-01 13:00:00
2013	1	1	1344	1344	0	2005	1944	21	UA	15	N76065	EWR	HNL	656	4963	13	44	2013-01-01 13:00:00
2013	1	1	1346	1330	16	1736	1710	26	WN	2335	N900WN	EWR	PHX	334	2133	13	30	2013-01-01 13:00:00
2013	1	1	1350	1329	21	1504	1453	11	EV	4254	N14542	EWR	BUF	57	282	13	29	2013-01-01 13:00:00
2013	1	1	1350	1355	-5	1456	1510	-14	B6	602	N216JB	JFK	PWM	49	273	13	55	2013-01-01 13:00:00
2013	1	1	1351	1355	-4	1446	1459	-13	EV	4434	N13566	EWR	MHT	37	209	13	55	2013-01-01 13:00:00
2013	1	1	1353	1357	-4	1549	1525	24	EV	4171	N14105	EWR	MSN	152	799	13	57	2013-01-01 13:00:00
2013	1	1	1354	1356	-2	1556	1600	-4	EV	4370	N23139	EWR	CHS	102	628	13	56	2013-01-01 13:00:00
2013	1	1	1354	1359	-5	1452	1514	-22	DL	2068	N344NB	JFK	BOS	37	187	13	59	2013-01-01 13:00:00
2013	1	1	1355	1315	40	1538	1452	46	EV	4552	N13958	EWR	GSO	86	445	13	15	2013-01-01 13:00:00
2013	1	1	1355	1356	-1	1646	1650	-4	B6	1783	N709JB	JFK	MCO	144	944	13	56	2013-01-01 13:00:00
2013	1	1	1355	1350	5	1537	1515	22	WN	2162	N7704B	LGA	MDW	141	725	13	50	2013-01-01 13:00:00
2013	1	1	1356	1350	6	1612	1545	27	MQ	4577	N513MQ	LGA	CLT	98	544	13	50	2013-01-01 13:00:00
2013	1	1	1356	1259	57	1538	1438	60	UA	32	N17128	EWR	ORD	135	719	12	59	2013-01-01 12:00:00
2013	1	1	1356	1354	2	1537	1526	11	UA	617	N840UA	LGA	ORD	146	733	13	54	2013-01-01 13:00:00
2013	1	1	1356	1350	6	1659	1640	19	UA	1258	N26906	EWR	IAH	218	1400	13	50	2013-01-01 13:00:00
2013	1	1	1358	1350	8	1742	1715	27	US	688	N654AW	EWR	PHX	318	2133	13	50	2013-01-01 13:00:00
2013	1	1	1400	1250	70	1645	1502	103	EV	4869	N748EV	LGA	MEM	178	963	12	50	2013-01-01 12:00:00
2013	1	1	1400	1400	0	1634	1636	-2	DL	2247	N6704Z	LGA	ATL	130	762	14	0	2013-01-01 14:00:00
2013	1	1	1402	1323	39	1650	1526	84	EV	4516	N13123	EWR	MEM	183	946	13	23	2013-01-01 13:00:00
2013	1	1	1408	1411	-3	1646	1640	6	FL	349	N895AT	LGA	ATL	133	762	14	11	2013-01-01 14:00:00
2013	1	1	1411	1315	56	1717	1611	66	B6	505	N516JB	EWR	FLL	154	1065	13	15	2013-01-01 13:00:00
2013	1	1	1416	1411	5	1603	1549	14	UA	683	N456UA	EWR	ORD	136	719	14	11	2013-01-01 14:00:00
2013	1	1	1418	1419	-1	1726	1732	-6	UA	16	N37464	EWR	SEA	348	2402	14	19	2013-01-01 14:00:00
2013	1	1	1419	1420	-1	1557	1550	7	MQ	3728	N500MQ	EWR	ORD	136	719	14	20	2013-01-01 14:00:00
2013	1	1	1421	1422	-1	1517	1535	-18	B6	1010	N274JB	JFK	BOS	38	187	14	22	2013-01-01 14:00:00
2013	1	1	1421	1355	26	1735	1709	26	B6	83	N503JB	JFK	SEA	349	2422	13	55	2013-01-01 13:00:00
2013	1	1	1421	1430	-9	1724	1752	-28	DL	1531	N327NW	LGA	RSW	160	1080	14	30	2013-01-01 14:00:00
2013	1	1	1422	1410	12	1613	1555	18	MQ	4491	N737MQ	LGA	CLE	93	419	14	10	2013-01-01 14:00:00
2013	1	1	1422	1425	-3	1748	1759	-11	UA	257	N502UA	JFK	SFO	362	2586	14	25	2013-01-01 14:00:00
2013	1	1	1423	1430	-7	1535	1550	-15	EV	5710	N835AS	LGA	IAD	53	229	14	30	2013-01-01 14:00:00
2013	1	1	1424	1349	35	1701	1556	65	EV	4687	N15574	EWR	CVG	129	569	13	49	2013-01-01 13:00:00
2013	1	1	1424	1420	4	1659	1644	15	EV	4935	N678CA	EWR	ATL	132	746	14	20	2013-01-01 14:00:00
2013	1	1	1428	1329	59	1803	1640	83	B6	355	N635JB	JFK	BUR	371	2465	13	29	2013-01-01 13:00:00
2013	1	1	1430	1359	31	1718	1652	26	UA	278	N563UA	EWR	PBI	149	1023	13	59	2013-01-01 13:00:00
2013	1	1	1430	1430	0	1735	1744	-9	UA	997	N452UA	LGA	IAH	227	1416	14	30	2013-01-01 14:00:00
2013	1	1	1431	1429	2	1727	1722	5	B6	1161	N562JB	LGA	PBI	151	1035	14	29	2013-01-01 14:00:00
2013	1	1	1431	1440	-9	1627	1616	11	UA	601	N849UA	EWR	CLE	91	404	14	40	2013-01-01 14:00:00
2013	1	1	1433	1435	-2	1636	1644	-8	DL	1819	N327NB	LGA	MSP	163	1020	14	35	2013-01-01 14:00:00
2013	1	1	1436	1435	1	1840	1820	20	DL	1322	N722TW	JFK	SFO	375	2586	14	35	2013-01-01 14:00:00
2013	1	1	1439	1445	-6	1558	1613	-15	DL	1972	N319NB	JFK	DCA	56	213	14	45	2013-01-01 14:00:00
2013	1	1	1440	1440	0	1658	1643	15	DL	1231	N926DL	LGA	DTW	94	502	14	40	2013-01-01 14:00:00
2013	1	1	1442	1450	-8	1728	1755	-27	AA	1813	N5FMAA	JFK	MCO	141	944	14	50	2013-01-01 14:00:00
2013	1	1	1443	1444	-1	1600	1602	-2	EV	4292	N13908	EWR	IAD	51	212	14	44	2013-01-01 14:00:00
2013	1	1	1445	1455	-10	1635	1645	-10	AA	337	N4UCAA	LGA	ORD	147	733	14	55	2013-01-01 14:00:00
2013	1	1	1445	1445	0	1729	1710	19	MQ	4669	N532MQ	LGA	ATL	129	762	14	45	2013-01-01 14:00:00
2013	1	1	1446	1455	-9	1803	1825	-22	AA	1769	N5EWAA	JFK	MIA	161	1089	14	55	2013-01-01 14:00:00
2013	1	1	1448	1445	3	1651	1647	4	US	1445	N560UW	LGA	CLT	96	544	14	45	2013-01-01 14:00:00
2013	1	1	1449	1450	-1	1651	1640	11	MQ	4403	N853MQ	JFK	RDU	78	427	14	50	2013-01-01 14:00:00
2013	1	1	1451	1500	-9	1634	1636	-2	9E	4105	N8444F	JFK	IAD	57	228	15	0	2013-01-01 15:00:00
2013	1	1	1452	1455	-3	1637	1639	-2	9E	3295	N920XJ	JFK	BUF	68	301	14	55	2013-01-01 14:00:00
2013	1	1	1452	1457	-5	1753	1811	-18	B6	61	N292JB	JFK	FLL	162	1069	14	57	2013-01-01 14:00:00
2013	1	1	1453	1450	3	1707	1645	22	MQ	4172	N610MQ	JFK	CLE	99	425	14	50	2013-01-01 14:00:00
2013	1	1	1453	1500	-7	1601	1620	-19	US	2179	N951UW	LGA	DCA	51	214	15	0	2013-01-01 15:00:00
2013	1	1	1454	1458	-4	1554	1615	-21	EV	4390	N11544	EWR	PWM	47	284	14	58	2013-01-01 14:00:00
2013	1	1	1454	1500	-6	1635	1636	-1	9E	3843	N8409N	JFK	SYR	57	209	15	0	2013-01-01 15:00:00
2013	1	1	1454	1500	-6	1815	1837	-22	DL	1467	N702TW	JFK	LAX	340	2475	15	0	2013-01-01 15:00:00
2013	1	1	1455	1457	-2	1731	1730	1	B6	119	N279JB	JFK	MSY	192	1182	14	57	2013-01-01 14:00:00
2013	1	1	1455	1459	-4	1655	1645	10	B6	1053	N203JB	JFK	PIT	87	340	14	59	2013-01-01 14:00:00
2013	1	1	1455	1500	-5	1753	1810	-17	DL	1997	N997DL	LGA	PBI	152	1035	15	0	2013-01-01 15:00:00
2013	1	1	1456	1500	-4	1649	1632	17	UA	685	N802UA	LGA	ORD	140	733	15	0	2013-01-01 15:00:00
2013	1	1	1456	1455	1	1830	1813	17	UA	1134	N24212	EWR	AUS	252	1504	14	55	2013-01-01 14:00:00
2013	1	1	1457	1500	-3	1758	1815	-17	UA	379	N401UA	EWR	RSW	166	1068	15	0	2013-01-01 15:00:00
2013	1	1	1457	1500	-3	1652	1656	-4	US	720	N539UW	EWR	CLT	97	529	15	0	2013-01-01 15:00:00
2013	1	1	1458	1500	-2	1658	1655	3	MQ	4429	N736MQ	LGA	CMH	94	479	15	0	2013-01-01 15:00:00
2013	1	1	1459	1501	-2	1651	1651	0	EV	5675	N15572	EWR	CMH	96	463	15	1	2013-01-01 15:00:00
2013	1	1	1459	1454	5	1750	1751	-1	UA	1105	N75435	EWR	TPA	152	997	14	54	2013-01-01 14:00:00
2013	1	1	1500	1459	1	1809	1806	3	B6	377	N633JB	LGA	FLL	167	1076	14	59	2013-01-01 14:00:00
2013	1	1	1502	1500	2	1802	1806	-4	UA	456	N406UA	EWR	FLL	156	1065	15	0	2013-01-01 15:00:00
2013	1	1	1505	1310	115	1638	1431	127	EV	4497	N17984	EWR	RIC	63	277	13	10	2013-01-01 13:00:00
2013	1	1	1505	1510	-5	1654	1655	-1	MQ	4447	N734MQ	LGA	RDU	82	431	15	10	2013-01-01 15:00:00
2013	1	1	1506	1505	1	1838	1820	18	AA	759	N3DUAA	LGA	DFW	248	1389	15	5	2013-01-01 15:00:00
2013	1	1	1506	1512	-6	1723	1741	-18	UA	407	N513UA	LGA	DEN	237	1620	15	12	2013-01-01 15:00:00
2013	1	1	1507	1515	-8	1651	1656	-5	9E	3792	N8631E	JFK	ROC	66	264	15	15	2013-01-01 15:00:00
2013	1	1	1507	1510	-3	1748	1745	3	MQ	4309	N803MQ	JFK	IND	130	665	15	10	2013-01-01 15:00:00
2013	1	1	1508	1450	18	1813	1747	26	UA	1687	N76529	EWR	MCO	146	937	14	50	2013-01-01 14:00:00
2013	1	1	1510	1517	-7	1811	1811	0	B6	537	N563JB	EWR	TPA	156	997	15	17	2013-01-01 15:00:00
2013	1	1	1511	1500	11	1753	1742	11	DL	2347	N678DL	LGA	ATL	135	762	15	0	2013-01-01 15:00:00
2013	1	1	1511	1515	-4	1657	1700	-3	DL	1456	N318NB	LGA	BUF	60	292	15	15	2013-01-01 15:00:00
2013	1	1	1512	1518	-6	1805	1823	-18	B6	153	N645JB	JFK	MCO	142	944	15	18	2013-01-01 15:00:00
2013	1	1	1513	1505	8	1714	1703	11	EV	4223	N13914	EWR	CLT	102	529	15	5	2013-01-01 15:00:00
2013	1	1	1513	1515	-2	1705	1700	5	MQ	4333	N635MQ	JFK	PIT	79	340	15	15	2013-01-01 15:00:00
2013	1	1	1515	1437	38	1834	1742	52	B6	347	N178JB	JFK	SRQ	171	1041	14	37	2013-01-01 14:00:00
2013	1	1	1518	1516	2	1837	1832	5	UA	1699	N53442	EWR	SFO	348	2565	15	16	2013-01-01 15:00:00
2013	1	1	1520	1430	50	1835	1735	60	AA	883	N589AA	EWR	DFW	236	1372	14	30	2013-01-01 14:00:00
2013	1	1	1520	1525	-5	1643	1655	-12	MQ	3823	N509MQ	JFK	DCA	57	213	15	25	2013-01-01 15:00:00
2013	1	1	1520	1520	0	1817	1816	1	UA	1593	N13750	EWR	MCO	152	937	15	20	2013-01-01 15:00:00
2013	1	1	1521	1515	6	1830	1823	7	DL	507	N378NW	LGA	MCO	145	950	15	15	2013-01-01 15:00:00
2013	1	1	1522	1530	-8	1731	1725	6	MQ	4146	N902MQ	JFK	CMH	98	483	15	30	2013-01-01 15:00:00
2013	1	1	1522	1530	-8	1858	1855	3	UA	530	N512UA	JFK	LAX	356	2475	15	30	2013-01-01 15:00:00
2013	1	1	1523	1516	7	1831	1828	3	UA	1600	N18112	EWR	LAX	337	2454	15	16	2013-01-01 15:00:00
2013	1	1	1524	1457	27	1828	1801	27	B6	141	N504JB	JFK	PBI	156	1028	14	57	2013-01-01 14:00:00
2013	1	1	1525	1340	105	1831	1626	125	B6	525	N231JB	EWR	MCO	152	937	13	40	2013-01-01 13:00:00
2013	1	1	1525	1530	-5	1934	1805	NA	MQ	4525	N719MQ	LGA	XNA	NA	1147	15	30	2013-01-01 15:00:00
2013	1	1	1526	1530	-4	1714	1650	24	WN	4105	N280WN	EWR	MDW	141	711	15	30	2013-01-01 15:00:00
2013	1	1	1527	1530	-3	1841	1855	-14	AA	1039	N3HYAA	JFK	FLL	163	1069	15	30	2013-01-01 15:00:00
2013	1	1	1527	1455	32	1655	1628	27	B6	8	N607JB	JFK	BUF	66	301	14	55	2013-01-01 14:00:00
2013	1	1	1527	1533	-6	1836	1857	-21	B6	137	N794JB	JFK	RSW	168	1074	15	33	2013-01-01 15:00:00
2013	1	1	1527	1515	12	1854	1810	44	UA	1695	N69059	EWR	IAH	210	1400	15	15	2013-01-01 15:00:00
2013	1	1	1528	1459	29	2002	1647	NA	EV	3806	N17108	EWR	STL	NA	872	14	59	2013-01-01 14:00:00
2013	1	1	1528	1530	-2	1731	1725	6	AA	2223	N573AA	LGA	STL	160	888	15	30	2013-01-01 15:00:00
2013	1	1	1529	1457	32	1720	1634	46	UA	459	N497UA	EWR	ORD	138	719	14	57	2013-01-01 14:00:00
2013	1	1	1529	1530	-1	1733	1737	-4	US	1665	N738US	LGA	CLT	103	544	15	30	2013-01-01 15:00:00
2013	1	1	1530	1530	0	1650	1655	-5	9E	3369	N913XJ	JFK	BWI	40	184	15	30	2013-01-01 15:00:00
2013	1	1	1531	1453	38	1637	1603	34	EV	4372	N13975	EWR	DCA	45	199	14	53	2013-01-01 14:00:00
2013	1	1	1531	1459	32	1745	1658	47	EV	4572	N15912	EWR	GSP	106	594	14	59	2013-01-01 14:00:00
2013	1	1	1531	1520	11	1809	1750	19	UA	365	N514UA	EWR	DEN	247	1605	15	20	2013-01-01 15:00:00
2013	1	1	1534	1530	4	1755	1735	20	EV	4093	N17115	EWR	GRR	120	605	15	30	2013-01-01 15:00:00
2013	1	1	1536	1520	16	1709	1650	19	WN	2081	N226WN	LGA	MKE	133	738	15	20	2013-01-01 15:00:00
2013	1	1	1538	1540	-2	1827	1851	-24	DL	4	N372DA	JFK	MCO	133	944	15	40	2013-01-01 15:00:00
2013	1	1	1539	1530	9	1904	1910	-6	AA	85	N342AA	JFK	SFO	360	2586	15	30	2013-01-01 15:00:00
2013	1	1	1539	1545	-6	1853	1910	-17	AA	133	N319AA	JFK	LAX	351	2475	15	45	2013-01-01 15:00:00
2013	1	1	1539	1537	2	1854	1819	35	UA	1222	N14250	EWR	LAS	342	2227	15	37	2013-01-01 15:00:00
2013	1	1	1540	1338	122	2020	1825	115	B6	705	N570JB	JFK	SJU	193	1598	13	38	2013-01-01 13:00:00
2013	1	1	1542	1545	-3	1852	1913	-21	DL	1283	N3750D	JFK	SAN	342	2446	15	45	2013-01-01 15:00:00
2013	1	1	1543	1550	-7	1933	1925	8	DL	1773	N688DL	JFK	SLC	320	1990	15	50	2013-01-01 15:00:00
2013	1	1	1543	1543	0	1731	1733	-2	UA	636	N413UA	LGA	CLE	88	419	15	43	2013-01-01 15:00:00
2013	1	1	1546	1540	6	1753	1748	5	9E	3338	N904XJ	JFK	ORD	146	740	15	40	2013-01-01 15:00:00
2013	1	1	1547	1545	2	1823	1815	8	DL	1942	N994DL	EWR	ATL	129	746	15	45	2013-01-01 15:00:00
2013	1	1	1548	1420	88	1751	1620	91	MQ	4588	N6EAMQ	LGA	MSP	167	1020	14	20	2013-01-01 14:00:00
2013	1	1	1549	1445	64	1912	1656	136	EV	4181	N21197	EWR	MCI	234	1092	14	45	2013-01-01 14:00:00
2013	1	1	1549	1548	1	1851	1859	-8	UA	80	N54241	EWR	MIA	156	1085	15	48	2013-01-01 15:00:00
2013	1	1	1550	1550	0	1844	1831	13	9E	3372	N934XJ	JFK	IND	139	665	15	50	2013-01-01 15:00:00
2013	1	1	1552	1600	-8	1732	1720	12	EV	5709	N825AS	LGA	IAD	55	229	16	0	2013-01-01 16:00:00
2013	1	1	1552	1600	-8	1826	1820	6	FL	620	N997AT	LGA	ATL	132	762	16	0	2013-01-01 16:00:00
2013	1	1	1552	1600	-8	1749	1757	-8	9E	3459	N910XJ	JFK	BNA	150	765	16	0	2013-01-01 16:00:00
2013	1	1	1552	1600	-8	1933	1915	18	AA	565	N3CGAA	JFK	DFW	254	1391	16	0	2013-01-01 16:00:00
2013	1	1	1554	1600	-6	1701	1734	-33	9E	3331	N931XJ	JFK	BOS	41	187	16	0	2013-01-01 16:00:00
2013	1	1	1554	1559	-5	1857	1841	16	DL	847	N918DE	LGA	ATL	131	762	15	59	2013-01-01 15:00:00
2013	1	1	1554	1600	-6	1830	1820	10	MQ	3985	N606MQ	JFK	CVG	118	589	16	0	2013-01-01 16:00:00
2013	1	1	1556	1600	-4	1737	1739	-2	EV	5163	N761ND	LGA	PIT	69	335	16	0	2013-01-01 16:00:00
2013	1	1	1557	1600	-3	1910	1939	-29	DL	1508	N955DL	JFK	RSW	171	1074	16	0	2013-01-01 16:00:00
2013	1	1	1557	1600	-3	1746	1742	4	UA	687	N487UA	LGA	ORD	143	733	16	0	2013-01-01 16:00:00
2013	1	1	1558	1534	24	1808	1703	65	EV	4502	N16546	EWR	BNA	168	748	15	34	2013-01-01 15:00:00
2013	1	1	1558	1359	119	1718	1515	123	EV	5712	N826AS	JFK	IAD	53	228	13	59	2013-01-01 13:00:00
2013	1	1	1558	1600	-2	1910	1903	7	B6	509	N708JB	EWR	FLL	166	1065	16	0	2013-01-01 16:00:00
2013	1	1	1559	1605	-6	1844	1912	-28	DL	91	N374DA	JFK	LAS	309	2248	16	5	2013-01-01 16:00:00
2013	1	1	1600	1610	-10	1712	1729	-17	9E	4088	N8968E	JFK	PHL	35	94	16	10	2013-01-01 16:00:00
2013	1	1	1601	1601	0	1750	1735	15	UA	702	N484UA	EWR	ORD	141	719	16	1	2013-01-01 16:00:00
2013	1	1	1602	1605	-3	1834	1838	-4	DL	1861	N301NB	LGA	MCI	189	1107	16	5	2013-01-01 16:00:00
2013	1	1	1603	1547	16	1720	1708	12	EV	3272	N14168	EWR	BUF	58	282	15	47	2013-01-01 15:00:00
2013	1	1	1603	1550	13	1751	1739	12	B6	917	N316JB	JFK	ORD	150	740	15	50	2013-01-01 15:00:00
2013	1	1	1603	1600	3	1839	1830	9	WN	591	N965WN	EWR	DEN	254	1605	16	0	2013-01-01 16:00:00
2013	1	1	1603	1605	-2	1818	1750	28	MQ	4415	N730MQ	LGA	RDU	79	431	16	5	2013-01-01 16:00:00
2013	1	1	1603	1600	3	1912	1906	6	UA	367	N820UA	EWR	FLL	162	1065	16	0	2013-01-01 16:00:00
2013	1	1	1604	1510	54	1817	1710	67	MQ	4579	N0EGMQ	LGA	CLT	106	544	15	10	2013-01-01 15:00:00
2013	1	1	1605	1610	-5	1804	1800	4	AA	341	N569AA	LGA	ORD	146	733	16	10	2013-01-01 16:00:00
2013	1	1	1607	1555	12	1735	1715	20	B6	12	N184JB	JFK	SYR	58	209	15	55	2013-01-01 15:00:00
2013	1	1	1607	1443	84	1711	1553	78	UA	465	N435UA	EWR	BOS	35	200	14	43	2013-01-01 14:00:00
2013	1	1	1608	1535	33	2002	1850	72	AA	763	N3GKAA	LGA	DFW	249	1389	15	35	2013-01-01 15:00:00
2013	1	1	1608	1600	8	1953	1925	28	AA	1467	N3DYAA	LGA	MIA	171	1096	16	0	2013-01-01 16:00:00
2013	1	1	1608	1609	-1	1847	1910	-23	B6	157	N712JB	JFK	MCO	137	944	16	9	2013-01-01 16:00:00
2013	1	1	1610	1615	-5	1913	1948	-35	DL	1411	N947DL	JFK	FLL	155	1069	16	15	2013-01-01 16:00:00
2013	1	1	1610	1615	-5	1827	1830	-3	DL	1619	N360NB	LGA	MSP	168	1020	16	15	2013-01-01 16:00:00
2013	1	1	1610	1555	15	1852	1834	18	DL	1939	N362NW	LGA	DEN	235	1620	15	55	2013-01-01 15:00:00
2013	1	1	1611	1601	10	2010	1941	29	UA	1635	N76504	EWR	PHX	328	2133	16	1	2013-01-01 16:00:00
2013	1	1	1615	1602	13	1748	1728	20	EV	4406	N36915	EWR	PIT	73	319	16	2	2013-01-01 16:00:00
2013	1	1	1619	1625	-6	1912	1855	17	MQ	4661	N537MQ	LGA	ATL	136	762	16	25	2013-01-01 16:00:00
2013	1	1	1620	1620	0	1945	1922	23	UA	1178	N18119	EWR	IAH	242	1400	16	20	2013-01-01 16:00:00
2013	1	1	1621	1548	33	1904	1830	34	DL	95	N704X	JFK	ATL	130	760	15	48	2013-01-01 15:00:00
2013	1	1	1623	1620	3	2002	1959	3	US	35	N550UW	JFK	PHX	317	2153	16	20	2013-01-01 16:00:00
2013	1	1	1625	1550	35	2054	2050	4	AA	1635	N630AA	JFK	SJU	188	1598	15	50	2013-01-01 15:00:00
2013	1	1	1626	1630	-4	2007	1952	15	B6	675	N804JB	JFK	LAX	370	2475	16	30	2013-01-01 16:00:00
2013	1	1	1626	1630	-4	1855	1853	2	DL	702	N361NW	JFK	DTW	108	509	16	30	2013-01-01 16:00:00
2013	1	1	1627	1459	88	1925	1805	80	B6	63	N599JB	JFK	TPA	159	1005	14	59	2013-01-01 14:00:00
2013	1	1	1627	1630	-3	1940	2020	-40	VX	27	N847VA	JFK	SFO	354	2586	16	30	2013-01-01 16:00:00
2013	1	1	1628	1524	64	1740	1641	59	EV	4133	N14959	EWR	IAD	53	212	15	24	2013-01-01 15:00:00
2013	1	1	1628	1630	-2	1907	1923	-16	DL	920	N331NW	JFK	DEN	248	1626	16	30	2013-01-01 16:00:00
2013	1	1	1630	1548	42	1902	1755	67	EV	4352	N22909	EWR	CVG	121	569	15	48	2013-01-01 15:00:00
2013	1	1	1630	1636	-6	1913	1943	-30	B6	143	N534JB	JFK	PBI	147	1028	16	36	2013-01-01 16:00:00
2013	1	1	1631	1617	14	1740	1727	13	EV	4299	N14972	EWR	DCA	48	199	16	17	2013-01-01 16:00:00
2013	1	1	1631	1635	-4	1956	2000	-4	US	656	N649AW	EWR	PHX	309	2133	16	35	2013-01-01 16:00:00
2013	1	1	1631	1630	1	1935	1950	-15	UA	1726	N75425	EWR	SAN	346	2425	16	30	2013-01-01 16:00:00
2013	1	1	1632	1635	-3	1903	1840	23	WN	190	N258WN	LGA	STL	181	888	16	35	2013-01-01 16:00:00
2013	1	1	1632	1635	-3	1824	1810	14	MQ	3695	N507MQ	EWR	ORD	139	719	16	35	2013-01-01 16:00:00
2013	1	1	1634	1626	8	1913	1852	21	UA	69	N27213	EWR	DEN	247	1605	16	26	2013-01-01 16:00:00
2013	1	1	1635	1630	5	1830	1810	20	UA	162	N16701	EWR	CLE	84	404	16	30	2013-01-01 16:00:00
2013	1	1	1636	1639	-3	1747	1755	-8	B6	1176	N190JB	EWR	BOS	42	200	16	39	2013-01-01 16:00:00
2013	1	1	1637	1545	52	1858	1819	39	9E	3321	N604LR	JFK	MSP	173	1029	15	45	2013-01-01 15:00:00
2013	1	1	1639	1517	82	1815	1639	96	EV	4580	N16561	EWR	MKE	140	725	15	17	2013-01-01 15:00:00
2013	1	1	1640	1640	0	1859	1850	9	MQ	4540	N723MQ	LGA	DTW	106	502	16	40	2013-01-01 16:00:00
2013	1	1	1641	1650	-9	1746	1820	-34	AA	1790	N3BYAA	JFK	BOS	41	187	16	50	2013-01-01 16:00:00
2013	1	1	1642	1610	32	1944	1919	25	UA	1587	N17229	EWR	RSW	161	1068	16	10	2013-01-01 16:00:00
2013	1	1	1645	1639	6	1832	1816	16	EV	4336	N13538	EWR	GSO	89	445	16	39	2013-01-01 16:00:00
2013	1	1	1649	1639	10	1937	1911	26	EV	4705	N14960	EWR	ATL	139	746	16	39	2013-01-01 16:00:00
2013	1	1	1650	1615	35	2009	1913	56	B6	985	N564JB	LGA	TPA	162	1010	16	15	2013-01-01 16:00:00
2013	1	1	1651	1650	1	2000	2004	-4	B6	185	N665JB	JFK	SAN	349	2446	16	50	2013-01-01 16:00:00
2013	1	1	1652	1640	12	2030	1955	35	AA	773	N565AA	LGA	DFW	252	1389	16	40	2013-01-01 16:00:00
2013	1	1	1653	1700	-7	2005	2018	-13	DL	1807	N980DL	LGA	FLL	158	1076	17	0	2013-01-01 17:00:00
2013	1	1	1654	1644	10	1752	1753	-1	EV	4539	N27962	EWR	MHT	38	209	16	44	2013-01-01 16:00:00
2013	1	1	1654	1700	-6	2020	2034	-14	DL	706	N320NB	JFK	AUS	251	1521	17	0	2013-01-01 17:00:00
2013	1	1	1655	1621	34	1804	1724	40	EV	3260	N19554	EWR	ALB	36	143	16	21	2013-01-01 16:00:00
2013	1	1	1655	1700	-5	1953	1950	3	AA	575	N5DRAA	JFK	EGE	280	1747	17	0	2013-01-01 17:00:00
2013	1	1	1655	1700	-5	2027	2049	-22	DL	31	N713TW	JFK	SFO	357	2586	17	0	2013-01-01 17:00:00
2013	1	1	1655	1655	0	2025	2030	-5	VX	413	N626VA	JFK	LAX	362	2475	16	55	2013-01-01 16:00:00
2013	1	1	1656	1700	-4	1941	1955	-14	AA	257	N3CAAA	JFK	LAS	322	2248	17	0	2013-01-01 17:00:00
2013	1	1	1657	1650	7	1921	1840	41	WN	2773	N462WN	EWR	STL	181	872	16	50	2013-01-01 16:00:00
2013	1	1	1657	1630	27	1948	1926	22	UA	1609	N17105	EWR	MCO	148	937	16	30	2013-01-01 16:00:00
2013	1	1	1658	1700	-2	1808	1840	-32	MQ	4323	N688MQ	JFK	ORF	52	290	17	0	2013-01-01 17:00:00
2013	1	1	1701	1710	-9	2026	2015	11	AA	695	N3FUAA	JFK	AUS	247	1521	17	10	2013-01-01 17:00:00
2013	1	1	1701	1700	1	1856	1840	16	UA	689	N418UA	LGA	ORD	144	733	17	0	2013-01-01 17:00:00
2013	1	1	1702	1700	2	2044	2028	16	UA	1259	N16632	LGA	IAH	234	1416	17	0	2013-01-01 17:00:00
2013	1	1	1705	1705	0	2054	2010	44	AA	1905	N4WRAA	EWR	DFW	251	1372	17	5	2013-01-01 17:00:00
2013	1	1	1705	1710	-5	1924	1915	9	US	1447	N188US	LGA	CLT	110	544	17	10	2013-01-01 17:00:00
2013	1	1	1707	1705	2	1928	1940	-12	DL	2121	N3730B	EWR	ATL	121	746	17	5	2013-01-01 17:00:00
2013	1	1	1707	1700	7	2006	2000	6	UA	342	N543UA	EWR	LAX	334	2454	17	0	2013-01-01 17:00:00
2013	1	1	1708	1700	8	2037	2005	32	WN	1066	N778SW	EWR	HOU	245	1411	17	0	2013-01-01 17:00:00
2013	1	1	1711	1650	21	1820	1806	14	EV	4194	N15986	EWR	BTV	48	266	16	50	2013-01-01 16:00:00
2013	1	1	1711	1635	36	1918	1845	33	B6	1085	N228JB	JFK	CLT	112	541	16	35	2013-01-01 16:00:00
2013	1	1	1711	1600	71	2005	1857	68	B6	369	N579JB	LGA	PBI	149	1035	16	0	2013-01-01 16:00:00
2013	1	1	1712	1719	-7	1939	1958	-19	UA	509	N569UA	LGA	DEN	241	1620	17	19	2013-01-01 17:00:00
2013	1	1	1712	1700	12	2042	2036	6	UA	635	N485UA	EWR	SAT	242	1569	17	0	2013-01-01 17:00:00
2013	1	1	1713	1700	13	2006	2014	-8	B6	15	N346JB	JFK	FLL	156	1069	17	0	2013-01-01 17:00:00
2013	1	1	1714	1720	-6	1915	1915	0	AA	1351	N3CVAA	JFK	ORD	146	740	17	20	2013-01-01 17:00:00
2013	1	1	1716	1730	-14	1947	1953	-6	F9	511	N263AV	LGA	DEN	242	1620	17	30	2013-01-01 17:00:00
2013	1	1	1716	1545	91	2140	2039	61	B6	703	N651JB	JFK	SJU	183	1598	15	45	2013-01-01 15:00:00
2013	1	1	1716	1709	7	1902	1846	16	UA	1623	N19130	EWR	ORD	143	719	17	9	2013-01-01 17:00:00
2013	1	1	1717	1720	-3	1920	1910	10	AA	345	N539AA	LGA	ORD	141	733	17	20	2013-01-01 17:00:00
2013	1	1	1718	1710	8	2154	2201	-7	B6	699	N507JB	JFK	SJU	189	1598	17	10	2013-01-01 17:00:00
2013	1	1	1719	1720	-1	1908	1905	3	MQ	4479	N713MQ	LGA	RDU	80	431	17	20	2013-01-01 17:00:00
2013	1	1	1720	1725	-5	2121	2105	16	DL	513	N723TW	JFK	LAX	363	2475	17	25	2013-01-01 17:00:00
2013	1	1	1725	1730	-5	1929	1926	3	US	449	N680AW	EWR	CLT	104	529	17	30	2013-01-01 17:00:00
2013	1	1	1725	1720	5	2045	2021	24	UA	1712	N17122	EWR	IAH	235	1400	17	20	2013-01-01 17:00:00
2013	1	1	1726	1730	-4	2054	2050	4	AA	543	N386AA	JFK	MIA	157	1089	17	30	2013-01-01 17:00:00
2013	1	1	1726	1729	-3	2042	2100	-18	UA	512	N557UA	JFK	SFO	347	2586	17	29	2013-01-01 17:00:00
2013	1	1	1727	1725	2	2043	2040	3	AA	145	N377AA	JFK	SAN	357	2446	17	25	2013-01-01 17:00:00
2013	1	1	1728	1600	88	2004	1817	107	EV	3843	N13903	EWR	SDF	135	642	16	0	2013-01-01 16:00:00
2013	1	1	1729	1718	11	2052	2055	-3	UA	1284	N14120	EWR	SFO	360	2565	17	18	2013-01-01 17:00:00
2013	1	1	1730	1730	0	2013	1959	14	FL	623	N967AT	LGA	ATL	128	762	17	30	2013-01-01 17:00:00
2013	1	1	1730	1730	0	2126	2110	16	B6	179	N618JB	JFK	PHX	323	2153	17	30	2013-01-01 17:00:00
2013	1	1	1730	1729	1	2039	2058	-19	UA	1715	N77296	EWR	SEA	344	2402	17	29	2013-01-01 17:00:00
2013	1	1	1732	1630	62	2028	1825	123	EV	4092	N16911	EWR	DAY	119	533	16	30	2013-01-01 16:00:00
2013	1	1	1736	1640	56	2047	2001	46	B6	139	N329JB	JFK	RSW	176	1074	16	40	2013-01-01 16:00:00
2013	1	1	1738	1745	-7	2030	2042	-12	B6	547	N508JB	EWR	PBI	147	1023	17	45	2013-01-01 17:00:00
2013	1	1	1739	1745	-6	1956	1953	3	DL	2331	N965DL	LGA	DTW	93	502	17	45	2013-01-01 17:00:00
2013	1	1	1739	1740	-1	2051	2112	-21	DL	1339	N3761R	JFK	PDX	341	2454	17	40	2013-01-01 17:00:00
2013	1	1	1740	1630	70	2102	1954	68	DL	2139	N369NW	LGA	MIA	167	1096	16	30	2013-01-01 16:00:00
2013	1	1	1740	1745	-5	2158	2020	NA	MQ	4413	N739MQ	LGA	XNA	NA	1147	17	45	2013-01-01 17:00:00
2013	1	1	1742	1746	-4	2028	2052	-24	DL	1585	N933DL	LGA	MCO	145	950	17	46	2013-01-01 17:00:00
2013	1	1	1743	1615	88	1925	1819	66	9E	3651	N8515F	JFK	RDU	72	427	16	15	2013-01-01 16:00:00
2013	1	1	1744	1750	-6	2043	2045	-2	B6	527	N661JB	EWR	MCO	137	937	17	50	2013-01-01 17:00:00
2013	1	1	1744	1720	24	2052	2025	27	B6	163	N658JB	JFK	TPA	160	1005	17	20	2013-01-01 17:00:00
2013	1	1	1744	1745	-1	2055	2059	-4	DL	1935	N900DE	LGA	TPA	160	1010	17	45	2013-01-01 17:00:00
2013	1	1	1744	1745	-1	1925	1915	10	WN	128	N8324A	LGA	MDW	137	725	17	45	2013-01-01 17:00:00
2013	1	1	1745	1749	-4	1943	1909	34	B6	1307	N216JB	JFK	IAD	65	228	17	49	2013-01-01 17:00:00
2013	1	1	1750	1750	0	2109	2115	-6	UA	535	N525UA	JFK	LAX	345	2475	17	50	2013-01-01 17:00:00
2013	1	1	1751	1745	6	2044	2040	4	B6	9	N527JB	JFK	MCO	141	944	17	45	2013-01-01 17:00:00
2013	1	1	1751	1745	6	2015	1910	65	WN	3384	N764SW	EWR	MDW	148	711	17	45	2013-01-01 17:00:00
2013	1	1	1753	1745	8	2058	2037	21	B6	391	N630JB	LGA	MCO	144	950	17	45	2013-01-01 17:00:00
2013	1	1	1756	1725	31	2036	2019	17	UA	376	N523UA	EWR	MCO	140	937	17	25	2013-01-01 17:00:00
2013	1	1	1757	1703	54	1904	1813	51	EV	4373	N14998	EWR	DCA	45	199	17	3	2013-01-01 17:00:00
2013	1	1	1757	1759	-2	2027	2042	-15	DL	1047	N643DL	LGA	ATL	125	762	17	59	2013-01-01 17:00:00
2013	1	1	1758	1800	-2	1905	1917	-12	B6	1016	N304JB	JFK	BOS	36	187	18	0	2013-01-01 18:00:00
2013	1	1	1758	1800	-2	2105	2110	-5	B6	989	N663JB	JFK	FLL	152	1069	18	0	2013-01-01 18:00:00
2013	1	1	1758	1749	9	2020	1943	37	UA	1676	N37274	EWR	ORD	135	719	17	49	2013-01-01 17:00:00
2013	1	1	1759	1759	0	1957	1949	8	EV	4581	N13566	EWR	CMH	95	463	17	59	2013-01-01 17:00:00
2013	1	1	1800	1800	0	1945	1951	-6	B6	1111	N294JB	JFK	RDU	78	427	18	0	2013-01-01 18:00:00
2013	1	1	1800	1800	0	1951	1954	-3	UA	1053	N16703	EWR	CLE	83	404	18	0	2013-01-01 18:00:00
2013	1	1	1802	1805	-3	1930	1944	-14	DL	1006	N359NB	LGA	BUF	61	292	18	5	2013-01-01 18:00:00
2013	1	1	1802	1801	1	2125	2137	-12	UA	1165	N75429	EWR	LAX	340	2454	18	1	2013-01-01 18:00:00
2013	1	1	1803	1726	37	2011	1934	37	EV	4382	N13958	EWR	DTW	104	488	17	26	2013-01-01 17:00:00
2013	1	1	1803	1620	103	2008	1750	138	MQ	4622	N504MQ	LGA	BNA	154	764	16	20	2013-01-01 16:00:00
2013	1	1	1803	1800	3	2021	2001	20	US	373	N510UW	JFK	CLT	100	541	18	0	2013-01-01 18:00:00
2013	1	1	1805	1757	8	2117	2119	-2	UA	1152	N39463	EWR	PDX	336	2434	17	57	2013-01-01 17:00:00
2013	1	1	1806	1810	-4	2002	1945	17	MQ	4484	N711MQ	LGA	BNA	152	764	18	10	2013-01-01 18:00:00
2013	1	1	1807	1738	29	2251	2103	NA	UA	1228	N31412	EWR	SAN	NA	2425	17	38	2013-01-01 17:00:00
2013	1	1	1808	1815	-7	2111	2130	-19	AS	7	N553AS	EWR	SEA	336	2402	18	15	2013-01-01 18:00:00
2013	1	1	1809	1810	-1	2117	2132	-15	B6	217	N592JB	JFK	LGB	337	2465	18	10	2013-01-01 18:00:00
2013	1	1	1811	1759	12	2132	2118	14	UA	618	N482UA	EWR	DFW	228	1372	17	59	2013-01-01 17:00:00
2013	1	1	1814	1700	74	2051	1855	116	EV	4202	N19966	EWR	STL	177	872	17	0	2013-01-01 17:00:00
2013	1	1	1814	1815	-1	2122	2151	-29	B6	173	N569JB	JFK	SJC	334	2569	18	15	2013-01-01 18:00:00
2013	1	1	1815	1325	290	2120	1542	338	EV	4417	N17185	EWR	OMA	213	1134	13	25	2013-01-01 13:00:00
2013	1	1	1815	1805	10	1928	1920	8	WN	731	N266WN	LGA	BWI	46	185	18	5	2013-01-01 18:00:00
2013	1	1	1816	1805	11	2013	1955	18	MQ	4626	N8EGMQ	LGA	CMH	93	479	18	5	2013-01-01 18:00:00
2013	1	1	1816	1800	16	2101	2050	11	UA	638	N522UA	EWR	LAS	307	2227	18	0	2013-01-01 18:00:00
2013	1	1	1817	1820	-3	2008	2005	3	AA	353	N3AXAA	LGA	ORD	138	733	18	20	2013-01-01 18:00:00
2013	1	1	1820	1820	0	2216	2150	26	AA	119	N3FMAA	EWR	LAX	366	2454	18	20	2013-01-01 18:00:00
2013	1	1	1823	1830	-7	2036	2055	-19	DL	924	N337NW	JFK	MSP	158	1029	18	30	2013-01-01 18:00:00
2013	1	1	1824	1830	-6	2203	2205	-2	AA	269	N3ETAA	JFK	SEA	348	2422	18	30	2013-01-01 18:00:00
2013	1	1	1825	1829	-4	2056	2053	3	9E	3286	N906XJ	JFK	DTW	107	509	18	29	2013-01-01 18:00:00
2013	1	1	1825	1829	-4	2046	2032	14	US	1973	N460UW	EWR	CLT	106	529	18	29	2013-01-01 18:00:00
2013	1	1	1826	1810	16	2132	2130	2	AA	1611	N3DWAA	LGA	MIA	153	1096	18	10	2013-01-01 18:00:00
2013	1	1	1826	1830	-4	2154	2207	-13	DL	1643	N3772H	JFK	SEA	334	2422	18	30	2013-01-01 18:00:00
2013	1	1	1827	1829	-2	2105	2056	9	UA	1139	N39728	EWR	DEN	246	1605	18	29	2013-01-01 18:00:00
2013	1	1	1828	1805	23	2023	1951	32	EV	4334	N11119	LGA	CLE	80	419	18	5	2013-01-01 18:00:00
2013	1	1	1830	1829	1	2131	2125	6	UA	1684	N33714	EWR	PBI	152	1023	18	29	2013-01-01 18:00:00
2013	1	1	1832	1823	9	1948	1940	8	EV	4326	N13988	EWR	PWM	48	284	18	23	2013-01-01 18:00:00
2013	1	1	1832	1835	-3	2059	2103	-4	9E	3830	N8894A	JFK	CHS	106	636	18	35	2013-01-01 18:00:00
2013	1	1	1832	1828	4	2144	2144	0	UA	1075	N18220	EWR	SNA	342	2434	18	28	2013-01-01 18:00:00
2013	1	1	1834	1840	-6	2027	2020	7	MQ	3730	N517MQ	EWR	ORD	137	719	18	40	2013-01-01 18:00:00
2013	1	1	1834	1800	34	2014	1942	32	UA	668	N467UA	LGA	ORD	123	733	18	0	2013-01-01 18:00:00
2013	1	1	1836	1726	70	2107	1933	94	EV	4179	N14543	EWR	CVG	123	569	17	26	2013-01-01 17:00:00
2013	1	1	1840	1836	4	2022	2010	12	B6	130	N281JB	JFK	BUF	70	301	18	36	2013-01-01 18:00:00
2013	1	1	1840	1845	-5	2055	2030	25	MQ	4517	N725MQ	LGA	CRW	96	444	18	45	2013-01-01 18:00:00
2013	1	1	1840	1845	-5	2223	2226	-3	UA	389	N508UA	JFK	SFO	357	2586	18	45	2013-01-01 18:00:00
2013	1	1	1842	1422	260	1958	1535	263	EV	4633	N18120	EWR	BTV	46	266	14	22	2013-01-01 14:00:00
2013	1	1	1842	1829	13	2144	2136	8	UA	1292	N14214	EWR	FLL	149	1065	18	29	2013-01-01 18:00:00
2013	1	1	1843	1850	-7	2052	2050	2	AA	2019	N594AA	LGA	STL	169	888	18	50	2013-01-01 18:00:00
2013	1	1	1843	1845	-2	1955	2024	-29	DL	904	N344NB	JFK	BOS	34	187	18	45	2013-01-01 18:00:00
2013	1	1	1843	1835	8	2339	2346	-7	DL	329	N900PC	JFK	SJU	192	1598	18	35	2013-01-01 18:00:00
2013	1	1	1846	1745	61	2147	2055	52	AA	785	N3ESAA	LGA	DFW	223	1389	17	45	2013-01-01 17:00:00
2013	1	1	1846	1855	-9	2336	2355	-19	AA	1613	N5BYAA	JFK	SJU	190	1598	18	55	2013-01-01 18:00:00
2013	1	1	1848	1745	63	2238	2120	78	AA	177	N332AA	JFK	SFO	361	2586	17	45	2013-01-01 17:00:00
2013	1	1	1849	1900	-11	2131	2129	2	FL	645	N920AT	LGA	ATL	134	762	19	0	2013-01-01 19:00:00
2013	1	1	1850	1900	-10	2007	2016	-9	EV	5714	N835AS	JFK	IAD	55	228	19	0	2013-01-01 19:00:00
2013	1	1	1850	1850	0	2142	2141	1	9E	3364	N908XJ	JFK	MSY	207	1182	18	50	2013-01-01 18:00:00
2013	1	1	1850	1850	0	2249	2240	9	VX	29	N638VA	JFK	SFO	364	2586	18	50	2013-01-01 18:00:00
2013	1	1	1853	1900	-7	2004	2018	-14	US	2187	N951UW	LGA	DCA	54	214	19	0	2013-01-01 19:00:00
2013	1	1	1854	1830	24	2055	2015	40	MQ	4674	N518MQ	LGA	CLE	87	419	18	30	2013-01-01 18:00:00
2013	1	1	1855	1859	-4	2140	2145	-5	DL	947	N339NW	LGA	ATL	135	762	18	59	2013-01-01 18:00:00
2013	1	1	1855	1848	7	2203	2200	3	UA	1128	N36207	LGA	IAH	231	1416	18	48	2013-01-01 18:00:00
2013	1	1	1856	1645	131	2212	2005	127	AA	181	N323AA	JFK	LAX	336	2475	16	45	2013-01-01 16:00:00
2013	1	1	1856	1859	-3	2133	2155	-22	B6	155	N505JB	JFK	MCO	133	944	18	59	2013-01-01 18:00:00
2013	1	1	1856	1855	1	2142	2142	0	DL	951	N173DZ	JFK	ATL	132	760	18	55	2013-01-01 18:00:00
2013	1	1	1858	1900	-2	2034	2035	-1	WN	2944	N905WN	LGA	MKE	131	738	19	0	2013-01-01 19:00:00
2013	1	1	1859	1900	-1	2012	2021	-9	EV	4131	N11544	EWR	RIC	55	277	19	0	2013-01-01 19:00:00
2013	1	1	1859	1900	-1	2151	2238	-47	DL	1967	N329NW	JFK	MIA	150	1089	19	0	2013-01-01 19:00:00
2013	1	1	1900	1845	15	2212	2227	-15	B6	91	N523JB	JFK	OAK	330	2576	18	45	2013-01-01 18:00:00
2013	1	1	1904	1905	-1	2139	2227	-48	DL	2159	N3758Y	JFK	MCO	133	944	19	5	2013-01-01 19:00:00
2013	1	1	1904	1905	-1	2157	2208	-11	UA	1444	N14242	EWR	TPA	150	997	19	5	2013-01-01 19:00:00
2013	1	1	1905	1900	5	2311	2301	10	DL	853	N727TW	JFK	SFO	361	2586	19	0	2013-01-01 19:00:00
2013	1	1	1906	1915	-9	2211	2244	-33	DL	2391	N922DL	JFK	TPA	159	1005	19	15	2013-01-01 19:00:00
2013	1	1	1909	1912	-3	2239	2237	2	B6	87	N559JB	JFK	SLC	291	1990	19	12	2013-01-01 19:00:00
2013	1	1	1909	1910	-1	2212	2224	-12	DL	1629	N6710E	JFK	LAS	323	2248	19	10	2013-01-01 19:00:00
2013	1	1	1910	1909	1	2126	2046	40	EV	3807	N13978	EWR	BNA	159	748	19	9	2013-01-01 19:00:00
2013	1	1	1910	1910	0	2126	2107	19	9E	3359	N925XJ	JFK	ORD	141	740	19	10	2013-01-01 19:00:00
2013	1	1	1910	1855	15	2118	2103	15	US	1491	N540UW	LGA	CLT	107	544	18	55	2013-01-01 18:00:00
2013	1	1	1911	1910	1	2050	2055	-5	MQ	4569	N737MQ	LGA	RDU	81	431	19	10	2013-01-01 19:00:00
2013	1	1	1912	1915	-3	2200	2219	-19	DL	1485	N917DL	LGA	MCO	142	950	19	15	2013-01-01 19:00:00
2013	1	1	1912	1908	4	2242	2257	-15	UA	927	N432UA	EWR	PHX	309	2133	19	8	2013-01-01 19:00:00
2013	1	1	1915	1920	-5	2238	2257	-19	DL	6	N633DL	JFK	SLC	281	1990	19	20	2013-01-01 19:00:00
2013	1	1	1915	1904	11	2242	2246	-4	UA	1606	N76503	EWR	SFO	351	2565	19	4	2013-01-01 19:00:00
2013	1	1	1916	1920	-4	2053	2100	-7	AA	359	N3CUAA	LGA	ORD	136	733	19	20	2013-01-01 19:00:00
2013	1	1	1919	1900	19	2125	2107	18	EV	3267	N14558	EWR	CLT	105	529	19	0	2013-01-01 19:00:00
2013	1	1	1921	1920	1	2315	2319	-4	DL	541	N375DA	JFK	PHX	314	2153	19	20	2013-01-01 19:00:00
2013	1	1	1923	1837	46	2139	2045	54	EV	4125	N23139	EWR	GRR	116	605	18	37	2013-01-01 18:00:00
2013	1	1	1923	1859	24	2239	2234	5	B6	171	N552JB	JFK	SMF	333	2521	18	59	2013-01-01 18:00:00
2013	1	1	1925	1930	-5	2037	2050	-13	EV	5742	N833AS	LGA	IAD	52	229	19	30	2013-01-01 19:00:00
2013	1	1	1925	1900	25	2259	2238	21	DL	87	N624AG	JFK	LAX	332	2475	19	0	2013-01-01 19:00:00
2013	1	1	1926	1910	16	2258	2215	43	AA	2075	N4XFAA	EWR	DFW	248	1372	19	10	2013-01-01 19:00:00
2013	1	1	1928	1930	-2	2117	2135	-18	9E	4261	N8611A	JFK	RDU	75	427	19	30	2013-01-01 19:00:00
2013	1	1	1929	1920	9	3	7	-4	UA	1071	N27205	EWR	BQN	192	1585	19	20	2013-01-01 19:00:00
2013	1	1	1930	1745	105	2233	2112	81	DL	503	N3764D	JFK	SAN	333	2446	17	45	2013-01-01 17:00:00
2013	1	1	1934	1725	129	2126	1855	151	MQ	4255	N909MQ	JFK	BNA	154	765	17	25	2013-01-01 17:00:00
2013	1	1	1935	1930	5	2223	2143	40	EV	4085	N12157	EWR	OMA	209	1134	19	30	2013-01-01 19:00:00
2013	1	1	1937	1905	32	2250	2225	25	AA	21	N327AA	JFK	LAX	332	2475	19	5	2013-01-01 19:00:00
2013	1	1	1938	1703	155	2109	1823	166	EV	4300	N18557	EWR	RIC	68	277	17	3	2013-01-01 17:00:00
2013	1	1	1939	1840	59	29	2151	NA	9E	3325	N905XJ	JFK	DFW	NA	1391	18	40	2013-01-01 18:00:00
2013	1	1	1939	1940	-1	2238	2240	-2	AA	1787	N3EGAA	JFK	TPA	158	1005	19	40	2013-01-01 19:00:00
2013	1	1	1940	1905	35	2033	2021	12	UA	698	N580UA	EWR	BOS	36	200	19	5	2013-01-01 19:00:00
2013	1	1	1941	1940	1	2231	2241	-10	B6	381	N632JB	LGA	FLL	152	1076	19	40	2013-01-01 19:00:00
2013	1	1	1942	1705	157	2124	1830	174	MQ	4410	N835MQ	JFK	DCA	60	213	17	5	2013-01-01 17:00:00
2013	1	1	1945	1940	5	2247	2231	16	9E	3361	N913XJ	JFK	JAX	129	828	19	40	2013-01-01 19:00:00
2013	1	1	1946	1930	16	2148	2134	14	EV	4532	N34110	EWR	CHS	106	628	19	30	2013-01-01 19:00:00
2013	1	1	1949	1859	50	2237	2153	44	B6	711	N640JB	JFK	LAS	309	2248	18	59	2013-01-01 18:00:00
2013	1	1	1952	1930	22	2358	2207	NA	EV	4333	N11194	EWR	TUL	NA	1215	19	30	2013-01-01 19:00:00
2013	1	1	1952	2000	-8	2314	2325	-11	VX	415	N640VA	JFK	LAX	349	2475	20	0	2013-01-01 20:00:00
2013	1	1	1952	1930	22	2257	2251	6	UA	1416	N76523	EWR	SEA	342	2402	19	30	2013-01-01 19:00:00
2013	1	1	1955	2000	-5	2145	2151	-6	9E	3409	N920XJ	JFK	PIT	76	340	20	0	2013-01-01 20:00:00
2013	1	1	1957	2005	-8	2100	2126	-26	9E	4091	N8598B	JFK	BWI	41	184	20	5	2013-01-01 20:00:00
2013	1	1	1957	1945	12	2307	2329	-22	B6	645	N652JB	JFK	SFO	337	2586	19	45	2013-01-01 19:00:00
2013	1	1	1957	2000	-3	2321	2310	11	UA	299	N817UA	EWR	DFW	233	1372	20	0	2013-01-01 20:00:00
2013	1	1	1959	1930	29	2331	2306	25	DL	1181	N319NB	JFK	SAT	251	1587	19	30	2013-01-01 19:00:00
2013	1	1	1959	2000	-1	2310	2307	3	UA	1233	N76514	EWR	IAH	232	1400	20	0	2013-01-01 20:00:00
2013	1	1	2000	1930	30	2255	2140	75	EV	4361	N12567	EWR	TYS	138	631	19	30	2013-01-01 19:00:00
2013	1	1	2000	2000	0	2054	2110	-16	9E	3664	N836AY	JFK	PHL	30	94	20	0	2013-01-01 20:00:00
2013	1	1	2002	1955	7	2306	2310	-4	AA	1709	N3GSAA	LGA	MIA	159	1096	19	55	2013-01-01 19:00:00
2013	1	1	2003	2000	3	2302	2311	-9	UA	1680	N11206	EWR	MIA	154	1085	20	0	2013-01-01 20:00:00
2013	1	1	2006	1630	216	2230	1848	222	EV	4644	N14972	EWR	SAV	121	708	16	30	2013-01-01 16:00:00
2013	1	1	2006	2000	6	2132	2130	2	UA	1271	N12218	LGA	ORD	126	733	20	0	2013-01-01 20:00:00
2013	1	1	2008	1855	73	2223	2100	83	MQ	4649	N527MQ	LGA	MSP	163	1020	18	55	2013-01-01 18:00:00
2013	1	1	2008	2015	-7	2206	2210	-4	MQ	4555	N734MQ	LGA	CMH	91	479	20	15	2013-01-01 20:00:00
2013	1	1	2009	1808	121	2145	1942	123	EV	4440	N14143	EWR	PIT	65	319	18	8	2013-01-01 18:00:00
2013	1	1	2012	2016	-4	2154	2158	-4	UA	1204	N24715	EWR	CLE	77	404	20	16	2013-01-01 20:00:00
2013	1	1	2013	2015	-2	2120	2130	-10	AA	1762	N3BNAA	JFK	BOS	35	187	20	15	2013-01-01 20:00:00
2013	1	1	2015	2005	10	2149	2144	5	9E	3320	N931XJ	JFK	BUF	62	301	20	5	2013-01-01 20:00:00
2013	1	1	2016	1930	46	NA	2220	NA	EV	4204	N14168	EWR	OKC	NA	1325	19	30	2013-01-01 19:00:00
2013	1	1	2016	1940	36	2215	2125	50	MQ	3783	N509MQ	JFK	CMH	99	483	19	40	2013-01-01 19:00:00
2013	1	1	2017	1935	42	2223	2136	47	9E	3899	N8444F	JFK	CLE	91	425	19	35	2013-01-01 19:00:00
2013	1	1	2017	2015	2	2318	2321	-3	B6	47	N593JB	JFK	FLL	149	1069	20	15	2013-01-01 20:00:00
2013	1	1	2018	2020	-2	2314	2324	-10	UA	1299	N13718	EWR	RSW	157	1068	20	20	2013-01-01 20:00:00
2013	1	1	2020	2030	-10	2148	2155	-7	FL	354	N895AT	LGA	CAK	73	397	20	30	2013-01-01 20:00:00
2013	1	1	2021	2025	-4	2351	2341	10	B6	1069	N203JB	JFK	AUS	255	1521	20	25	2013-01-01 20:00:00
2013	1	1	2023	1945	38	2240	2206	34	9E	3352	N602LR	JFK	CVG	118	589	19	45	2013-01-01 19:00:00
2013	1	1	2024	1835	109	2328	2157	91	B6	359	N607JB	JFK	BUR	328	2465	18	35	2013-01-01 18:00:00
2013	1	1	2025	2030	-5	2334	2348	-14	DL	1318	N3740C	JFK	FLL	157	1069	20	30	2013-01-01 20:00:00
2013	1	1	2025	2028	-3	2358	2351	7	UA	1615	N76516	EWR	AUS	248	1504	20	28	2013-01-01 20:00:00
2013	1	1	2026	2004	22	2157	2133	24	EV	4224	N11189	EWR	MKE	130	725	20	4	2013-01-01 20:00:00
2013	1	1	2026	1930	56	2319	2229	50	B6	39	N558JB	JFK	PBI	150	1028	19	30	2013-01-01 19:00:00
2013	1	1	2026	1955	31	2205	2120	45	WN	195	N957WN	EWR	MDW	134	711	19	55	2013-01-01 19:00:00
2013	1	1	2030	2030	0	2132	2139	-7	EV	4660	N14203	EWR	MHT	33	209	20	30	2013-01-01 20:00:00
2013	1	1	2030	2045	-15	2150	2225	-35	AA	371	N545AA	LGA	ORD	126	733	20	45	2013-01-01 20:00:00
2013	1	1	2030	2035	-5	2354	2342	12	B6	629	N192JB	JFK	HOU	245	1428	20	35	2013-01-01 20:00:00
2013	1	1	2030	2030	0	2308	2258	10	B6	115	N267JB	JFK	MSY	195	1182	20	30	2013-01-01 20:00:00
2013	1	1	2031	2030	1	2344	2335	9	UA	834	N822UA	EWR	IAH	223	1400	20	30	2013-01-01 20:00:00
2013	1	1	2033	2034	-1	2134	2151	-17	UA	994	N486UA	EWR	BOS	35	200	20	34	2013-01-01 20:00:00
2013	1	1	2035	2030	5	2337	5	-28	UA	1482	N38268	EWR	LAX	333	2454	20	30	2013-01-01 20:00:00
2013	1	1	2037	2010	27	2224	2150	34	EV	4356	N15572	EWR	RDU	78	416	20	10	2013-01-01 20:00:00
2013	1	1	2040	2040	0	2317	2314	3	B6	619	N184JB	JFK	JAX	131	828	20	40	2013-01-01 20:00:00
2013	1	1	2046	2035	11	2144	2213	-29	9E	3357	N916XJ	JFK	DCA	43	213	20	35	2013-01-01 20:00:00
2013	1	1	2046	2050	-4	2328	2356	-28	UA	926	N414UA	EWR	MCO	136	937	20	50	2013-01-01 20:00:00
2013	1	1	2050	1959	51	2229	2144	45	MQ	4423	N853MQ	JFK	RDU	83	427	19	59	2013-01-01 19:00:00
2013	1	1	2052	2029	23	2349	2350	-1	B6	165	N536JB	JFK	PDX	331	2454	20	29	2013-01-01 20:00:00
2013	1	1	2052	2045	7	2357	2359	-2	B6	147	N535JB	JFK	RSW	163	1074	20	45	2013-01-01 20:00:00
2013	1	1	2053	2055	-2	2254	2250	4	MQ	4573	N730MQ	LGA	DTW	102	502	20	55	2013-01-01 20:00:00
2013	1	1	2055	2100	-5	2350	2355	-5	UA	380	N441UA	EWR	PBI	142	1023	21	0	2013-01-01 21:00:00
2013	1	1	2056	2004	52	2156	2112	44	EV	4170	N12540	EWR	ALB	31	143	20	4	2013-01-01 20:00:00
2013	1	1	2056	1944	72	2210	2109	61	EV	4692	N11536	EWR	IAD	51	212	19	44	2013-01-01 19:00:00
2013	1	1	2056	2100	-4	2337	2343	-6	B6	399	N510JB	LGA	MCO	140	950	21	0	2013-01-01 21:00:00
2013	1	1	2056	2100	-4	2240	2235	5	MQ	4507	N856MQ	LGA	RDU	77	431	21	0	2013-01-01 21:00:00
2013	1	1	2057	2100	-3	2237	2220	17	MQ	3744	N521MQ	EWR	ORD	133	719	21	0	2013-01-01 21:00:00
2013	1	1	2058	2100	-2	2342	2317	25	EV	4088	N14953	EWR	SDF	136	642	21	0	2013-01-01 21:00:00
2013	1	1	2058	2100	-2	2235	2230	5	WN	946	N509SW	LGA	MDW	134	725	21	0	2013-01-01 21:00:00
2013	1	1	2058	2100	-2	8	2359	9	UA	1241	N27724	EWR	TPA	159	997	21	0	2013-01-01 21:00:00
2013	1	1	2100	2100	0	2307	2250	17	MQ	4584	N0EGMQ	LGA	CLT	101	544	21	0	2013-01-01 21:00:00
2013	1	1	2101	2050	11	2156	2202	-6	B6	1020	N587JB	JFK	BOS	34	187	20	50	2013-01-01 20:00:00
2013	1	1	2102	2108	-6	146	158	-12	UA	1180	N78511	EWR	SJU	199	1608	21	8	2013-01-01 21:00:00
2013	1	1	2103	2110	-7	2345	17	-32	DL	1668	N3738B	JFK	LAS	309	2248	21	10	2013-01-01 21:00:00
2013	1	1	2107	2040	27	2354	2359	-5	B6	677	N779JB	JFK	LAX	323	2475	20	40	2013-01-01 20:00:00
2013	1	1	2108	2057	11	25	39	-14	UA	1517	N17245	EWR	SFO	354	2565	20	57	2013-01-01 20:00:00
2013	1	1	2109	2115	-6	2351	2357	-6	B6	529	N796JB	EWR	MCO	138	937	21	15	2013-01-01 21:00:00
2013	1	1	2110	2020	50	2340	2245	55	MQ	4662	N532MQ	LGA	ATL	127	762	20	20	2013-01-01 20:00:00
2013	1	1	2115	2110	5	2240	2223	17	EV	4119	N15986	EWR	RIC	65	277	21	10	2013-01-01 21:00:00
2013	1	1	2115	1700	255	2330	1920	250	9E	3347	N924XJ	JFK	CVG	115	589	17	0	2013-01-01 17:00:00
2013	1	1	2116	2110	6	2202	2212	-10	EV	4404	N15912	EWR	PVD	28	160	21	10	2013-01-01 21:00:00
2013	1	1	2119	1930	109	2358	2136	142	EV	4543	N13123	EWR	DSM	200	1017	19	30	2013-01-01 19:00:00
2013	1	1	2120	2130	-10	16	18	-2	B6	383	N603JB	LGA	FLL	160	1076	21	30	2013-01-01 21:00:00
2013	1	1	2121	2040	41	6	2323	43	B6	227	N307JB	EWR	MCO	143	937	20	40	2013-01-01 20:00:00
2013	1	1	2122	2125	-3	2312	2250	22	MQ	4660	N1EAMQ	LGA	BNA	153	764	21	25	2013-01-01 21:00:00
2013	1	1	2128	2135	-7	26	50	-24	AA	185	N338AA	JFK	LAX	338	2475	21	35	2013-01-01 21:00:00
2013	1	1	2128	2125	3	2243	2240	3	MQ	4449	N810MQ	JFK	DCA	54	213	21	25	2013-01-01 21:00:00
2013	1	1	2129	2120	9	2342	2351	-9	B6	97	N625JB	JFK	DEN	223	1626	21	20	2013-01-01 21:00:00
2013	1	1	2134	2045	49	20	2352	28	UA	1106	N27733	EWR	FLL	152	1065	20	45	2013-01-01 20:00:00
2013	1	1	2136	2145	-9	25	39	-14	B6	515	N198JB	EWR	FLL	154	1065	21	45	2013-01-01 21:00:00
2013	1	1	2140	2135	5	210	224	-14	B6	701	N284JB	JFK	SJU	189	1598	21	35	2013-01-01 21:00:00
2013	1	1	2157	2155	2	43	41	2	B6	43	N537JB	JFK	MCO	140	944	21	55	2013-01-01 21:00:00
2013	1	1	2158	2200	-2	2254	2307	-13	EV	4103	N14998	EWR	BWI	36	169	22	0	2013-01-01 22:00:00
2013	1	1	2205	1720	285	46	2040	246	AA	1999	N5DNAA	EWR	MIA	146	1085	17	20	2013-01-01 17:00:00
2013	1	1	2209	2145	24	58	37	21	B6	35	N608JB	JFK	PBI	143	1028	21	45	2013-01-01 21:00:00
2013	1	1	2209	2155	14	2400	2337	23	B6	1109	N216JB	JFK	RDU	86	427	21	55	2013-01-01 21:00:00
2013	1	1	2211	2145	26	2339	2311	28	B6	104	N228JB	JFK	BUF	64	301	21	45	2013-01-01 21:00:00
2013	1	1	2217	2229	-12	249	315	-26	B6	713	N547JB	JFK	SJU	191	1598	22	29	2013-01-01 22:00:00
2013	1	1	2217	2130	47	140	27	73	B6	21	N516JB	JFK	TPA	163	1005	21	30	2013-01-01 21:00:00
2013	1	1	2221	2000	141	2331	2124	127	EV	4462	N13566	EWR	BUF	56	282	20	0	2013-01-01 20:00:00
2013	1	1	2224	2200	24	2324	2316	8	EV	4206	N16561	EWR	PWM	47	284	22	0	2013-01-01 22:00:00
2013	1	1	2229	2159	30	149	100	49	B6	11	N531JB	JFK	FLL	153	1069	21	59	2013-01-01 21:00:00
2013	1	1	2240	2245	-5	2340	2356	-16	B6	608	N279JB	JFK	PWM	44	273	22	45	2013-01-01 22:00:00
2013	1	1	2250	2255	-5	2352	2359	-7	B6	1018	N521JB	JFK	BOS	37	187	22	55	2013-01-01 22:00:00
2013	1	1	2302	2200	62	2342	2253	49	EV	4276	N13903	EWR	BDL	24	116	22	0	2013-01-01 22:00:00
2013	1	1	2306	2245	21	28	5	23	B6	30	N281JB	JFK	ROC	59	264	22	45	2013-01-01 22:00:00
2013	1	1	2307	2245	22	32	2357	35	B6	128	N178JB	JFK	BTV	59	266	22	45	2013-01-01 22:00:00
2013	1	1	2310	2255	15	24	15	9	B6	112	N646JB	JFK	BUF	57	301	22	55	2013-01-01 22:00:00
2013	1	1	2312	2000	192	21	2110	191	EV	4312	N13958	EWR	DCA	44	199	20	0	2013-01-01 20:00:00
2013	1	1	2323	2200	83	22	2313	69	EV	4257	N13538	EWR	BTV	44	266	22	0	2013-01-01 22:00:00
2013	1	1	2326	2130	116	131	18	73	B6	199	N594JB	JFK	LAS	290	2248	21	30	2013-01-01 21:00:00
2013	1	1	2327	2250	37	32	2359	33	B6	22	N639JB	JFK	SYR	45	209	22	50	2013-01-01 22:00:00
2013	1	1	2343	1724	379	314	1938	456	EV	4321	N21197	EWR	MCI	222	1092	17	24	2013-01-01 17:00:00
2013	1	1	2353	2359	-6	425	445	-20	B6	739	N591JB	JFK	PSE	195	1617	23	59	2013-01-01 23:00:00
2013	1	1	2353	2359	-6	418	442	-24	B6	707	N794JB	JFK	SJU	185	1598	23	59	2013-01-01 23:00:00
2013	1	1	2356	2359	-3	425	437	-12	B6	727	N588JB	JFK	BQN	186	1576	23	59	2013-01-01 23:00:00
2013	1	1	NA	1630	NA	NA	1815	NA	EV	4308	N18120	EWR	RDU	NA	416	16	30	2013-01-01 16:00:00
2013	1	1	NA	1935	NA	NA	2240	NA	AA	791	N3EHAA	LGA	DFW	NA	1389	19	35	2013-01-01 19:00:00
2013	1	1	NA	1500	NA	NA	1825	NA	AA	1925	N3EVAA	LGA	MIA	NA	1096	15	0	2013-01-01 15:00:00
2013	1	1	NA	600	NA	NA	901	NA	B6	125	N618JB	JFK	FLL	NA	1069	6	0	2013-01-01 06:00:00
2013	11	1	5	2359	6	352	345	7	B6	745	N568JB	JFK	PSE	205	1617	23	59	2013-11-01 23:00:00
2013	11	1	35	2250	105	123	2356	87	B6	1816	N353JB	JFK	SYR	36	209	22	50	2013-11-01 22:00:00
2013	11	1	455	500	-5	641	651	-10	US	1895	N192UW	EWR	CLT	88	529	5	0	2013-11-01 05:00:00
2013	11	1	539	545	-6	856	827	29	UA	1714	N38727	LGA	IAH	229	1416	5	45	2013-11-01 05:00:00
2013	11	1	542	545	-3	831	855	-24	AA	2243	N5CLAA	JFK	MIA	147	1089	5	45	2013-11-01 05:00:00
2013	11	1	549	600	-11	912	923	-11	UA	303	N595UA	JFK	SFO	359	2586	6	0	2013-11-01 06:00:00
2013	11	1	550	600	-10	705	659	6	US	2167	N748UW	LGA	DCA	57	214	6	0	2013-11-01 06:00:00
2013	11	1	554	600	-6	659	701	-2	US	2134	N742PS	LGA	BOS	40	184	6	0	2013-11-01 06:00:00
2013	11	1	554	600	-6	826	827	-1	DL	563	N912DE	LGA	ATL	126	762	6	0	2013-11-01 06:00:00
2013	11	1	554	600	-6	749	751	-2	DL	731	N315NB	LGA	DTW	93	502	6	0	2013-11-01 06:00:00
2013	11	1	555	600	-5	847	854	-7	B6	605	N640JB	EWR	FLL	149	1065	6	0	2013-11-01 06:00:00
2013	11	1	555	600	-5	839	846	-7	B6	583	N661JB	JFK	MCO	136	944	6	0	2013-11-01 06:00:00
2013	11	1	555	600	-5	929	943	-14	B6	1403	N746JB	JFK	SJU	196	1598	6	0	2013-11-01 06:00:00
2013	11	1	556	600	-4	834	851	-17	UA	407	N834UA	EWR	TPA	142	997	6	0	2013-11-01 06:00:00
2013	11	1	558	600	-2	727	730	-3	UA	279	N459UA	EWR	ORD	118	719	6	0	2013-11-01 06:00:00
2013	11	1	558	600	-2	650	658	-8	US	1909	N950UW	LGA	PHL	38	96	6	0	2013-11-01 06:00:00
2013	11	1	558	600	-2	914	905	9	AA	1175	N3GHAA	LGA	MIA	155	1096	6	0	2013-11-01 06:00:00
2013	11	1	558	600	-2	720	715	5	WN	464	N390SW	EWR	MDW	117	711	6	0	2013-11-01 06:00:00
2013	11	1	559	600	-1	756	730	26	AA	301	N4YHAA	LGA	ORD	119	733	6	0	2013-11-01 06:00:00
2013	11	1	600	600	0	709	716	-7	EV	5716	N820AS	JFK	IAD	49	228	6	0	2013-11-01 06:00:00
2013	11	1	600	600	0	725	721	4	UA	1198	N23707	LGA	ORD	121	733	6	0	2013-11-01 06:00:00
2013	11	1	601	600	1	853	856	-3	B6	371	N570JB	LGA	FLL	150	1076	6	0	2013-11-01 06:00:00
2013	11	1	601	610	-9	803	813	-10	DL	1919	N922DL	LGA	MSP	153	1020	6	10	2013-11-01 06:00:00
2013	11	1	602	600	2	843	815	28	FL	345	N353AT	LGA	ATL	131	762	6	0	2013-11-01 06:00:00
2013	11	1	603	600	3	717	711	6	EV	4533	N11109	EWR	BUF	53	282	6	0	2013-11-01 06:00:00
2013	11	1	604	610	-6	855	855	0	AA	1103	N3FTAA	LGA	DFW	205	1389	6	10	2013-11-01 06:00:00
2013	11	1	606	615	-9	746	750	-4	MQ	3525	N834MQ	LGA	RDU	74	431	6	15	2013-11-01 06:00:00
2013	11	1	606	615	-9	807	817	-10	US	1899	N199UW	JFK	CLT	93	541	6	15	2013-11-01 06:00:00
2013	11	1	606	610	-4	752	745	7	WN	2609	N440LV	LGA	STL	142	888	6	10	2013-11-01 06:00:00
2013	11	1	607	611	-4	857	912	-15	B6	601	N597JB	JFK	FLL	149	1069	6	11	2013-11-01 06:00:00
2013	11	1	608	615	-7	816	821	-5	EV	4471	N14993	EWR	CLT	98	529	6	15	2013-11-01 06:00:00
2013	11	1	609	615	-6	807	818	-11	US	1989	N174US	EWR	CLT	89	529	6	15	2013-11-01 06:00:00
2013	11	1	613	620	-7	810	810	0	MQ	3351	N528MQ	LGA	DTW	91	502	6	20	2013-11-01 06:00:00
2013	11	1	615	619	-4	753	819	-26	EV	5503	N134EV	EWR	MSP	142	1008	6	19	2013-11-01 06:00:00
2013	11	1	618	625	-7	725	735	-10	B6	2180	N183JB	EWR	BOS	44	200	6	25	2013-11-01 06:00:00
2013	11	1	619	620	-1	723	728	-5	EV	4241	N19966	EWR	DCA	48	199	6	20	2013-11-01 06:00:00
2013	11	1	620	622	-2	837	827	10	EV	4150	N11535	EWR	CVG	113	569	6	22	2013-11-01 06:00:00
2013	11	1	620	620	0	754	740	14	WN	423	N8604K	LGA	MDW	117	725	6	20	2013-11-01 06:00:00
2013	11	1	623	630	-7	839	839	0	EV	4393	N13538	EWR	IND	114	645	6	30	2013-11-01 06:00:00
2013	11	1	623	630	-7	806	808	-2	EV	4424	N12157	EWR	RDU	73	416	6	30	2013-11-01 06:00:00
2013	11	1	623	600	23	806	758	8	EV	5068	N723EV	EWR	DTW	86	488	6	0	2013-11-01 06:00:00
2013	11	1	623	630	-7	834	914	-40	US	534	N648AW	EWR	PHX	292	2133	6	30	2013-11-01 06:00:00
2013	11	1	624	630	-6	927	922	5	UA	797	N510UA	JFK	LAX	324	2475	6	30	2013-11-01 06:00:00
2013	11	1	624	629	-5	926	929	-3	AA	1205	N3AJAA	EWR	MIA	156	1085	6	29	2013-11-01 06:00:00
2013	11	1	625	630	-5	907	850	17	MQ	3550	N6EAMQ	LGA	ATL	129	762	6	30	2013-11-01 06:00:00
2013	11	1	625	630	-5	901	851	10	DL	575	N341NB	EWR	ATL	127	746	6	30	2013-11-01 06:00:00
2013	11	1	626	630	-4	806	805	1	AA	303	N586AA	LGA	ORD	120	733	6	30	2013-11-01 06:00:00
2013	11	1	626	630	-4	920	919	1	B6	1099	N705JB	LGA	MCO	138	950	6	30	2013-11-01 06:00:00
2013	11	1	627	630	-3	818	813	5	EV	4334	N14959	EWR	CMH	83	463	6	30	2013-11-01 06:00:00
2013	11	1	628	630	-2	905	840	25	US	2085	N554UW	LGA	CLT	104	544	6	30	2013-11-01 06:00:00
2013	11	1	628	630	-2	946	919	27	UA	1454	N15712	LGA	IAH	235	1416	6	30	2013-11-01 06:00:00
2013	11	1	628	630	-2	801	806	-5	B6	905	N247JB	JFK	ORD	119	740	6	30	2013-11-01 06:00:00
2013	11	1	628	632	-4	938	940	-2	B6	929	N590JB	JFK	RSW	169	1074	6	32	2013-11-01 06:00:00
2013	11	1	628	635	-7	920	929	-9	B6	525	N633JB	JFK	TPA	155	1005	6	35	2013-11-01 06:00:00
2013	11	1	630	630	0	921	918	3	US	495	N553UW	JFK	PHX	296	2153	6	30	2013-11-01 06:00:00
2013	11	1	633	635	-2	735	747	-12	UA	1463	N39726	EWR	BOS	44	200	6	35	2013-11-01 06:00:00
2013	11	1	636	641	-5	812	805	7	EV	4522	N16963	EWR	BNA	129	748	6	41	2013-11-01 06:00:00
2013	11	1	636	637	-1	931	923	8	UA	1144	N75433	EWR	MCO	146	937	6	37	2013-11-01 06:00:00
2013	11	1	636	645	-9	936	907	29	B6	675	N358JB	JFK	MSY	209	1182	6	45	2013-11-01 06:00:00
2013	11	1	637	640	-3	918	905	13	DL	1743	N388DA	JFK	ATL	127	760	6	40	2013-11-01 06:00:00
2013	11	1	638	630	8	948	946	2	UA	1668	N75436	EWR	SFO	345	2565	6	30	2013-11-01 06:00:00
2013	11	1	639	635	4	830	833	-3	EV	4535	N12201	EWR	MSP	146	1008	6	35	2013-11-01 06:00:00
2013	11	1	640	640	0	838	838	0	EV	4166	N14203	EWR	GSP	96	594	6	40	2013-11-01 06:00:00
2013	11	1	640	630	10	837	833	4	US	2052	N555AY	EWR	CLT	97	529	6	30	2013-11-01 06:00:00
2013	11	1	643	645	-2	817	821	-4	9E	3496	N904XJ	LGA	PIT	64	335	6	45	2013-11-01 06:00:00
2013	11	1	644	650	-6	814	819	-5	UA	1622	N24729	EWR	ORD	123	719	6	50	2013-11-01 06:00:00
2013	11	1	646	655	-9	837	840	-3	MQ	3599	N513MQ	LGA	MSP	149	1020	6	55	2013-11-01 06:00:00
2013	11	1	646	650	-4	758	759	-1	B6	318	N284JB	JFK	BOS	39	187	6	50	2013-11-01 06:00:00
2013	11	1	648	648	0	926	913	13	UA	511	N533UA	EWR	LAS	291	2227	6	48	2013-11-01 06:00:00
2013	11	1	651	640	11	812	807	5	EV	4422	N12136	EWR	PIT	63	319	6	40	2013-11-01 06:00:00
2013	11	1	651	600	51	801	717	44	EV	5747	N829AS	LGA	IAD	49	229	6	0	2013-11-01 06:00:00
2013	11	1	651	652	-1	945	954	-9	UA	1439	N53442	EWR	LAX	332	2454	6	52	2013-11-01 06:00:00
2013	11	1	652	700	-8	842	838	4	EV	3829	N12921	EWR	STL	148	872	7	0	2013-11-01 07:00:00
2013	11	1	652	659	-7	912	859	13	MQ	3676	N539MQ	LGA	CLT	108	544	6	59	2013-11-01 06:00:00
2013	11	1	652	700	-8	956	1025	-29	DL	430	N624AG	JFK	SFO	336	2586	7	0	2013-11-01 07:00:00
2013	11	1	653	655	-2	913	914	-1	UA	343	N566UA	LGA	DEN	224	1620	6	55	2013-11-01 06:00:00
2013	11	1	653	700	-7	802	808	-6	US	2136	N954UW	LGA	BOS	38	184	7	0	2013-11-01 07:00:00
2013	11	1	653	700	-7	803	809	-6	US	2169	N704US	LGA	DCA	50	214	7	0	2013-11-01 07:00:00
2013	11	1	653	701	-8	850	831	19	B6	2702	N645JB	JFK	BUF	62	301	7	1	2013-11-01 07:00:00
2013	11	1	653	700	-7	947	1001	-14	DL	1879	N359NB	LGA	FLL	154	1076	7	0	2013-11-01 07:00:00
2013	11	1	654	700	-6	816	833	-17	UA	331	N835UA	LGA	ORD	118	733	7	0	2013-11-01 07:00:00
2013	11	1	654	700	-6	NA	1015	NA	B6	23	N805JB	JFK	LAX	NA	2475	7	0	2013-11-01 07:00:00
2013	11	1	655	659	-4	944	912	32	EV	4122	N16911	EWR	SDF	133	642	6	59	2013-11-01 06:00:00
2013	11	1	655	659	-4	910	903	7	9E	3769	N832AY	EWR	CVG	113	569	6	59	2013-11-01 06:00:00
2013	11	1	655	700	-5	1030	1051	-21	B6	3	N793JB	JFK	SJU	194	1598	7	0	2013-11-01 07:00:00
2013	11	1	655	655	0	1036	1101	-25	DL	315	N6708D	JFK	SJU	192	1598	6	55	2013-11-01 06:00:00
2013	11	1	656	659	-3	936	955	-19	UA	537	N430UA	EWR	PBI	144	1023	6	59	2013-11-01 06:00:00
2013	11	1	656	700	-4	1005	1020	-15	UA	821	N555UA	JFK	SFO	343	2586	7	0	2013-11-01 07:00:00
2013	11	1	657	705	-8	940	953	-13	DL	2285	N358NB	LGA	MCO	136	950	7	5	2013-11-01 07:00:00
2013	11	1	657	655	2	809	810	-1	WN	404	N431WN	LGA	MKE	113	738	6	55	2013-11-01 06:00:00
2013	11	1	658	700	-2	952	1005	-13	UA	482	N440UA	EWR	FLL	156	1065	7	0	2013-11-01 07:00:00
2013	11	1	658	700	-2	936	942	-6	DL	1547	N903DE	LGA	ATL	126	762	7	0	2013-11-01 07:00:00
2013	11	1	658	700	-2	1329	1015	194	VX	399	N629VA	JFK	LAX	336	2475	7	0	2013-11-01 07:00:00
2013	11	1	659	705	-6	832	845	-13	WN	1265	N489WN	EWR	STL	135	872	7	5	2013-11-01 07:00:00
2013	11	1	700	704	-4	1016	1025	-9	DL	1415	N709TW	JFK	SLC	275	1990	7	4	2013-11-01 07:00:00
2013	11	1	701	710	-9	841	845	-4	AA	305	N492AA	LGA	ORD	120	733	7	10	2013-11-01 07:00:00
2013	11	1	701	655	6	954	920	34	AA	1263	N619AA	JFK	LAS	306	2248	6	55	2013-11-01 06:00:00
2013	11	1	703	705	-2	1018	955	23	AA	1107	N3FWAA	LGA	DFW	212	1389	7	5	2013-11-01 07:00:00
2013	11	1	705	710	-5	911	911	0	EV	4155	N12569	EWR	GRR	102	605	7	10	2013-11-01 07:00:00
2013	11	1	706	700	6	1011	1008	3	UA	1299	N45440	EWR	RSW	163	1068	7	0	2013-11-01 07:00:00
2013	11	1	706	710	-4	1024	1022	2	DL	2003	N318NB	LGA	MIA	166	1096	7	10	2013-11-01 07:00:00
2013	11	1	708	710	-2	1016	1025	-9	AA	1345	N617AA	JFK	MIA	140	1089	7	10	2013-11-01 07:00:00
2013	11	1	712	710	2	1005	1000	5	AA	2493	N5CBAA	JFK	MCO	132	944	7	10	2013-11-01 07:00:00
2013	11	1	713	725	-12	950	945	5	MQ	3547	N724MQ	LGA	XNA	191	1147	7	25	2013-11-01 07:00:00
2013	11	1	714	720	-6	1008	1030	-22	AS	15	N403AS	EWR	SEA	331	2402	7	20	2013-11-01 07:00:00
2013	11	1	718	730	-12	922	929	-7	DL	831	N348NB	LGA	DTW	95	502	7	30	2013-11-01 07:00:00
2013	11	1	718	730	-12	1023	1055	-32	VX	183	N855VA	EWR	SFO	343	2565	7	30	2013-11-01 07:00:00
2013	11	1	719	720	-1	1033	1000	33	UA	261	N523UA	LGA	IAH	225	1416	7	20	2013-11-01 07:00:00
2013	11	1	719	700	19	1022	1012	10	DL	120	N717TW	JFK	LAX	333	2475	7	0	2013-11-01 07:00:00
2013	11	1	720	723	-3	1021	1025	-4	UA	421	N504UA	EWR	SFO	337	2565	7	23	2013-11-01 07:00:00
2013	11	1	720	725	-5	1003	1002	1	B6	677	N355JB	JFK	JAX	129	828	7	25	2013-11-01 07:00:00
2013	11	1	721	730	-9	1030	1020	10	AA	1381	N4YRAA	EWR	DFW	218	1372	7	30	2013-11-01 07:00:00
2013	11	1	722	725	-3	1007	953	14	UA	1548	N24702	EWR	MSY	195	1167	7	25	2013-11-01 07:00:00
2013	11	1	726	725	1	1035	1008	27	UA	322	N664UA	EWR	IAH	212	1400	7	25	2013-11-01 07:00:00
2013	11	1	726	735	-9	1040	1040	0	DL	183	N712TW	JFK	SEA	334	2422	7	35	2013-11-01 07:00:00
2013	11	1	726	730	-4	1054	1100	-6	VX	11	N844VA	JFK	SFO	348	2586	7	30	2013-11-01 07:00:00
2013	11	1	727	725	2	832	839	-7	UA	424	N417UA	EWR	BOS	45	200	7	25	2013-11-01 07:00:00
2013	11	1	728	729	-1	1015	1020	-5	B6	461	N715JB	LGA	PBI	148	1035	7	29	2013-11-01 07:00:00
2013	11	1	730	730	0	1110	1120	-10	B6	1289	N763JB	EWR	SJU	201	1608	7	30	2013-11-01 07:00:00
2013	11	1	731	735	-4	1031	1035	-4	AA	2279	N3HJAA	LGA	MIA	155	1096	7	35	2013-11-01 07:00:00
2013	11	1	733	737	-4	914	915	-1	EV	3821	N21130	EWR	GSO	81	445	7	37	2013-11-01 07:00:00
2013	11	1	733	740	-7	949	945	4	EV	4111	N26549	EWR	CHS	109	628	7	40	2013-11-01 07:00:00
2013	11	1	733	736	-3	1146	920	NA	B6	885	N316JB	JFK	RDU	NA	427	7	36	2013-11-01 07:00:00
2013	11	1	734	600	94	1015	829	106	EV	4137	N14953	EWR	ATL	131	746	6	0	2013-11-01 06:00:00
2013	11	1	736	740	-4	906	900	6	MQ	3759	N530MQ	EWR	ORD	113	719	7	40	2013-11-01 07:00:00
2013	11	1	739	745	-6	1016	1009	7	DL	807	N326US	EWR	ATL	126	746	7	45	2013-11-01 07:00:00
2013	11	1	739	740	-1	1056	1035	21	WN	1808	N772SW	LGA	HOU	230	1428	7	40	2013-11-01 07:00:00
2013	11	1	740	745	-5	1024	1043	-19	B6	1717	N593JB	LGA	TPA	150	1010	7	45	2013-11-01 07:00:00
2013	11	1	744	747	-3	1123	1139	-16	UA	1216	N36444	EWR	SJU	199	1608	7	47	2013-11-01 07:00:00
2013	11	1	745	750	-5	1037	1040	-3	MQ	3052	N515MQ	JFK	TPA	148	1005	7	50	2013-11-01 07:00:00
2013	11	1	746	749	-3	940	946	-6	EV	4246	N16999	EWR	DTW	89	488	7	49	2013-11-01 07:00:00
2013	11	1	747	755	-8	905	910	-5	MQ	3370	N831MQ	JFK	DCA	57	213	7	55	2013-11-01 07:00:00
2013	11	1	748	754	-6	1040	1047	-7	UA	431	N832UA	EWR	DFW	208	1372	7	54	2013-11-01 07:00:00
2013	11	1	749	759	-10	938	948	-10	9E	3611	N8673D	JFK	PIT	70	340	7	59	2013-11-01 07:00:00
2013	11	1	749	746	3	1052	1050	2	B6	163	N665JB	JFK	SRQ	170	1041	7	46	2013-11-01 07:00:00
2013	11	1	750	755	-5	1100	1110	-10	AA	59	N370AA	JFK	SFO	345	2586	7	55	2013-11-01 07:00:00
2013	11	1	750	759	-9	912	934	-22	AA	307	N475AA	LGA	ORD	120	733	7	59	2013-11-01 07:00:00
2013	11	1	751	755	-4	951	1000	-9	B6	1273	N373JB	JFK	CHS	106	636	7	55	2013-11-01 07:00:00
2013	11	1	752	800	-8	1054	1026	28	9E	3507	N934XJ	JFK	MSY	196	1182	8	0	2013-11-01 08:00:00
2013	11	1	752	755	-3	907	910	-3	WN	909	N258WN	EWR	MDW	114	711	7	55	2013-11-01 07:00:00
2013	11	1	753	756	-3	946	959	-13	US	1733	N167US	LGA	CLT	92	544	7	56	2013-11-01 07:00:00
2013	11	1	753	800	-7	851	907	-16	US	2138	N952UW	LGA	BOS	43	184	8	0	2013-11-01 08:00:00
2013	11	1	753	800	-7	1036	1048	-12	DL	1959	N3773D	JFK	MCO	140	944	8	0	2013-11-01 08:00:00
2013	11	1	755	800	-5	1004	1022	-18	UA	561	N511UA	LGA	DEN	219	1620	8	0	2013-11-01 08:00:00
2013	11	1	755	800	-5	954	1005	-11	9E	3353	N907XJ	JFK	DTW	90	509	8	0	2013-11-01 08:00:00
2013	11	1	755	759	-4	1056	1049	7	AA	1111	N3DJAA	LGA	DFW	208	1389	7	59	2013-11-01 07:00:00
2013	11	1	756	805	-9	1001	1022	-21	EV	4364	N17159	EWR	MCI	167	1092	8	5	2013-11-01 08:00:00
2013	11	1	756	759	-3	1032	1030	2	DL	2047	N6711M	LGA	ATL	124	762	7	59	2013-11-01 07:00:00
2013	11	1	757	805	-8	905	918	-13	EV	4866	N11194	EWR	BTV	43	266	8	5	2013-11-01 08:00:00
2013	11	1	757	800	-3	1048	1100	-12	AA	33	N329AA	JFK	LAX	329	2475	8	0	2013-11-01 08:00:00
2013	11	1	757	800	-3	1100	1111	-11	B6	1511	N779JB	EWR	RSW	159	1068	8	0	2013-11-01 08:00:00
2013	11	1	758	800	-2	922	933	-11	UA	544	N847UA	LGA	ORD	116	733	8	0	2013-11-01 08:00:00
2013	11	1	758	800	-2	1103	1117	-14	DL	2431	N976DL	JFK	MIA	154	1089	8	0	2013-11-01 08:00:00
2013	11	1	759	800	-1	931	915	16	US	2171	N768US	LGA	DCA	59	214	8	0	2013-11-01 08:00:00
2013	11	1	759	805	-6	1033	1034	-1	DL	2457	N343NW	LGA	MSY	193	1183	8	5	2013-11-01 08:00:00
2013	11	1	800	610	110	940	724	136	EV	6177	N36915	EWR	IAD	59	212	6	10	2013-11-01 06:00:00
2013	11	1	800	757	3	1017	1024	-7	UA	245	N822UA	EWR	DEN	233	1605	7	57	2013-11-01 07:00:00
2013	11	1	800	805	-5	1035	1047	-12	9E	3528	N293PQ	LGA	JAX	129	833	8	5	2013-11-01 08:00:00
2013	11	1	801	800	1	955	1013	-18	9E	3538	N928XJ	JFK	MSP	148	1029	8	0	2013-11-01 08:00:00
2013	11	1	801	805	-4	1102	1106	-4	DL	1109	N316NB	LGA	TPA	151	1010	8	5	2013-11-01 08:00:00
2013	11	1	802	805	-3	1107	1123	-16	DL	1271	N991DL	JFK	FLL	155	1069	8	5	2013-11-01 08:00:00
2013	11	1	803	810	-7	952	955	-3	MQ	3272	N832MQ	LGA	CLE	78	419	8	10	2013-11-01 08:00:00
2013	11	1	803	800	3	924	929	-5	UA	1177	N27421	EWR	ORD	117	719	8	0	2013-11-01 08:00:00
2013	11	1	803	810	-7	1109	1111	-2	DL	1167	N302DQ	JFK	TPA	161	1005	8	10	2013-11-01 08:00:00
2013	11	1	805	808	-3	1056	1058	-2	UA	1154	N33292	EWR	TPA	147	997	8	8	2013-11-01 08:00:00
2013	11	1	805	805	0	1132	1139	-7	9E	3489	N917XJ	LGA	RSW	177	1080	8	5	2013-11-01 08:00:00
2013	11	1	807	810	-3	1041	1037	4	FL	346	N964AT	LGA	ATL	126	762	8	10	2013-11-01 08:00:00
2013	11	1	807	815	-8	937	947	-10	9E	3317	N935XJ	JFK	BUF	60	301	8	15	2013-11-01 08:00:00
2013	11	1	807	815	-8	1123	1123	0	B6	281	N307JB	JFK	HOU	228	1428	8	15	2013-11-01 08:00:00
2013	11	1	808	811	-3	1044	1106	-22	B6	1783	N643JB	JFK	MCO	137	944	8	11	2013-11-01 08:00:00
2013	11	1	810	810	0	1054	1108	-14	DL	857	N3765	JFK	SAN	323	2446	8	10	2013-11-01 08:00:00
2013	11	1	810	815	-5	1051	1055	-4	DL	1429	N609DL	JFK	LAS	306	2248	8	15	2013-11-01 08:00:00
2013	11	1	813	815	-2	1036	1050	-14	DL	914	N339NB	LGA	DEN	231	1620	8	15	2013-11-01 08:00:00
2013	11	1	814	755	19	956	935	21	MQ	3363	N807MQ	JFK	RDU	78	427	7	55	2013-11-01 07:00:00
2013	11	1	815	822	-7	1016	1014	2	EV	4691	N13955	EWR	DAY	82	533	8	22	2013-11-01 08:00:00
2013	11	1	815	820	-5	1028	1021	7	US	409	N601AW	EWR	CLT	97	529	8	20	2013-11-01 08:00:00
2013	11	1	820	825	-5	1053	1029	24	US	1831	N188US	JFK	CLT	108	541	8	25	2013-11-01 08:00:00
2013	11	1	822	830	-8	1042	1100	-18	F9	509	N216FR	LGA	DEN	232	1620	8	30	2013-11-01 08:00:00
2013	11	1	822	825	-3	929	935	-6	AA	84	N3FXAA	JFK	BOS	41	187	8	25	2013-11-01 08:00:00
2013	11	1	822	820	2	1210	1230	-20	AA	1357	N5EUAA	JFK	SJU	200	1598	8	20	2013-11-01 08:00:00
2013	11	1	822	829	-7	1034	1028	6	B6	219	N334JB	JFK	CLT	105	541	8	29	2013-11-01 08:00:00
2013	11	1	823	829	-6	1018	1029	-11	MQ	3478	N507MQ	LGA	DTW	85	502	8	29	2013-11-01 08:00:00
2013	11	1	823	825	-2	1127	1148	-21	UA	397	N512UA	JFK	SFO	344	2586	8	25	2013-11-01 08:00:00
2013	11	1	824	830	-6	946	1019	-33	EV	5195	N707EV	LGA	RIC	54	292	8	30	2013-11-01 08:00:00
2013	11	1	824	825	-1	1109	1120	-11	UA	478	N486UA	EWR	MCO	141	937	8	25	2013-11-01 08:00:00
2013	11	1	824	829	-5	1123	1139	-16	AA	2267	N3HRAA	LGA	MIA	156	1096	8	29	2013-11-01 08:00:00
2013	11	1	824	830	-6	1015	1028	-13	DL	1157	N355NB	EWR	MSP	145	1008	8	30	2013-11-01 08:00:00
2013	11	1	824	700	84	951	825	86	WN	3845	N961WN	EWR	BNA	127	748	7	0	2013-11-01 07:00:00
2013	11	1	825	830	-5	1021	1020	1	9E	3868	N8541D	JFK	RDU	79	427	8	30	2013-11-01 08:00:00
2013	11	1	826	830	-4	1131	1152	-21	UA	1480	N76526	EWR	SFO	341	2565	8	30	2013-11-01 08:00:00
2013	11	1	826	830	-4	1042	1053	-11	DL	479	N3741S	JFK	ATL	114	760	8	30	2013-11-01 08:00:00
2013	11	1	826	830	-4	1049	1055	-6	DL	1944	N378DA	JFK	ATL	116	760	8	30	2013-11-01 08:00:00
2013	11	1	826	830	-4	1027	1033	-6	DL	2119	N375NC	LGA	MSP	151	1020	8	30	2013-11-01 08:00:00
2013	11	1	827	810	17	1134	1119	15	UA	327	N827UA	EWR	PDX	341	2434	8	10	2013-11-01 08:00:00
2013	11	1	827	830	-3	1132	1122	10	UA	443	N502UA	JFK	LAX	330	2475	8	30	2013-11-01 08:00:00
2013	11	1	827	830	-3	949	1007	-18	9E	3579	N8432A	LGA	IAD	49	229	8	30	2013-11-01 08:00:00
2013	11	1	827	830	-3	1021	1007	14	9E	3521	N931XJ	JFK	ORD	125	740	8	30	2013-11-01 08:00:00
2013	11	1	828	835	-7	959	1000	-1	MQ	3355	N516MQ	LGA	BNA	128	764	8	35	2013-11-01 08:00:00
2013	11	1	829	832	-3	1016	959	17	9E	3492	N915XJ	JFK	DCA	72	213	8	32	2013-11-01 08:00:00
2013	11	1	834	829	5	1106	1100	6	EV	4388	N14173	EWR	JAX	127	820	8	29	2013-11-01 08:00:00
2013	11	1	837	842	-5	1141	1141	0	B6	1025	N586JB	JFK	TPA	160	1005	8	42	2013-11-01 08:00:00
2013	11	1	837	845	-8	1153	1206	-13	B6	795	N655JB	JFK	AUS	227	1521	8	45	2013-11-01 08:00:00
2013	11	1	837	805	32	1140	1108	32	DL	2395	N332NB	LGA	PBI	159	1035	8	5	2013-11-01 08:00:00
2013	11	1	838	840	-2	1028	1023	5	EV	4711	N19554	EWR	STL	146	872	8	40	2013-11-01 08:00:00
2013	11	1	840	843	-3	949	957	-8	UA	994	N801UA	EWR	BOS	39	200	8	43	2013-11-01 08:00:00
2013	11	1	840	843	-3	1058	1051	7	US	2071	N702UW	LGA	CLT	101	544	8	43	2013-11-01 08:00:00
2013	11	1	841	840	1	1013	1005	8	EV	5813	N14916	EWR	RIC	61	277	8	40	2013-11-01 08:00:00
2013	11	1	841	840	1	1028	1020	8	MQ	3531	N814MQ	LGA	RDU	76	431	8	40	2013-11-01 08:00:00
2013	11	1	841	840	1	1158	1145	13	UA	1401	N16713	EWR	MIA	160	1085	8	40	2013-11-01 08:00:00
2013	11	1	841	845	-4	1134	1140	-6	UA	1626	N73276	EWR	SAN	317	2425	8	45	2013-11-01 08:00:00
2013	11	1	842	835	7	1106	1100	6	UA	447	N482UA	EWR	PHX	287	2133	8	35	2013-11-01 08:00:00
2013	11	1	844	848	-4	1201	1226	-25	B6	15	N834JB	JFK	SFO	348	2586	8	48	2013-11-01 08:00:00
2013	11	1	844	850	-6	953	1006	-13	DL	2445	N349NB	JFK	BOS	39	187	8	50	2013-11-01 08:00:00
2013	11	1	845	850	-5	1007	1003	4	EV	3810	N13997	EWR	BUF	53	282	8	50	2013-11-01 08:00:00
2013	11	1	845	754	51	1013	911	62	B6	1307	N179JB	JFK	IAD	51	228	7	54	2013-11-01 07:00:00
2013	11	1	846	848	-2	1108	1110	-2	UA	1643	N14115	EWR	DEN	227	1605	8	48	2013-11-01 08:00:00
2013	11	1	846	836	10	1010	953	17	B6	2280	N216JB	EWR	BOS	46	200	8	36	2013-11-01 08:00:00
2013	11	1	849	840	9	1015	1000	15	EV	4252	N14562	EWR	MKE	112	725	8	40	2013-11-01 08:00:00
2013	11	1	849	855	-6	953	1033	-40	EV	5220	N708EV	LGA	ROC	43	254	8	55	2013-11-01 08:00:00
2013	11	1	849	855	-6	1217	1156	21	UA	207	N457UA	LGA	IAH	220	1416	8	55	2013-11-01 08:00:00
2013	11	1	850	759	51	1015	906	69	EV	3827	N13958	EWR	MHT	49	209	7	59	2013-11-01 07:00:00
2013	11	1	850	850	0	1102	1045	17	MQ	3407	N535MQ	LGA	CMH	83	479	8	50	2013-11-01 08:00:00
2013	11	1	850	855	-5	1227	1251	-24	DL	301	N3760C	JFK	SJU	192	1598	8	55	2013-11-01 08:00:00
2013	11	1	852	852	0	1146	1208	-22	UA	434	N809UA	EWR	SNA	319	2434	8	52	2013-11-01 08:00:00
2013	11	1	853	857	-4	1235	1151	44	UA	997	N558UA	EWR	LAX	318	2454	8	57	2013-11-01 08:00:00
2013	11	1	853	900	-7	958	1019	-21	B6	208	N374JB	JFK	PWM	46	273	9	0	2013-11-01 09:00:00
2013	11	1	853	900	-7	1146	1157	-11	B6	27	N592JB	EWR	MCO	141	937	9	0	2013-11-01 09:00:00
2013	11	1	853	900	-7	1143	1144	-1	DL	1747	N985DL	LGA	ATL	124	762	9	0	2013-11-01 09:00:00
2013	11	1	854	829	25	1128	1017	71	EV	4537	N10575	EWR	MEM	162	946	8	29	2013-11-01 08:00:00
2013	11	1	854	859	-5	1147	1159	-12	AA	1121	N3CWAA	LGA	DFW	204	1389	8	59	2013-11-01 08:00:00
2013	11	1	854	900	-6	1020	1022	-2	B6	586	N804JB	JFK	ROC	59	264	9	0	2013-11-01 09:00:00
2013	11	1	854	900	-6	1135	1131	4	DL	502	N335NB	EWR	ATL	130	746	9	0	2013-11-01 09:00:00
2013	11	1	855	900	-5	1031	1034	-3	UA	235	N839UA	LGA	ORD	118	733	9	0	2013-11-01 09:00:00
2013	11	1	855	900	-5	954	1016	-22	US	2140	N953UW	LGA	BOS	40	184	9	0	2013-11-01 09:00:00
2013	11	1	855	900	-5	1217	1228	-11	DL	269	N710TW	JFK	SFO	351	2586	9	0	2013-11-01 09:00:00
2013	11	1	855	905	-10	NA	1220	NA	VX	161	N853VA	EWR	LAX	NA	2454	9	5	2013-11-01 09:00:00
2013	11	1	856	900	-4	1630	1211	NA	DL	422	N713TW	JFK	LAX	NA	2475	9	0	2013-11-01 09:00:00
2013	11	1	858	840	18	1141	1055	46	EV	4419	N11119	EWR	XNA	175	1131	8	40	2013-11-01 08:00:00
2013	11	1	859	900	-1	1122	1023	59	US	2173	N744P	LGA	DCA	45	214	9	0	2013-11-01 09:00:00
2013	11	1	859	900	-1	1219	1206	13	UA	1581	N37464	EWR	SEA	336	2402	9	0	2013-11-01 09:00:00
2013	11	1	859	900	-1	1157	1210	-13	B6	189	N594JB	JFK	SAN	329	2446	9	0	2013-11-01 09:00:00
2013	11	1	900	900	0	1034	1025	9	UA	1030	N57855	EWR	ORD	118	719	9	0	2013-11-01 09:00:00
2013	11	1	900	900	0	1205	1206	-1	B6	1701	N641JB	JFK	FLL	164	1069	9	0	2013-11-01 09:00:00
2013	11	1	901	908	-7	1207	1204	3	B6	653	N524JB	JFK	PBI	154	1028	9	8	2013-11-01 09:00:00
2013	11	1	901	905	-4	1117	1115	2	DL	181	N372NW	LGA	DTW	95	502	9	5	2013-11-01 09:00:00
2013	11	1	904	837	27	1106	939	87	EV	4249	N16918	EWR	BWI	46	169	8	37	2013-11-01 08:00:00
2013	11	1	904	850	14	1027	1028	-1	EV	5286	N718EV	LGA	BTV	39	258	8	50	2013-11-01 08:00:00
2013	11	1	904	845	19	1040	958	42	9E	3841	N8944B	JFK	PHL	48	94	8	45	2013-11-01 08:00:00
2013	11	1	904	910	-6	1234	1229	5	DL	874	N317NB	LGA	MIA	169	1096	9	10	2013-11-01 09:00:00
2013	11	1	906	805	61	1101	1000	61	EV	5242	N755EV	LGA	GSO	79	461	8	5	2013-11-01 08:00:00
2013	11	1	907	910	-3	1032	1055	-23	AA	313	N490AA	LGA	ORD	122	733	9	10	2013-11-01 09:00:00
2013	11	1	908	910	-2	1013	1025	-12	B6	1634	N265JB	JFK	BTV	42	266	9	10	2013-11-01 09:00:00
2013	11	1	909	810	59	1059	954	65	EV	5463	N717EV	LGA	BNA	118	764	8	10	2013-11-01 08:00:00
2013	11	1	910	900	10	1235	1222	13	UA	1727	N79279	EWR	SFO	337	2565	9	0	2013-11-01 09:00:00
2013	11	1	912	915	-3	1151	1154	-3	EV	5211	N710EV	LGA	SAV	116	722	9	15	2013-11-01 09:00:00
2013	11	1	912	915	-3	NA	1230	NA	VX	407	N627VA	JFK	LAX	NA	2475	9	15	2013-11-01 09:00:00
2013	11	1	913	915	-2	1223	1230	-7	AA	1499	N5FKAA	JFK	MIA	159	1089	9	15	2013-11-01 09:00:00
2013	11	1	913	921	-8	NA	1235	NA	B6	223	N607JB	JFK	LAX	NA	2475	9	21	2013-11-01 09:00:00
2013	11	1	914	915	-1	1203	1222	-19	DL	1885	N989DL	LGA	MCO	142	950	9	15	2013-11-01 09:00:00
2013	11	1	915	915	0	1141	1143	-2	EV	5109	N391CA	LGA	CHS	101	641	9	15	2013-11-01 09:00:00
2013	11	1	916	921	-5	1239	1220	19	UA	497	N497UA	EWR	PBI	163	1023	9	21	2013-11-01 09:00:00
2013	11	1	920	925	-5	1153	1207	-14	9E	4065	N8886A	LGA	SDF	116	659	9	25	2013-11-01 09:00:00
2013	11	1	920	930	-10	1213	1221	-8	B6	199	N510JB	LGA	MCO	143	950	9	30	2013-11-01 09:00:00
2013	11	1	923	929	-6	1156	1138	18	EV	4087	N12922	EWR	IND	109	645	9	29	2013-11-01 09:00:00
2013	11	1	925	910	15	1606	1220	NA	AA	1	N336AA	JFK	LAX	NA	2475	9	10	2013-11-01 09:00:00
2013	11	1	927	929	-2	1253	1234	19	AA	1223	N403AA	EWR	DFW	209	1372	9	29	2013-11-01 09:00:00
2013	11	1	928	840	48	1152	1050	62	EV	4638	N14171	EWR	CVG	107	569	8	40	2013-11-01 08:00:00
2013	11	1	928	930	-2	1247	1237	10	B6	271	N588JB	LGA	FLL	161	1076	9	30	2013-11-01 09:00:00
2013	11	1	929	929	0	1144	1129	15	MQ	3565	N543MQ	LGA	CLT	98	544	9	29	2013-11-01 09:00:00
2013	11	1	930	930	0	1248	1245	3	WN	746	N7735A	EWR	AUS	220	1504	9	30	2013-11-01 09:00:00
2013	11	1	932	930	2	1316	1317	-1	B6	403	N659JB	JFK	SJU	197	1598	9	30	2013-11-01 09:00:00
2013	11	1	934	929	5	1153	1132	21	EV	4380	N11109	EWR	MSP	155	1008	9	29	2013-11-01 09:00:00
2013	11	1	936	902	34	1255	1148	67	UA	1711	N33289	EWR	IAH	212	1400	9	2	2013-11-01 09:00:00
2013	11	1	941	840	61	1219	1100	79	EV	5475	N612QX	LGA	CLT	96	544	8	40	2013-11-01 08:00:00
2013	11	1	941	940	1	1112	1120	-8	AA	317	N468AA	LGA	ORD	117	733	9	40	2013-11-01 09:00:00
2013	11	1	943	947	-4	1158	1151	7	EV	4714	N16170	EWR	CLT	101	529	9	47	2013-11-01 09:00:00
2013	11	1	943	949	-6	1247	1237	10	B6	483	N598JB	JFK	MCO	148	944	9	49	2013-11-01 09:00:00
2013	11	1	945	950	-5	1307	1310	-3	AA	1160	N3ARAA	LGA	MIA	157	1096	9	50	2013-11-01 09:00:00
2013	11	1	945	945	0	1219	1230	-11	VX	251	N837VA	JFK	LAS	309	2248	9	45	2013-11-01 09:00:00
2013	11	1	948	930	18	1205	1144	21	EV	4880	N605QX	LGA	MEM	150	963	9	30	2013-11-01 09:00:00
2013	11	1	950	1000	-10	1136	1120	16	US	2175	N748UW	LGA	DCA	48	214	10	0	2013-11-01 10:00:00
2013	11	1	950	953	-3	1304	1256	8	B6	5	N595JB	EWR	FLL	156	1065	9	53	2013-11-01 09:00:00
2013	11	1	951	1000	-9	1440	1450	-10	HA	51	N390HA	JFK	HNL	627	4983	10	0	2013-11-01 10:00:00
2013	11	1	951	1000	-9	1125	1113	12	US	2142	N945UW	LGA	BOS	48	184	10	0	2013-11-01 10:00:00
2013	11	1	952	929	23	1254	1234	20	UA	456	N479UA	EWR	FLL	157	1065	9	29	2013-11-01 09:00:00
2013	11	1	953	959	-6	1151	1144	7	AA	1030	N4YCAA	LGA	STL	131	888	9	59	2013-11-01 09:00:00
2013	11	1	955	1000	-5	1144	1134	10	UA	673	N403UA	LGA	ORD	116	733	10	0	2013-11-01 10:00:00
2013	11	1	955	1000	-5	1231	1245	-14	B6	411	N519JB	JFK	LAS	311	2248	10	0	2013-11-01 10:00:00
2013	11	1	956	1003	-7	1224	1202	22	EV	4255	N18557	EWR	CHS	109	628	10	3	2013-11-01 10:00:00
2013	11	1	957	1000	-3	1119	1128	-9	UA	698	N853UA	EWR	ORD	119	719	10	0	2013-11-01 10:00:00
2013	11	1	957	1005	-8	1209	1217	-8	DL	2319	N355NW	LGA	MSP	142	1020	10	5	2013-11-01 10:00:00
2013	11	1	958	1000	-2	1315	1244	31	DL	1847	N905DE	LGA	ATL	134	762	10	0	2013-11-01 10:00:00
2013	11	1	1000	959	1	1118	1113	5	UA	276	N844UA	EWR	BOS	44	200	9	59	2013-11-01 09:00:00
2013	11	1	1000	1004	-4	1323	1325	-2	UA	1583	N75432	EWR	SFO	336	2565	10	4	2013-11-01 10:00:00
2013	11	1	1002	1000	2	1312	1306	6	UA	1735	N37255	EWR	LAX	324	2454	10	0	2013-11-01 10:00:00
2013	11	1	1004	959	5	1108	1115	-7	EV	5711	N825AS	JFK	IAD	49	228	9	59	2013-11-01 09:00:00
2013	11	1	1004	951	13	1225	1207	18	UA	406	N446UA	EWR	DEN	225	1605	9	51	2013-11-01 09:00:00
2013	11	1	1006	1000	6	1141	1130	11	EV	5736	N909EV	LGA	IAD	47	229	10	0	2013-11-01 10:00:00
2013	11	1	1009	950	19	1224	1214	10	9E	4060	N8930E	LGA	DAY	93	549	9	50	2013-11-01 09:00:00
2013	11	1	1010	1010	0	1203	1135	28	MQ	3675	N524MQ	LGA	BNA	122	764	10	10	2013-11-01 10:00:00
2013	11	1	1011	1015	-4	1136	1130	6	MQ	3611	N527MQ	EWR	ORD	111	719	10	15	2013-11-01 10:00:00
2013	11	1	1014	1015	-1	1214	1218	-4	US	893	N163US	JFK	CLT	92	541	10	15	2013-11-01 10:00:00
2013	11	1	1014	930	44	1205	1055	70	WN	124	N375SW	LGA	MDW	120	725	9	30	2013-11-01 09:00:00
2013	11	1	1019	1025	-6	1122	1127	-5	B6	518	N229JB	JFK	BOS	49	187	10	25	2013-11-01 10:00:00
2013	11	1	1019	1021	-2	1322	1325	-3	B6	1	N760JB	JFK	FLL	165	1069	10	21	2013-11-01 10:00:00
2013	11	1	1019	1025	-6	1238	1258	-20	DL	1529	N3735D	JFK	LAS	298	2248	10	25	2013-11-01 10:00:00
2013	11	1	1020	1010	10	1322	1240	42	MQ	3644	N523MQ	LGA	ATL	132	762	10	10	2013-11-01 10:00:00
2013	11	1	1020	1030	-10	1336	1355	-19	VX	187	N623VA	EWR	SFO	342	2565	10	30	2013-11-01 10:00:00
2013	11	1	1021	1000	21	1218	1131	47	FL	357	N949AT	LGA	CAK	69	397	10	0	2013-11-01 10:00:00
2013	11	1	1022	1030	-8	1136	1144	-8	EV	6181	N14162	EWR	IAD	49	212	10	30	2013-11-01 10:00:00
2013	11	1	1022	1005	17	1245	1212	33	US	1711	N742PS	LGA	CLT	93	544	10	5	2013-11-01 10:00:00
2013	11	1	1022	1025	-3	1335	1325	10	AA	1131	N3ADAA	LGA	DFW	206	1389	10	25	2013-11-01 10:00:00
2013	11	1	1023	1026	-3	1213	1221	-8	EV	4412	N21129	EWR	DSM	150	1017	10	26	2013-11-01 10:00:00
2013	11	1	1023	1025	-2	1336	1340	-4	UA	642	N560UA	JFK	SFO	344	2586	10	25	2013-11-01 10:00:00
2013	11	1	1025	1029	-4	1419	1318	61	UA	488	N454UA	EWR	IAH	212	1400	10	29	2013-11-01 10:00:00
2013	11	1	1025	1030	-5	1518	1325	NA	AA	19	N335AA	JFK	LAX	NA	2475	10	30	2013-11-01 10:00:00
2013	11	1	1026	1000	26	1307	1234	33	9E	3573	N908XJ	LGA	IND	110	660	10	0	2013-11-01 10:00:00
2013	11	1	1026	1030	-4	1341	1335	6	AA	179	N323AA	JFK	SFO	344	2586	10	30	2013-11-01 10:00:00
2013	11	1	1026	1030	-4	1249	1252	-3	DL	2343	N373NW	EWR	ATL	124	746	10	30	2013-11-01 10:00:00
2013	11	1	1030	1035	-5	1243	1249	-6	EV	4495	N14174	EWR	SAV	115	708	10	35	2013-11-01 10:00:00
2013	11	1	1030	1025	5	1345	1321	24	UA	1025	N54241	LGA	IAH	216	1416	10	25	2013-11-01 10:00:00
2013	11	1	1031	1031	0	1301	1240	21	EV	4632	N26141	EWR	OMA	184	1134	10	31	2013-11-01 10:00:00
2013	11	1	1031	1030	1	1344	1355	-11	VX	23	N621VA	JFK	SFO	346	2586	10	30	2013-11-01 10:00:00
2013	11	1	1036	1023	13	1226	1218	8	US	1745	N194UW	EWR	CLT	91	529	10	23	2013-11-01 10:00:00
2013	11	1	1038	1030	8	1256	1310	-14	US	679	N508AY	JFK	PHX	297	2153	10	30	2013-11-01 10:00:00
2013	11	1	1040	1029	11	1341	1323	18	B6	925	N566JB	JFK	TPA	159	1005	10	29	2013-11-01 10:00:00
2013	11	1	1042	1043	-1	1307	1311	-4	UA	1110	N34460	EWR	LAS	305	2227	10	43	2013-11-01 10:00:00
2013	11	1	1044	1045	-1	1439	1359	40	DL	954	N319NB	LGA	FLL	193	1076	10	45	2013-11-01 10:00:00
2013	11	1	1046	936	70	1146	1052	54	B6	116	N239JB	JFK	SYR	42	209	9	36	2013-11-01 09:00:00
2013	11	1	1048	1029	19	1231	1214	17	AA	325	N549AA	LGA	ORD	117	733	10	29	2013-11-01 10:00:00
2013	11	1	1050	1053	-3	1332	1339	-7	B6	983	N729JB	JFK	MCO	144	944	10	53	2013-11-01 10:00:00
2013	11	1	1052	1053	-1	1224	1228	-4	EV	3828	N15986	EWR	RDU	72	416	10	53	2013-11-01 10:00:00
2013	11	1	1053	1055	-2	1342	1356	-14	DL	1275	N3734B	JFK	SLC	272	1990	10	55	2013-11-01 10:00:00
2013	11	1	1055	1100	-5	1236	1246	-10	EV	5174	N228PQ	EWR	DTW	83	488	11	0	2013-11-01 11:00:00
2013	11	1	1056	1100	-4	1334	1341	-7	DL	1647	N664DN	LGA	ATL	121	762	11	0	2013-11-01 11:00:00
2013	11	1	1058	1100	-2	1417	1415	2	DL	2098	N320NB	LGA	MIA	168	1096	11	0	2013-11-01 11:00:00
2013	11	1	1058	1100	-2	1227	1250	-23	WN	1341	N266WN	LGA	BNA	124	764	11	0	2013-11-01 11:00:00
2013	11	1	1059	1105	-6	1158	1215	-17	MQ	3230	N531MQ	JFK	DCA	46	213	11	5	2013-11-01 11:00:00
2013	11	1	1059	1100	-1	1224	1223	1	UA	798	N428UA	EWR	ORD	116	719	11	0	2013-11-01 11:00:00
2013	11	1	1059	1100	-1	1347	1408	-21	UA	1479	N76503	EWR	LAX	331	2454	11	0	2013-11-01 11:00:00
2013	11	1	1059	1105	-6	1350	1357	-7	DL	695	N920DL	JFK	MCO	145	944	11	5	2013-11-01 11:00:00
2013	11	1	1100	1100	0	1258	1309	-11	DL	2452	N353NB	LGA	DTW	85	502	11	0	2013-11-01 11:00:00
2013	11	1	1105	1100	5	1222	1210	12	US	2144	N954UW	LGA	BOS	48	184	11	0	2013-11-01 11:00:00
2013	11	1	1114	1119	-5	1343	1350	-7	EV	4679	N14116	EWR	JAX	132	820	11	19	2013-11-01 11:00:00
2013	11	1	1119	1115	4	1336	1334	2	UA	1732	N37298	LGA	DEN	229	1620	11	15	2013-11-01 11:00:00
2013	11	1	1120	1110	10	1430	1417	13	DL	1875	N315NB	LGA	TPA	160	1010	11	10	2013-11-01 11:00:00
2013	11	1	1121	1100	21	1258	1243	15	EV	4628	N14959	EWR	STL	142	872	11	0	2013-11-01 11:00:00
2013	11	1	1122	1125	-3	1531	1425	66	UA	398	N597UA	JFK	LAX	331	2475	11	25	2013-11-01 11:00:00
2013	11	1	1122	1130	-8	1328	1332	-4	US	707	N195UW	LGA	CLT	95	544	11	30	2013-11-01 11:00:00
2013	11	1	1125	1130	-5	1307	1331	-24	9E	3302	N932XJ	EWR	MSP	145	1008	11	30	2013-11-01 11:00:00
2013	11	1	1126	1100	26	1246	1214	32	US	2177	N704US	LGA	DCA	50	214	11	0	2013-11-01 11:00:00
2013	11	1	1127	1130	-3	1333	1338	-5	EV	4445	N13956	EWR	IND	111	645	11	30	2013-11-01 11:00:00
2013	11	1	1131	1135	-4	1332	1343	-11	DL	2219	N983DL	LGA	MSP	142	1020	11	35	2013-11-01 11:00:00
2013	11	1	1134	1050	44	1316	1250	26	MQ	3689	N511MQ	LGA	DTW	78	502	10	50	2013-11-01 10:00:00
2013	11	1	1134	1140	-6	1426	1430	-4	UA	1618	N16709	EWR	TPA	158	997	11	40	2013-11-01 11:00:00
2013	11	1	1137	1059	38	1445	1405	40	B6	971	N563JB	LGA	FLL	164	1076	10	59	2013-11-01 10:00:00
2013	11	1	1138	1105	33	1250	1245	5	EV	5309	N716EV	LGA	BGR	48	378	11	5	2013-11-01 11:00:00
2013	11	1	1139	1144	-5	1424	1429	-5	UA	1519	N13113	EWR	MCO	149	937	11	44	2013-11-01 11:00:00
2013	11	1	1139	1145	-6	1440	1450	-10	AA	1623	N3BYAA	EWR	MIA	155	1085	11	45	2013-11-01 11:00:00
2013	11	1	1140	1145	-5	1417	1403	14	DL	1358	N935AT	EWR	ATL	119	746	11	45	2013-11-01 11:00:00
2013	11	1	1141	1145	-4	1455	1455	0	DL	1174	N334NB	LGA	PBI	159	1035	11	45	2013-11-01 11:00:00
2013	11	1	1142	1010	92	1303	1158	65	EV	5208	N730EV	LGA	RIC	63	292	10	10	2013-11-01 10:00:00
2013	11	1	1144	1129	15	1429	1429	0	AA	1139	N3JUAA	LGA	DFW	206	1389	11	29	2013-11-01 11:00:00
2013	11	1	1145	1115	30	1316	1255	21	MQ	3466	N528MQ	LGA	RDU	73	431	11	15	2013-11-01 11:00:00
2013	11	1	1145	1151	-6	NA	1459	NA	B6	323	N652JB	JFK	LAX	NA	2475	11	51	2013-11-01 11:00:00
2013	11	1	1153	1159	-6	1252	1309	-17	MQ	3386	N831MQ	JFK	DCA	44	213	11	59	2013-11-01 11:00:00
2013	11	1	1154	1200	-6	1403	1359	4	US	2069	N102UW	JFK	CLT	102	541	12	0	2013-11-01 12:00:00
2013	11	1	1154	1200	-6	1448	1443	5	DL	1947	N901DE	LGA	ATL	125	762	12	0	2013-11-01 12:00:00
2013	11	1	1155	1203	-8	1408	1412	-4	EV	4567	N12175	EWR	MCI	170	1092	12	3	2013-11-01 12:00:00
2013	11	1	1155	1200	-5	1451	1515	-24	UA	766	N598UA	JFK	SFO	337	2586	12	0	2013-11-01 12:00:00
2013	11	1	1155	1155	0	1447	1507	-20	UA	1212	N37287	EWR	SFO	333	2565	11	55	2013-11-01 11:00:00
2013	11	1	1156	1200	-4	1458	1506	-8	DL	423	N722TW	JFK	LAX	328	2475	12	0	2013-11-01 12:00:00
2013	11	1	1157	1200	-3	1435	1444	-9	B6	1711	N645JB	JFK	LAS	306	2248	12	0	2013-11-01 12:00:00
2013	11	1	1159	1022	97	1328	1146	102	EV	4187	N36915	EWR	BNA	129	748	10	22	2013-11-01 10:00:00
2013	11	1	1159	1200	-1	1321	1334	-13	UA	667	N812UA	LGA	ORD	117	733	12	0	2013-11-01 12:00:00
2013	11	1	1159	1200	-1	1301	1312	-11	DL	2451	N321NB	JFK	BOS	38	187	12	0	2013-11-01 12:00:00
2013	11	1	1200	1205	-5	1452	1511	-19	DL	1685	N319US	LGA	MCO	143	950	12	5	2013-11-01 12:00:00
2013	11	1	1201	1156	5	1455	1438	17	UA	566	N573UA	EWR	IAH	204	1400	11	56	2013-11-01 11:00:00
2013	11	1	1201	1110	51	1509	1430	39	AA	1599	N3HSAA	LGA	MIA	162	1096	11	10	2013-11-01 11:00:00
2013	11	1	1203	1200	3	1502	1455	7	AA	3	N319AA	JFK	LAX	333	2475	12	0	2013-11-01 12:00:00
2013	11	1	1204	1125	39	1339	1310	29	AA	327	N3KLAA	LGA	ORD	116	733	11	25	2013-11-01 11:00:00
2013	11	1	1205	1059	66	1400	1254	66	MQ	3281	N725MQ	LGA	CMH	85	479	10	59	2013-11-01 10:00:00
2013	11	1	1205	1210	-5	1416	1425	-9	WN	482	N954WN	EWR	DEN	231	1605	12	10	2013-11-01 12:00:00
2013	11	1	1207	1200	7	1311	1304	7	B6	2380	N267JB	EWR	BOS	45	200	12	0	2013-11-01 12:00:00
2013	11	1	1207	1158	9	1516	1506	10	B6	1129	N562JB	JFK	RSW	170	1074	11	58	2013-11-01 11:00:00
2013	11	1	1207	1148	19	1408	1404	4	YV	2885	N929LR	LGA	CLT	95	544	11	48	2013-11-01 11:00:00
2013	11	1	1209	1200	9	1422	1425	-3	UA	998	N843UA	EWR	PHX	294	2133	12	0	2013-11-01 12:00:00
2013	11	1	1210	1207	3	1308	1320	-12	EV	5675	N11194	EWR	BTV	39	266	12	7	2013-11-01 12:00:00
2013	11	1	1210	1105	65	1342	1230	72	WN	453	N706SW	LGA	MDW	115	725	11	5	2013-11-01 11:00:00
2013	11	1	1213	1210	3	1339	1330	9	MQ	3461	N8EGMQ	LGA	BNA	122	764	12	10	2013-11-01 12:00:00
2013	11	1	1213	1159	14	1536	1514	22	AA	1256	N3DUAA	LGA	MIA	164	1096	11	59	2013-11-01 11:00:00
2013	11	1	1214	1215	-1	1441	1440	1	MQ	3670	N506MQ	LGA	ATL	119	762	12	15	2013-11-01 12:00:00
2013	11	1	1214	1110	64	1542	1431	71	9E	3493	N904XJ	LGA	SRQ	169	1047	11	10	2013-11-01 11:00:00
2013	11	1	1215	1200	15	1323	1315	8	WN	3330	N953WN	EWR	MDW	110	711	12	0	2013-11-01 12:00:00
2013	11	1	1219	1159	20	1408	1344	24	MQ	3572	N502MQ	LGA	CLE	76	419	11	59	2013-11-01 11:00:00
2013	11	1	1220	1220	0	1428	1410	18	MQ	3616	N542MQ	LGA	MSP	145	1020	12	20	2013-11-01 12:00:00
2013	11	1	1223	1223	0	1328	1334	-6	UA	436	N495UA	EWR	BOS	49	200	12	23	2013-11-01 12:00:00
2013	11	1	1224	1230	-6	1502	1516	-14	B6	127	N766JB	EWR	MCO	142	937	12	30	2013-11-01 12:00:00
2013	11	1	1225	1230	-5	1358	1405	-7	AA	329	N538AA	LGA	ORD	121	733	12	30	2013-11-01 12:00:00
2013	11	1	1228	1155	33	1449	1425	24	WN	264	N907WN	LGA	DEN	232	1620	11	55	2013-11-01 11:00:00
2013	11	1	1231	1220	11	1405	1355	10	MQ	3361	N807MQ	JFK	RDU	78	427	12	20	2013-11-01 12:00:00
2013	11	1	1234	1239	-5	1415	1420	-5	EV	4335	N13914	EWR	CMH	81	463	12	39	2013-11-01 12:00:00
2013	11	1	1236	1205	31	1422	1350	32	MQ	3404	N857MQ	LGA	RDU	76	431	12	5	2013-11-01 12:00:00
2013	11	1	1236	1241	-5	1528	1533	-5	B6	383	N661JB	JFK	MCO	145	944	12	41	2013-11-01 12:00:00
2013	11	1	1238	1240	-2	1523	1520	3	AA	300	N502AA	EWR	DFW	207	1372	12	40	2013-11-01 12:00:00
2013	11	1	1241	1219	22	1544	1519	25	UA	1496	N13716	EWR	SNA	340	2434	12	19	2013-11-01 12:00:00
2013	11	1	1242	1245	-3	1536	1600	-24	AA	1697	N5EHAA	JFK	MIA	155	1089	12	45	2013-11-01 12:00:00
2013	11	1	1243	1215	28	1531	1510	21	AA	1143	N3GPAA	LGA	DFW	198	1389	12	15	2013-11-01 12:00:00
2013	11	1	1244	1250	-6	1346	1400	-14	AA	178	N3FXAA	JFK	BOS	44	187	12	50	2013-11-01 12:00:00
2013	11	1	1244	1245	-1	1344	1349	-5	B6	1318	N374JB	JFK	BOS	45	187	12	45	2013-11-01 12:00:00
2013	11	1	1245	1245	0	1555	1600	-5	UA	1289	N37462	EWR	SFO	349	2565	12	45	2013-11-01 12:00:00
2013	11	1	1245	1249	-4	1511	1512	-1	UA	1629	N29717	EWR	MSY	185	1167	12	49	2013-11-01 12:00:00
2013	11	1	1246	1200	46	1346	1308	38	B6	316	N373JB	JFK	SYR	46	209	12	0	2013-11-01 12:00:00
2013	11	1	1249	1205	44	1526	1454	32	9E	3508	N920XJ	LGA	JAX	131	833	12	5	2013-11-01 12:00:00
2013	11	1	1249	1250	-1	1401	1410	-9	WN	3211	N269WN	LGA	MKE	111	738	12	50	2013-11-01 12:00:00
2013	11	1	1251	1259	-8	1525	1538	-13	DL	781	N914DE	LGA	ATL	128	762	12	59	2013-11-01 12:00:00
2013	11	1	1254	1300	-6	1359	1410	-11	US	2148	N953UW	LGA	BOS	43	184	13	0	2013-11-01 13:00:00
2013	11	1	1254	1256	-2	1551	1602	-11	DL	1375	N3772H	JFK	SLC	273	1990	12	56	2013-11-01 12:00:00
2013	11	1	1254	1300	-6	1605	1622	-17	DL	432	N711ZX	JFK	SFO	344	2586	13	0	2013-11-01 13:00:00
2013	11	1	1255	1300	-5	1526	1526	0	DL	1798	N990AT	EWR	ATL	124	746	13	0	2013-11-01 13:00:00
2013	11	1	1256	1300	-4	1443	1450	-7	MQ	3388	N834MQ	LGA	CMH	88	479	13	0	2013-11-01 13:00:00
2013	11	1	1258	1300	-2	1557	1605	-8	UA	1158	N35407	EWR	MIA	159	1085	13	0	2013-11-01 13:00:00
2013	11	1	1258	1248	10	1451	1450	1	DL	1131	N377NW	LGA	DTW	95	502	12	48	2013-11-01 12:00:00
2013	11	1	1258	1300	-2	1611	1600	11	VX	411	N633VA	JFK	SJC	356	2569	13	0	2013-11-01 13:00:00
2013	11	1	1258	1300	-2	1421	1425	-4	WN	3937	N960WN	EWR	BNA	120	748	13	0	2013-11-01 13:00:00
2013	11	1	1259	1040	139	1426	1159	147	B6	2602	N265JB	JFK	BUF	67	301	10	40	2013-11-01 10:00:00
2013	11	1	1301	1300	1	1549	1550	-1	AA	1145	N3KDAA	LGA	DFW	208	1389	13	0	2013-11-01 13:00:00
2013	11	1	1304	1259	5	1606	1555	11	UA	1280	N14704	LGA	IAH	215	1416	12	59	2013-11-01 12:00:00
2013	11	1	1304	1304	0	1546	1554	-8	UA	1641	N21108	EWR	MCO	144	937	13	4	2013-11-01 13:00:00
2013	11	1	1305	1311	-6	1450	1449	1	EV	3822	N12921	EWR	GSO	83	445	13	11	2013-11-01 13:00:00
2013	11	1	1306	1315	-9	1508	1520	-12	9E	3795	N8828D	EWR	CVG	105	569	13	15	2013-11-01 13:00:00
2013	11	1	1306	1311	-5	1738	1624	74	DL	424	N192DN	JFK	LAX	337	2475	13	11	2013-11-01 13:00:00
2013	11	1	1310	845	265	1423	1030	233	EV	5288	N722EV	LGA	BUF	48	292	8	45	2013-11-01 08:00:00
2013	11	1	1310	1300	10	1442	1434	8	UA	681	N838UA	LGA	ORD	116	733	13	0	2013-11-01 13:00:00
2013	11	1	1313	1315	-2	1502	1506	-4	US	802	N543UW	EWR	CLT	91	529	13	15	2013-11-01 13:00:00
2013	11	1	1314	1315	-1	1519	1557	-38	US	456	N651AW	JFK	PHX	288	2153	13	15	2013-11-01 13:00:00
2013	11	1	1318	1257	21	1418	1414	4	EV	6054	N16999	EWR	IAD	41	212	12	57	2013-11-01 12:00:00
2013	11	1	1321	1259	22	1512	1501	11	US	1843	N173US	LGA	CLT	92	544	12	59	2013-11-01 12:00:00
2013	11	1	1324	1329	-5	1530	1529	1	EV	4687	N11164	EWR	CVG	104	569	13	29	2013-11-01 13:00:00
2013	11	1	1325	1313	12	1626	1609	17	B6	505	N565JB	EWR	FLL	159	1065	13	13	2013-11-01 13:00:00
2013	11	1	1327	1325	2	1808	1623	105	UA	1054	N48127	EWR	LAX	327	2454	13	25	2013-11-01 13:00:00
2013	11	1	1327	1330	-3	1602	1553	9	DL	2043	N349NB	JFK	ATL	122	760	13	30	2013-11-01 13:00:00
2013	11	1	1328	1329	-1	1518	1529	-11	MQ	3340	N854MQ	LGA	DTW	87	502	13	29	2013-11-01 13:00:00
2013	11	1	1332	1300	32	1444	1413	31	US	2181	N744P	LGA	DCA	50	214	13	0	2013-11-01 13:00:00
2013	11	1	1332	1329	3	1457	1509	-12	AA	331	N583AA	LGA	ORD	119	733	13	29	2013-11-01 13:00:00
2013	11	1	1335	1310	25	1811	1754	17	UA	15	N76062	EWR	HNL	615	4963	13	10	2013-11-01 13:00:00
2013	11	1	1335	1325	10	1620	1621	-1	UA	1122	N38458	EWR	PBI	149	1023	13	25	2013-11-01 13:00:00
2013	11	1	1335	1340	-5	1642	1653	-11	DL	1779	N944DL	LGA	FLL	165	1076	13	40	2013-11-01 13:00:00
2013	11	1	1337	1343	-6	1530	1551	-21	US	1802	N725UW	JFK	CLT	94	541	13	43	2013-11-01 13:00:00
2013	11	1	1337	1240	57	1507	1425	42	WN	137	N941WN	LGA	STL	134	888	12	40	2013-11-01 12:00:00
2013	11	1	1338	1226	72	1533	1418	75	EV	4640	N13994	EWR	DAY	93	533	12	26	2013-11-01 12:00:00
2013	11	1	1338	1345	-7	1701	1700	1	AA	1073	N3GXAA	LGA	MIA	162	1096	13	45	2013-11-01 13:00:00
2013	11	1	1340	1305	35	1500	1427	33	EV	5816	N13955	EWR	RIC	55	277	13	5	2013-11-01 13:00:00
2013	11	1	1340	1330	10	1630	1616	14	UA	1421	N77066	EWR	IAH	201	1400	13	30	2013-11-01 13:00:00
2013	11	1	1341	1345	-4	1534	1520	14	MQ	3305	N507MQ	LGA	RDU	79	431	13	45	2013-11-01 13:00:00
2013	11	1	1343	1343	0	1501	1514	-13	UA	643	N841UA	EWR	ORD	113	719	13	43	2013-11-01 13:00:00
2013	11	1	1346	1252	54	1530	1450	40	EV	3852	N13997	EWR	DTW	85	488	12	52	2013-11-01 12:00:00
2013	11	1	1346	1359	-13	1635	1654	-19	AA	1151	N3GHAA	LGA	DFW	205	1389	13	59	2013-11-01 13:00:00
2013	11	1	1346	1345	1	1701	1657	4	DL	2449	N358NB	LGA	MIA	163	1096	13	45	2013-11-01 13:00:00
2013	11	1	1347	1325	22	1459	1448	11	B6	2402	N334JB	JFK	BUF	59	301	13	25	2013-11-01 13:00:00
2013	11	1	1348	1355	-7	1547	1542	5	EV	4100	N13949	EWR	MEM	155	946	13	55	2013-11-01 13:00:00
2013	11	1	1350	1355	-5	1552	1550	2	MQ	3567	N532MQ	LGA	CLT	104	544	13	55	2013-11-01 13:00:00
2013	11	1	1350	1400	-10	1634	1646	-12	B6	927	N569JB	EWR	MCO	142	937	14	0	2013-11-01 14:00:00
2013	11	1	1351	1400	-9	1448	1515	-27	US	2183	N748UW	LGA	DCA	44	214	14	0	2013-11-01 14:00:00
2013	11	1	1351	1229	82	1507	1345	82	B6	1386	N238JB	JFK	ROC	64	264	12	29	2013-11-01 12:00:00
2013	11	1	1352	1346	6	1602	1555	7	EV	4395	N13988	EWR	IND	109	645	13	46	2013-11-01 13:00:00
2013	11	1	1352	1355	-3	1529	1535	-6	MQ	3493	N539MQ	LGA	CLE	69	419	13	55	2013-11-01 13:00:00
2013	11	1	1354	1359	-5	1638	1714	-36	B6	213	N590JB	JFK	LGB	329	2465	13	59	2013-11-01 13:00:00
2013	11	1	1355	1355	0	1646	1639	7	UA	527	N835UA	EWR	DFW	205	1372	13	55	2013-11-01 13:00:00
2013	11	1	1355	1400	-5	1618	1632	-14	DL	2247	N673DL	LGA	ATL	120	762	14	0	2013-11-01 14:00:00
2013	11	1	1357	1355	2	1658	1717	-19	UA	1663	N26208	EWR	SFO	340	2565	13	55	2013-11-01 13:00:00
2013	11	1	1358	1259	59	1625	1512	73	EV	5207	N755EV	LGA	CLT	97	544	12	59	2013-11-01 12:00:00
2013	11	1	1359	1359	0	1458	1511	-13	UA	1481	N29129	EWR	BOS	41	200	13	59	2013-11-01 13:00:00
2013	11	1	1401	1310	51	1549	1517	32	EV	5299	N718EV	LGA	MEM	147	963	13	10	2013-11-01 13:00:00
2013	11	1	1402	1320	42	2030	1625	NA	UA	483	N429UA	EWR	FLL	NA	1065	13	20	2013-11-01 13:00:00
2013	11	1	1409	1310	59	1640	1530	70	FL	348	N929AT	LGA	ATL	129	762	13	10	2013-11-01 13:00:00
2013	11	1	1409	1300	69	1523	1430	53	UA	1734	N58101	EWR	ORD	114	719	13	0	2013-11-01 13:00:00
2013	11	1	1411	1400	11	1659	1654	5	UA	1270	N76065	EWR	MCO	149	937	14	0	2013-11-01 14:00:00
2013	11	1	1412	1415	-3	1548	1550	-2	AA	1170	N554AA	LGA	STL	140	888	14	15	2013-11-01 14:00:00
2013	11	1	1416	1359	17	1621	1602	19	EV	4193	N27190	EWR	MSP	160	1008	13	59	2013-11-01 13:00:00
2013	11	1	1416	1355	21	1623	1615	8	WN	246	N456WN	EWR	PHX	291	2133	13	55	2013-11-01 13:00:00
2013	11	1	1417	1329	48	1721	1630	51	B6	1401	N239JB	JFK	FLL	167	1069	13	29	2013-11-01 13:00:00
2013	11	1	1417	1415	2	1705	1715	-10	WN	1945	N719SW	LGA	HOU	211	1428	14	15	2013-11-01 14:00:00
2013	11	1	1420	1420	0	1543	1555	-12	AA	337	N456AA	LGA	ORD	118	733	14	20	2013-11-01 14:00:00
2013	11	1	1421	1325	56	1520	1436	44	B6	308	N317JB	JFK	PWM	46	273	13	25	2013-11-01 13:00:00
2013	11	1	1423	1415	8	1651	1636	15	DL	673	N326US	EWR	ATL	120	746	14	15	2013-11-01 14:00:00
2013	11	1	1424	1335	49	1539	1500	39	WN	1	N796SW	LGA	MDW	114	725	13	35	2013-11-01 13:00:00
2013	11	1	1427	1414	13	1529	1534	-5	EV	5712	N826AS	JFK	IAD	45	228	14	14	2013-11-01 14:00:00
2013	11	1	1428	1410	18	1631	1616	15	B6	1373	N298JB	JFK	CHS	106	636	14	10	2013-11-01 14:00:00
2013	11	1	1429	1415	14	1720	1704	16	UA	1232	N73259	EWR	IAH	210	1400	14	15	2013-11-01 14:00:00
2013	11	1	1429	1435	-6	1613	1641	-28	DL	1819	N913DL	LGA	MSP	145	1020	14	35	2013-11-01 14:00:00
2013	11	1	1430	1425	5	1811	1731	40	UA	1493	N37263	EWR	LAX	330	2454	14	25	2013-11-01 14:00:00
2013	11	1	1431	1436	-5	1539	1557	-18	B6	286	N296JB	JFK	ROC	52	264	14	36	2013-11-01 14:00:00
2013	11	1	1432	1435	-3	1724	1732	-8	DL	1902	N359NB	LGA	PBI	149	1035	14	35	2013-11-01 14:00:00
2013	11	1	1433	1315	78	1620	1513	67	EV	5395	N708EV	LGA	CMH	80	479	13	15	2013-11-01 13:00:00
2013	11	1	1433	1315	78	1731	1630	61	B6	1639	N640JB	LGA	RSW	164	1080	13	15	2013-11-01 13:00:00
2013	11	1	1433	1429	4	1741	1737	4	B6	301	N804JB	JFK	FLL	164	1069	14	29	2013-11-01 14:00:00
2013	11	1	1436	1440	-4	1543	1600	-17	EV	6049	N15973	EWR	IAD	47	212	14	40	2013-11-01 14:00:00
2013	11	1	1436	1445	-9	1557	1611	-14	9E	3983	N8977A	JFK	BWI	49	184	14	45	2013-11-01 14:00:00
2013	11	1	1439	1440	-1	1709	1706	3	B6	575	N353JB	JFK	MSY	185	1182	14	40	2013-11-01 14:00:00
2013	11	1	1439	1430	9	1716	1704	12	B6	477	N358JB	JFK	JAX	134	828	14	30	2013-11-01 14:00:00
2013	11	1	1439	1440	-1	1614	1638	-24	DL	1231	N318NB	LGA	DTW	81	502	14	40	2013-11-01 14:00:00
2013	11	1	1440	1446	-6	1740	1753	-13	B6	325	N580JB	JFK	TPA	161	1005	14	46	2013-11-01 14:00:00
2013	11	1	1441	1438	3	1740	1744	-4	B6	581	N292JB	JFK	HOU	211	1428	14	38	2013-11-01 14:00:00
2013	11	1	1442	1445	-3	1811	1758	13	UA	841	N546UA	JFK	LAX	319	2475	14	45	2013-11-01 14:00:00
2013	11	1	1442	1445	-3	1634	1629	5	9E	3318	N912XJ	JFK	BUF	56	301	14	45	2013-11-01 14:00:00
2013	11	1	1443	1444	-1	1616	1624	-8	9E	3393	N902XJ	JFK	DCA	58	213	14	44	2013-11-01 14:00:00
2013	11	1	1444	1330	74	1755	1634	81	B6	431	N705JB	LGA	SRQ	174	1047	13	30	2013-11-01 13:00:00
2013	11	1	1445	1450	-5	1635	1649	-14	US	1995	N157UW	LGA	CLT	94	544	14	50	2013-11-01 14:00:00
2013	11	1	1445	1430	15	1749	1742	7	UA	1296	N33132	EWR	SFO	341	2565	14	30	2013-11-01 14:00:00
2013	11	1	1447	1456	-9	1753	1802	-9	UA	446	N805UA	EWR	MIA	162	1085	14	56	2013-11-01 14:00:00
2013	11	1	1449	1455	-6	1633	1640	-7	MQ	3359	N808MQ	JFK	RDU	77	427	14	55	2013-11-01 14:00:00
2013	11	1	1449	1452	-3	1750	1756	-6	UA	554	N515UA	LGA	IAH	212	1416	14	52	2013-11-01 14:00:00
2013	11	1	1450	1455	-5	1555	1613	-18	DL	1164	N332NW	JFK	BOS	38	187	14	55	2013-11-01 14:00:00
2013	11	1	1451	1450	1	1753	1755	-2	UA	395	N430UA	EWR	FLL	164	1065	14	50	2013-11-01 14:00:00
2013	11	1	1451	1455	-4	1752	1759	-7	DL	1935	N337NB	LGA	TPA	161	1010	14	55	2013-11-01 14:00:00
2013	11	1	1451	1459	-8	1715	1737	-22	DL	2347	N910DE	LGA	ATL	126	762	14	59	2013-11-01 14:00:00
2013	11	1	1453	1425	28	1715	1650	25	MQ	3669	N516MQ	LGA	ATL	120	762	14	25	2013-11-01 14:00:00
2013	11	1	1453	1455	-2	1757	1807	-10	UA	226	N802UA	EWR	RSW	167	1068	14	55	2013-11-01 14:00:00
2013	11	1	1454	1450	4	1633	1625	8	EV	4662	N15912	EWR	RDU	78	416	14	50	2013-11-01 14:00:00
2013	11	1	1454	1455	-1	1635	1645	-10	MQ	2815	N648MQ	JFK	CLE	80	425	14	55	2013-11-01 14:00:00
2013	11	1	1454	1455	-1	1629	1630	-1	MQ	3231	N660MQ	JFK	PIT	71	340	14	55	2013-11-01 14:00:00
2013	11	1	1454	1500	-6	1550	1611	-21	US	2152	N954UW	LGA	BOS	39	184	15	0	2013-11-01 15:00:00
2013	11	1	1454	1454	0	1706	1712	-6	UA	1107	N45440	EWR	DEN	224	1605	14	54	2013-11-01 14:00:00
2013	11	1	1455	1456	-1	1641	1641	0	9E	3846	N8745B	JFK	ORF	60	290	14	56	2013-11-01 14:00:00
2013	11	1	1455	1500	-5	1749	1755	-6	AA	2285	N5FLAA	JFK	MCO	148	944	15	0	2013-11-01 15:00:00
2013	11	1	1455	1459	-4	1805	1814	-9	AA	2297	N3CLAA	LGA	MIA	160	1096	14	59	2013-11-01 14:00:00
2013	11	1	1455	1455	0	1837	1849	-12	B6	703	N665JB	JFK	SJU	200	1598	14	55	2013-11-01 14:00:00
2013	11	1	1455	1459	-4	1712	1756	-44	DL	500	N3736C	JFK	LAS	295	2248	14	59	2013-11-01 14:00:00
2013	11	1	1456	1500	-4	1558	1631	-33	UA	635	N409UA	EWR	ORD	110	719	15	0	2013-11-01 15:00:00
2013	11	1	1457	1453	4	1554	1556	-2	EV	4133	N12922	EWR	PVD	30	160	14	53	2013-11-01 14:00:00
2013	11	1	1457	1500	-3	1750	1748	2	UA	311	N567UA	EWR	TPA	154	997	15	0	2013-11-01 15:00:00
2013	11	1	1458	1500	-2	1803	1825	-22	DL	161	N721TW	JFK	SEA	342	2422	15	0	2013-11-01 15:00:00
2013	11	1	1459	1505	-6	1754	1810	-16	AA	1155	N3BPAA	LGA	DFW	211	1389	15	5	2013-11-01 15:00:00
2013	11	1	1502	1410	52	1734	1637	57	FL	349	N964AT	LGA	ATL	124	762	14	10	2013-11-01 14:00:00
2013	11	1	1505	1510	-5	1620	1630	-10	MQ	3663	N3AEMQ	JFK	DCA	45	213	15	10	2013-11-01 15:00:00
2013	11	1	1505	1505	0	1756	1802	-6	DL	2181	N316NB	LGA	MCO	147	950	15	5	2013-11-01 15:00:00
2013	11	1	1506	1510	-4	1753	1812	-19	UA	1483	N73299	EWR	AUS	212	1504	15	10	2013-11-01 15:00:00
2013	11	1	1507	1510	-3	1708	1706	2	EV	4326	N11565	EWR	CLT	101	529	15	10	2013-11-01 15:00:00
2013	11	1	1508	1455	13	1824	1750	34	MQ	3070	N515MQ	JFK	TPA	169	1005	14	55	2013-11-01 14:00:00
2013	11	1	1508	1509	-1	1730	1731	-1	UA	745	N537UA	LGA	DEN	222	1620	15	9	2013-11-01 15:00:00
2013	11	1	1510	1435	35	1639	1609	30	UA	460	N847UA	EWR	CLE	69	404	14	35	2013-11-01 14:00:00
2013	11	1	1510	1455	15	1723	1723	0	9E	3326	N922XJ	JFK	IND	104	665	14	55	2013-11-01 14:00:00
2013	11	1	1512	1520	-8	1736	1740	-4	MQ	3532	N832MQ	LGA	XNA	182	1147	15	20	2013-11-01 15:00:00
2013	11	1	1513	1419	54	1804	1714	50	B6	561	N646JB	LGA	PBI	151	1035	14	19	2013-11-01 14:00:00
2013	11	1	1514	1450	24	1707	1645	22	MQ	3588	N6EAMQ	LGA	MSP	147	1020	14	50	2013-11-01 14:00:00
2013	11	1	1516	1520	-4	1635	1705	-30	AA	341	N4YLAA	LGA	ORD	117	733	15	20	2013-11-01 15:00:00
2013	11	1	1518	1425	53	1636	1547	49	EV	4171	N15983	EWR	MSN	124	799	14	25	2013-11-01 14:00:00
2013	11	1	1518	1515	3	1812	1810	2	AA	320	N4XCAA	EWR	DFW	211	1372	15	15	2013-11-01 15:00:00
2013	11	1	1519	1505	14	1705	1655	10	MQ	3391	N814MQ	LGA	CMH	84	479	15	5	2013-11-01 15:00:00
2013	11	1	1520	1500	20	1641	1619	22	US	2185	N704US	LGA	DCA	51	214	15	0	2013-11-01 15:00:00
2013	11	1	1520	1521	-1	1913	1819	54	UA	1600	N14118	EWR	LAX	337	2454	15	21	2013-11-01 15:00:00
2013	11	1	1524	1530	-6	1837	1854	-17	UA	257	N588UA	JFK	SFO	349	2586	15	30	2013-11-01 15:00:00
2013	11	1	1524	1355	89	1732	1615	77	US	686	N678AW	EWR	PHX	289	2133	13	55	2013-11-01 13:00:00
2013	11	1	1526	1430	56	1808	1729	39	UA	591	N844UA	EWR	SAN	324	2425	14	30	2013-11-01 14:00:00
2013	11	1	1526	1529	-3	1648	1700	-12	UA	1638	N75435	EWR	CLE	66	404	15	29	2013-11-01 15:00:00
2013	11	1	1526	1530	-4	1835	1845	-10	AA	85	N351AA	JFK	SFO	344	2586	15	30	2013-11-01 15:00:00
2013	11	1	1526	1530	-4	1824	1829	-5	B6	83	N746JB	JFK	MCO	144	944	15	30	2013-11-01 15:00:00
2013	11	1	1526	1530	-4	1748	1751	-3	DL	1942	N335NB	EWR	ATL	116	746	15	30	2013-11-01 15:00:00
2013	11	1	1527	1530	-3	1642	1645	-3	WN	292	N968WN	EWR	MDW	111	711	15	30	2013-11-01 15:00:00
2013	11	1	1528	1450	38	1817	1745	32	UA	371	N440UA	EWR	MCO	147	937	14	50	2013-11-01 14:00:00
2013	11	1	1528	1529	-1	1846	1847	-1	UA	1246	N87507	EWR	SFO	353	2565	15	29	2013-11-01 15:00:00
2013	11	1	1529	1525	4	1726	1726	0	EV	4576	N26549	EWR	GRR	97	605	15	25	2013-11-01 15:00:00
2013	11	1	1534	1535	-1	1709	1727	-18	UA	494	N811UA	LGA	CLE	75	419	15	35	2013-11-01 15:00:00
2013	11	1	1535	1507	28	1814	1738	36	EV	4377	N19554	EWR	JAX	142	820	15	7	2013-11-01 15:00:00
2013	11	1	1535	1520	15	1850	1840	10	DL	1982	N332NB	LGA	MIA	173	1096	15	20	2013-11-01 15:00:00
2013	11	1	1536	1444	52	1710	1641	29	EV	4949	N730EV	LGA	GSO	76	461	14	44	2013-11-01 14:00:00
2013	11	1	1537	1400	97	1639	1509	90	B6	118	N266JB	JFK	BOS	39	187	14	0	2013-11-01 14:00:00
2013	11	1	1541	1535	6	1714	1656	18	US	1775	N951UW	LGA	PHL	51	96	15	35	2013-11-01 15:00:00
2013	11	1	1541	1545	-4	1648	1705	-17	AA	256	N3ELAA	JFK	BOS	38	187	15	45	2013-11-01 15:00:00
2013	11	1	1541	1545	-4	1811	1824	-13	DL	843	N991DL	JFK	ATL	126	760	15	45	2013-11-01 15:00:00
2013	11	1	1543	1549	-6	1709	1726	-17	9E	3459	N923XJ	JFK	BNA	119	765	15	49	2013-11-01 15:00:00
2013	11	1	1545	1521	24	1827	1807	20	UA	598	N579UA	EWR	IAH	204	1400	15	21	2013-11-01 15:00:00
2013	11	1	1545	1548	-3	1849	1911	-22	DL	31	N3743H	JFK	SLC	274	1990	15	48	2013-11-01 15:00:00
2013	11	1	1545	1545	0	1748	1805	-17	WN	3580	N925WN	EWR	DEN	226	1605	15	45	2013-11-01 15:00:00
2013	11	1	1548	1429	79	1732	1623	69	9E	3527	N293PQ	LGA	RDU	77	431	14	29	2013-11-01 14:00:00
2013	11	1	1549	1505	44	1853	1830	23	AA	145	N5EVAA	JFK	MIA	159	1089	15	5	2013-11-01 15:00:00
2013	11	1	1549	1545	4	1933	1944	-11	DL	689	N3733Z	JFK	SJU	199	1598	15	45	2013-11-01 15:00:00
2013	11	1	1552	1600	-8	1845	1905	-20	AA	1156	N3FWAA	LGA	DFW	204	1389	16	0	2013-11-01 16:00:00
2013	11	1	1552	1555	-3	1818	1828	-10	DL	1705	N343NW	LGA	MSY	182	1183	15	55	2013-11-01 15:00:00
2013	11	1	1553	1600	-7	1650	1719	-29	US	2187	N768US	LGA	DCA	44	214	16	0	2013-11-01 16:00:00
2013	11	1	1554	1555	-1	1717	1740	-23	EV	5091	N716EV	LGA	PIT	62	335	15	55	2013-11-01 15:00:00
2013	11	1	1554	1600	-6	1847	1859	-12	DL	2459	N384DA	JFK	MCO	147	944	16	0	2013-11-01 16:00:00
2013	11	1	1555	1555	0	1811	1755	16	MQ	3199	N524MQ	LGA	CLT	93	544	15	55	2013-11-01 15:00:00
2013	11	1	1555	1600	-5	1755	1828	-33	9E	3347	N931XJ	JFK	DTW	86	509	16	0	2013-11-01 16:00:00
2013	11	1	1555	1555	0	1912	1939	-27	DL	141	N703TW	JFK	SFO	346	2586	15	55	2013-11-01 15:00:00
2013	11	1	1556	1605	-9	1726	1755	-29	AA	343	N553AA	LGA	ORD	116	733	16	5	2013-11-01 16:00:00
2013	11	1	1557	1600	-3	1831	1838	-7	DL	847	N935DL	LGA	ATL	127	762	16	0	2013-11-01 16:00:00
2013	11	1	1559	1600	-1	1722	1739	-17	UA	269	N806UA	LGA	ORD	115	733	16	0	2013-11-01 16:00:00
2013	11	1	1559	1600	-1	1729	1731	-2	UA	287	N423UA	EWR	ORD	111	719	16	0	2013-11-01 16:00:00
2013	11	1	1600	1559	1	1845	1858	-13	UA	1593	N37434	EWR	MCO	150	937	15	59	2013-11-01 15:00:00
2013	11	1	1600	1510	50	1945	1920	25	AA	95	N5FGAA	JFK	SJU	197	1598	15	10	2013-11-01 15:00:00
2013	11	1	1603	1529	34	1711	1649	22	EV	4580	N16981	EWR	MKE	111	725	15	29	2013-11-01 15:00:00
2013	11	1	1604	1510	54	1814	1735	39	MQ	3202	N656MQ	JFK	IND	109	665	15	10	2013-11-01 15:00:00
2013	11	1	1604	1545	19	1903	1850	13	UA	491	N486UA	EWR	FLL	160	1065	15	45	2013-11-01 15:00:00
2013	11	1	1604	1600	4	1802	1828	-26	9E	3540	N934XJ	JFK	MSP	150	1029	16	0	2013-11-01 16:00:00
2013	11	1	1605	1615	-10	1842	1845	-3	MQ	3357	N511MQ	LGA	ATL	127	762	16	15	2013-11-01 16:00:00
2013	11	1	1605	1544	21	1805	1750	15	US	1767	N127UW	LGA	CLT	99	544	15	44	2013-11-01 15:00:00
2013	11	1	1605	1600	5	1933	1903	30	B6	305	N715JB	EWR	FLL	165	1065	16	0	2013-11-01 16:00:00
2013	11	1	1608	1615	-7	1757	1824	-27	DL	1619	N985DL	LGA	MSP	145	1020	16	15	2013-11-01 16:00:00
2013	11	1	1609	1555	14	1806	1805	1	MQ	3075	N671MQ	JFK	CVG	100	589	15	55	2013-11-01 15:00:00
2013	11	1	1609	1445	84	1926	1757	89	B6	1171	N593JB	LGA	FLL	168	1076	14	45	2013-11-01 14:00:00
2013	11	1	1611	1613	-2	1717	1730	-13	EV	3824	N18557	EWR	IAD	46	212	16	13	2013-11-01 16:00:00
2013	11	1	1612	1611	1	1912	1915	-3	B6	753	N649JB	JFK	PBI	156	1028	16	11	2013-11-01 16:00:00
2013	11	1	1613	1600	13	1935	1927	8	DL	2280	N976DL	JFK	FLL	168	1069	16	0	2013-11-01 16:00:00
2013	11	1	1614	1559	15	1944	1906	38	UA	375	N487UA	EWR	SEA	344	2402	15	59	2013-11-01 15:00:00
2013	11	1	1615	1620	-5	1717	1755	-38	DL	2443	N321NB	JFK	BOS	36	187	16	20	2013-11-01 16:00:00
2013	11	1	1616	1550	26	1823	1816	7	9E	3488	N917XJ	LGA	MCI	162	1107	15	50	2013-11-01 15:00:00
2013	11	1	1617	1612	5	1824	1820	4	EV	4352	N14568	EWR	CVG	109	569	16	12	2013-11-01 16:00:00
2013	11	1	1617	1620	-3	1716	1740	-24	UA	1064	N39728	EWR	BOS	41	200	16	20	2013-11-01 16:00:00
2013	11	1	1618	1600	18	1746	1755	-9	9E	3523	N935XJ	JFK	ORD	121	740	16	0	2013-11-01 16:00:00
2013	11	1	1618	1615	3	1911	1915	-4	AA	65	N3CSAA	JFK	DFW	208	1391	16	15	2013-11-01 16:00:00
2013	11	1	1618	1620	-2	1922	1935	-13	AA	172	N3AKAA	EWR	MIA	160	1085	16	20	2013-11-01 16:00:00
2013	11	1	1619	1550	29	1809	1730	39	MQ	3416	N528MQ	LGA	RDU	73	431	15	50	2013-11-01 15:00:00
2013	11	1	1622	1619	3	1820	1839	-19	UA	485	N432UA	EWR	DEN	217	1605	16	19	2013-11-01 16:00:00
2013	11	1	1622	1629	-7	1929	1950	-21	DL	1394	N3756	JFK	PDX	338	2454	16	29	2013-11-01 16:00:00
2013	11	1	1622	1625	-3	1807	1831	-24	DL	2231	N364NW	LGA	DTW	81	502	16	25	2013-11-01 16:00:00
2013	11	1	1623	1528	55	1751	1659	52	EV	4502	N16976	EWR	BNA	125	748	15	28	2013-11-01 15:00:00
2013	11	1	1623	1417	126	1845	1646	119	UA	587	N813UA	EWR	LAS	298	2227	14	17	2013-11-01 14:00:00
2013	11	1	1624	1625	-1	1745	1750	-5	MQ	3622	N0EGMQ	LGA	BNA	120	764	16	25	2013-11-01 16:00:00
2013	11	1	1624	1620	4	1837	1825	12	9E	3327	N906XJ	JFK	RDU	81	427	16	20	2013-11-01 16:00:00
2013	11	1	1626	1625	1	1940	1953	-13	DL	1373	N317US	JFK	MIA	159	1089	16	25	2013-11-01 16:00:00
2013	11	1	1629	1600	29	1814	1755	19	MQ	2793	N638MQ	JFK	CMH	82	483	16	0	2013-11-01 16:00:00
2013	11	1	1632	1600	32	1800	1740	20	9E	3357	N908XJ	LGA	BNA	125	764	16	0	2013-11-01 16:00:00
2013	11	1	1632	1630	2	1946	2010	-24	VX	27	N625VA	JFK	SFO	357	2586	16	30	2013-11-01 16:00:00
2013	11	1	1633	1629	4	1911	1919	-8	UA	1695	N29124	EWR	IAH	196	1400	16	29	2013-11-01 16:00:00
2013	11	1	1634	1637	-3	1746	1758	-12	YV	3771	N507MJ	LGA	IAD	46	229	16	37	2013-11-01 16:00:00
2013	11	1	1637	1645	-8	1801	1820	-19	MQ	3216	N694MQ	JFK	ORF	59	290	16	45	2013-11-01 16:00:00
2013	11	1	1637	1630	7	1849	1911	-22	US	629	N535UW	JFK	PHX	284	2153	16	30	2013-11-01 16:00:00
2013	11	1	1639	1642	-3	1938	2000	-22	UA	1284	N78506	EWR	SFO	342	2565	16	42	2013-11-01 16:00:00
2013	11	1	1640	1645	-5	1906	1916	-10	DL	2042	N373NW	EWR	ATL	116	746	16	45	2013-11-01 16:00:00
2013	11	1	1643	1505	98	1842	1703	99	EV	4572	N10575	EWR	GSP	104	594	15	5	2013-11-01 15:00:00
2013	11	1	1644	1502	102	1846	1724	82	EV	5199	N741EV	LGA	CHS	103	641	15	2	2013-11-01 15:00:00
2013	11	1	1646	1500	106	1900	1716	104	EV	4978	N391CA	LGA	CLT	99	544	15	0	2013-11-01 15:00:00
2013	11	1	1646	1630	16	1806	1800	6	B6	2302	N373JB	JFK	BUF	63	301	16	30	2013-11-01 16:00:00
2013	11	1	1646	1650	-4	1939	2002	-23	B6	89	N583JB	JFK	SAN	333	2446	16	50	2013-11-01 16:00:00
2013	11	1	1647	1645	2	1859	1920	-21	DL	884	N317NB	LGA	DEN	221	1620	16	45	2013-11-01 16:00:00
2013	11	1	1649	1650	-1	1856	1921	-25	9E	3448	N903XJ	JFK	CVG	99	589	16	50	2013-11-01 16:00:00
2013	11	1	1649	1655	-6	1820	1845	-25	AA	2223	N4YCAA	LGA	STL	137	888	16	55	2013-11-01 16:00:00
2013	11	1	1653	1659	-6	1804	1840	-36	UA	708	N837UA	EWR	ORD	112	719	16	59	2013-11-01 16:00:00
2013	11	1	1654	1445	129	1833	1628	125	EV	4596	N14950	EWR	STL	142	872	14	45	2013-11-01 14:00:00
2013	11	1	1654	1700	-6	2002	2017	-15	UA	479	N518UA	JFK	SFO	343	2586	17	0	2013-11-01 17:00:00
2013	11	1	1654	1659	-5	1959	2034	-35	B6	167	N793JB	JFK	OAK	348	2576	16	59	2013-11-01 16:00:00
2013	11	1	1655	1659	-4	1952	2007	-15	DL	706	N391DA	JFK	AUS	217	1521	16	59	2013-11-01 16:00:00
2013	11	1	1656	1559	57	1829	1746	43	B6	1105	N216JB	JFK	ORD	122	740	15	59	2013-11-01 15:00:00
2013	11	1	1657	1700	-3	1758	1815	-17	US	2156	N953UW	LGA	BOS	37	184	17	0	2013-11-01 17:00:00
2013	11	1	1658	1700	-2	2005	2000	5	UA	1665	N16713	EWR	LAX	329	2454	17	0	2013-11-01 17:00:00
2013	11	1	1659	1700	-1	1925	1931	-6	EV	4705	N16919	EWR	ATL	128	746	17	0	2013-11-01 17:00:00
2013	11	1	1659	1700	-1	2105	2018	47	DL	477	N702TW	JFK	LAX	320	2475	17	0	2013-11-01 17:00:00
2013	11	1	1700	1555	65	1812	1730	42	WN	134	N771SA	LGA	BNA	118	764	15	55	2013-11-01 15:00:00
2013	11	1	1701	1700	1	1959	1955	4	AA	211	N3BKAA	JFK	IAH	208	1417	17	0	2013-11-01 17:00:00
2013	11	1	1703	1545	78	1819	1721	58	EV	5293	N738EV	LGA	ORF	54	296	15	45	2013-11-01 15:00:00
2013	11	1	1704	1710	-6	1824	1829	-5	EV	4113	N13969	EWR	RIC	64	277	17	10	2013-11-01 17:00:00
2013	11	1	1704	1535	89	2010	1857	73	B6	1729	N265JB	JFK	RSW	169	1074	15	35	2013-11-01 15:00:00
2013	11	1	1705	1708	-3	1915	1909	6	B6	1119	N307JB	JFK	CLT	103	541	17	8	2013-11-01 17:00:00
2013	11	1	1706	1635	31	1837	1815	22	MQ	2949	N636MQ	JFK	BNA	125	765	16	35	2013-11-01 16:00:00
2013	11	1	1706	1700	6	1852	1855	-3	AA	199	N3AXAA	JFK	ORD	128	740	17	0	2013-11-01 17:00:00
2013	11	1	1707	1709	-2	1813	1828	-15	UA	215	N495UA	EWR	BOS	40	200	17	9	2013-11-01 17:00:00
2013	11	1	1707	1715	-8	1907	1937	-30	UA	509	N566UA	LGA	DEN	214	1620	17	15	2013-11-01 17:00:00
2013	11	1	1707	1700	7	1942	1945	-3	AA	45	N5DDAA	JFK	LAS	306	2248	17	0	2013-11-01 17:00:00
2013	11	1	1707	1529	98	1958	1825	93	B6	573	N779JB	EWR	TPA	154	997	15	29	2013-11-01 15:00:00
2013	11	1	1708	1500	128	1909	1656	133	US	721	N538UW	EWR	CLT	96	529	15	0	2013-11-01 15:00:00
2013	11	1	1709	1710	-1	1832	1835	-3	MQ	3365	N807MQ	JFK	DCA	51	213	17	10	2013-11-01 17:00:00
2013	11	1	1709	1712	-3	1943	2002	-19	UA	246	N832UA	EWR	DFW	198	1372	17	12	2013-11-01 17:00:00
2013	11	1	1714	1446	148	1943	1717	146	EV	4140	N17560	EWR	ATL	126	746	14	46	2013-11-01 14:00:00
2013	11	1	1714	1500	134	1840	1634	126	UA	685	N405UA	LGA	ORD	119	733	15	0	2013-11-01 15:00:00
2013	11	1	1714	1700	14	1818	1819	-1	US	2189	N744P	LGA	DCA	46	214	17	0	2013-11-01 17:00:00
2013	11	1	1715	1715	0	1917	1905	12	AA	345	N4XGAA	LGA	ORD	116	733	17	15	2013-11-01 17:00:00
2013	11	1	1717	1704	13	1916	1908	8	US	894	N152UW	LGA	CLT	101	544	17	4	2013-11-01 17:00:00
2013	11	1	1717	1700	17	1931	1838	53	UA	1206	N77518	LGA	ORD	119	733	17	0	2013-11-01 17:00:00
2013	11	1	1718	1530	108	2120	1845	155	AA	133	N332AA	JFK	LAX	317	2475	15	30	2013-11-01 15:00:00
2013	11	1	1718	1721	-3	2030	2055	-25	B6	415	N809JB	JFK	SFO	349	2586	17	21	2013-11-01 17:00:00
2013	11	1	1719	1625	54	1923	1841	42	EV	5601	N760EV	LGA	CLT	96	544	16	25	2013-11-01 16:00:00
2013	11	1	1719	1630	49	2040	1940	60	AA	181	N327AA	JFK	LAX	322	2475	16	30	2013-11-01 16:00:00
2013	11	1	1722	1725	-3	2002	2019	-17	UA	1109	N12125	EWR	MCO	141	937	17	25	2013-11-01 17:00:00
2013	11	1	1722	1642	40	1907	1837	30	DL	1365	N334NW	EWR	DTW	87	488	16	42	2013-11-01 16:00:00
2013	11	1	1723	1736	-13	1927	2006	-39	9E	3310	N925XJ	JFK	MCI	166	1113	17	36	2013-11-01 17:00:00
2013	11	1	1724	1719	5	1937	1942	-5	UA	1635	N32404	EWR	PHX	284	2133	17	19	2013-11-01 17:00:00
2013	11	1	1724	1729	-5	2015	2029	-14	DL	2471	N3738B	EWR	SLC	272	1969	17	29	2013-11-01 17:00:00
2013	11	1	1725	1730	-5	2034	2104	-30	DL	434	N705TW	JFK	SFO	342	2586	17	30	2013-11-01 17:00:00
2013	11	1	1726	1638	48	1932	1829	63	EV	4175	N14923	EWR	AVL	102	583	16	38	2013-11-01 16:00:00
2013	11	1	1726	1730	-4	1934	1938	-4	EV	3849	N14907	EWR	CVG	104	569	17	30	2013-11-01 17:00:00
2013	11	1	1726	1729	-3	1905	1900	5	EV	4195	N17159	EWR	BNA	126	748	17	29	2013-11-01 17:00:00
2013	11	1	1729	1734	-5	2036	2046	-10	UA	418	N548UA	EWR	SFO	328	2565	17	34	2013-11-01 17:00:00
2013	11	1	1731	1729	2	2024	2030	-6	UA	1692	N68453	EWR	SAN	323	2425	17	29	2013-11-01 17:00:00
2013	11	1	1732	1715	17	2022	2015	7	AA	2488	N4YJAA	EWR	DFW	202	1372	17	15	2013-11-01 17:00:00
2013	11	1	1733	1700	33	1951	1910	41	9E	3932	N8837B	EWR	CVG	103	569	17	0	2013-11-01 17:00:00
2013	11	1	1736	1654	42	2011	1934	37	UA	578	N497UA	EWR	LAS	302	2227	16	54	2013-11-01 16:00:00
2013	11	1	1737	1704	33	2031	1958	33	UA	525	N402UA	LGA	IAH	202	1416	17	4	2013-11-01 17:00:00
2013	11	1	1737	1700	37	2025	2000	25	AA	1171	N3EMAA	LGA	DFW	201	1389	17	0	2013-11-01 17:00:00
2013	11	1	1737	1600	97	2047	1907	100	B6	1117	N561JB	LGA	TPA	157	1010	16	0	2013-11-01 16:00:00
2013	11	1	1739	1735	4	2108	2055	13	AA	2351	N357AA	JFK	MIA	165	1089	17	35	2013-11-01 17:00:00
2013	11	1	1741	1636	65	1923	1814	69	EV	3813	N13992	EWR	GSO	78	445	16	36	2013-11-01 16:00:00
2013	11	1	1742	1700	42	1841	1816	25	B6	1734	N238JB	JFK	BTV	42	266	17	0	2013-11-01 17:00:00
2013	11	1	1747	1730	17	2035	2046	-11	B6	359	N656JB	JFK	BUR	336	2465	17	30	2013-11-01 17:00:00
2013	11	1	1750	1700	50	2048	1958	50	DL	1585	N333NB	LGA	MCO	146	950	17	0	2013-11-01 17:00:00
2013	11	1	1750	1755	-5	2012	2036	-24	DL	1629	N396DA	JFK	LAS	304	2248	17	55	2013-11-01 17:00:00
2013	11	1	1751	1630	81	2000	1857	63	US	516	N660AW	EWR	PHX	283	2133	16	30	2013-11-01 16:00:00
2013	11	1	1751	1629	82	2047	1932	75	B6	1161	N641JB	LGA	PBI	153	1035	16	29	2013-11-01 16:00:00
2013	11	1	1752	1800	-8	1853	1919	-26	US	2158	N963UW	LGA	BOS	41	184	18	0	2013-11-01 18:00:00
2013	11	1	1754	1800	-6	1902	1919	-17	US	2191	N748UW	LGA	DCA	47	214	18	0	2013-11-01 18:00:00
2013	11	1	1757	1649	68	2024	1903	81	EV	4294	N13956	EWR	SAV	124	708	16	49	2013-11-01 16:00:00
2013	11	1	1757	1635	82	NA	1952	NA	B6	423	N524JB	JFK	LAX	NA	2475	16	35	2013-11-01 16:00:00
2013	11	1	1758	1740	18	2000	2018	-18	B6	135	N615JB	JFK	PHX	289	2153	17	40	2013-11-01 17:00:00
2013	11	1	1758	1800	-2	2122	2118	4	DL	2139	N336NB	LGA	MIA	178	1096	18	0	2013-11-01 18:00:00
2013	11	1	1759	1730	29	1943	1914	29	B6	1185	N317JB	JFK	RDU	79	427	17	30	2013-11-01 17:00:00
2013	11	1	1800	1800	0	1924	1939	-15	UA	691	N801UA	LGA	ORD	114	733	18	0	2013-11-01 18:00:00
2013	11	1	1801	1730	31	2008	1953	15	EV	5298	N707EV	LGA	OMA	167	1148	17	30	2013-11-01 17:00:00
2013	11	1	1803	1730	33	1928	1930	-2	WN	19	N950WN	EWR	STL	130	872	17	30	2013-11-01 17:00:00
2013	11	1	1805	1759	6	2100	2102	-2	UA	535	N589UA	JFK	LAX	327	2475	17	59	2013-11-01 17:00:00
2013	11	1	1806	1720	46	2041	2010	31	UA	404	N479UA	EWR	IAH	192	1400	17	20	2013-11-01 17:00:00
2013	11	1	1806	1810	-4	2044	2129	-45	B6	1013	N531JB	JFK	LGB	324	2465	18	10	2013-11-01 18:00:00
2013	11	1	1807	1620	107	2123	1940	103	AA	1410	N3FLAA	LGA	MIA	160	1096	16	20	2013-11-01 16:00:00
2013	11	1	1808	1738	30	2051	2005	46	FL	626	N149AT	LGA	ATL	118	762	17	38	2013-11-01 17:00:00
2013	11	1	1809	1815	-6	2127	2135	-8	AA	1611	N3CWAA	LGA	MIA	165	1096	18	15	2013-11-01 18:00:00
2013	11	1	1810	1803	7	2116	2056	20	UA	360	N520UA	EWR	PBI	161	1023	18	3	2013-11-01 18:00:00
2013	11	1	1810	1650	80	1913	1802	71	B6	918	N258JB	JFK	BOS	45	187	16	50	2013-11-01 16:00:00
2013	11	1	1811	1815	-4	1958	2019	-21	DL	2331	N340NB	LGA	DTW	81	502	18	15	2013-11-01 18:00:00
2013	11	1	1812	1730	42	2016	1928	48	US	687	N659AW	EWR	CLT	97	529	17	30	2013-11-01 17:00:00
2013	11	1	1813	1740	33	2000	1931	29	EV	3843	N12921	EWR	CMH	81	463	17	40	2013-11-01 17:00:00
2013	11	1	1813	1805	8	2014	2028	-14	UA	1139	N37474	EWR	DEN	221	1605	18	5	2013-11-01 18:00:00
2013	11	1	1813	1815	-2	1956	2021	-25	DL	2019	N369NW	LGA	MSP	145	1020	18	15	2013-11-01 18:00:00
2013	11	1	1814	1720	54	2008	1920	48	MQ	3556	N513MQ	LGA	DTW	81	502	17	20	2013-11-01 17:00:00
2013	11	1	1814	1740	34	1918	1900	18	B6	1407	N334JB	JFK	IAD	50	228	17	40	2013-11-01 17:00:00
2013	11	1	1814	1815	-1	2236	2138	58	DL	426	N154DL	JFK	LAX	344	2475	18	15	2013-11-01 18:00:00
2013	11	1	1815	1706	69	1928	1818	70	B6	2580	N284JB	EWR	BOS	43	200	17	6	2013-11-01 17:00:00
2013	11	1	1815	1700	75	2059	1940	79	DL	1499	N940DL	LGA	ATL	125	762	17	0	2013-11-01 17:00:00
2013	11	1	1816	1815	1	2103	2130	-27	UA	1022	N16701	EWR	SNA	321	2434	18	15	2013-11-01 18:00:00
2013	11	1	1817	1820	-3	2128	2149	-21	DL	83	N920DL	JFK	MIA	162	1089	18	20	2013-11-01 18:00:00
2013	11	1	1818	1820	-2	2058	2036	22	9E	4245	N8905F	JFK	CHS	105	636	18	20	2013-11-01 18:00:00
2013	11	1	1818	1720	58	2125	2030	55	AA	291	N3GMAA	JFK	AUS	217	1521	17	20	2013-11-01 17:00:00
2013	11	1	1818	1735	43	2028	2000	28	WN	209	N766SW	LGA	DEN	227	1620	17	35	2013-11-01 17:00:00
2013	11	1	1820	1740	40	2104	2035	29	AA	67	N3GCAA	JFK	SAN	322	2446	17	40	2013-11-01 17:00:00
2013	11	1	1822	1829	-7	1940	1939	1	MQ	3044	N687MQ	JFK	BWI	42	184	18	29	2013-11-01 18:00:00
2013	11	1	1822	1759	23	2114	2032	42	DL	61	N655DL	LGA	ATL	119	762	17	59	2013-11-01 17:00:00
2013	11	1	1823	1829	-6	1955	2011	-16	UA	1053	N37274	EWR	CLE	68	404	18	29	2013-11-01 18:00:00
2013	11	1	1824	1715	69	2116	2024	52	UA	256	N447UA	EWR	PDX	331	2434	17	15	2013-11-01 17:00:00
2013	11	1	1825	1815	10	2026	1946	40	9E	3513	N936XJ	LGA	MKE	112	738	18	15	2013-11-01 18:00:00
2013	11	1	1825	1759	26	2126	2053	33	B6	299	N729JB	LGA	MCO	151	950	17	59	2013-11-01 17:00:00
2013	11	1	1825	1815	10	2006	2015	-9	WN	1113	N442WN	LGA	STL	134	888	18	15	2013-11-01 18:00:00
2013	11	1	1826	1834	-8	2120	2135	-15	9E	3325	N924XJ	JFK	DFW	209	1391	18	34	2013-11-01 18:00:00
2013	11	1	1829	1830	-1	2129	2138	-9	B6	201	N796JB	JFK	FLL	161	1069	18	30	2013-11-01 18:00:00
2013	11	1	1829	1830	-1	2026	2047	-21	DL	2002	N922DL	JFK	DTW	88	509	18	30	2013-11-01 18:00:00
2013	11	1	1830	1830	0	2041	2035	6	US	425	N542UW	JFK	CLT	97	541	18	30	2013-11-01 18:00:00
2013	11	1	1830	1830	0	2123	2124	-1	B6	183	N644JB	JFK	MCO	146	944	18	30	2013-11-01 18:00:00
2013	11	1	1831	1835	-4	2112	2138	-26	DL	1576	N37700	JFK	SAN	320	2446	18	35	2013-11-01 18:00:00
2013	11	1	1832	1742	50	2045	1940	65	EV	4382	N14959	EWR	DTW	85	488	17	42	2013-11-01 17:00:00
2013	11	1	1832	1625	127	2052	1838	134	EV	4684	N13958	EWR	SDF	110	642	16	25	2013-11-01 16:00:00
2013	11	1	1832	1830	2	2142	2205	-23	B6	669	N663JB	JFK	SJC	353	2569	18	30	2013-11-01 18:00:00
2013	11	1	1832	1825	7	2154	2133	21	DL	1854	N315NB	LGA	FLL	174	1076	18	25	2013-11-01 18:00:00
2013	11	1	1833	1820	13	2038	2034	4	9E	3542	N929XJ	JFK	MSP	151	1029	18	20	2013-11-01 18:00:00
2013	11	1	1834	1835	-1	2139	2146	-7	DL	2391	N974DL	JFK	TPA	155	1005	18	35	2013-11-01 18:00:00
2013	11	1	1835	1729	66	2136	2032	64	UA	1078	N87513	EWR	SAT	222	1569	17	29	2013-11-01 17:00:00
2013	11	1	1837	1820	17	2130	2125	5	UA	604	N468UA	EWR	FLL	156	1065	18	20	2013-11-01 18:00:00
2013	11	1	1839	1804	35	2104	2034	30	DL	926	N361NW	EWR	ATL	112	746	18	4	2013-11-01 18:00:00
2013	11	1	1840	1741	59	2034	1944	50	EV	4667	N26141	EWR	MSP	149	1008	17	41	2013-11-01 17:00:00
2013	11	1	1842	1837	5	2001	2009	-8	B6	2202	N296JB	JFK	BUF	63	301	18	37	2013-11-01 18:00:00
2013	11	1	1843	1850	-7	2155	2200	-5	AA	119	N3CBAA	EWR	LAX	318	2454	18	50	2013-11-01 18:00:00
2013	11	1	1843	1845	-2	2138	2210	-32	AA	177	N324AA	JFK	SFO	335	2586	18	45	2013-11-01 18:00:00
2013	11	1	1843	1855	-12	2019	2035	-16	AA	359	N487AA	LGA	ORD	117	733	18	55	2013-11-01 18:00:00
2013	11	1	1850	1850	0	2045	2025	20	MQ	3674	N8EGMQ	LGA	CLE	72	419	18	50	2013-11-01 18:00:00
2013	11	1	1850	1829	21	2040	2034	6	DL	2057	N377NW	EWR	DTW	82	488	18	29	2013-11-01 18:00:00
2013	11	1	1851	1715	96	2341	2005	NA	WN	2067	N960WN	EWR	HOU	NA	1411	17	15	2013-11-01 17:00:00
2013	11	1	1852	1900	-8	2022	2039	-17	UA	693	N416UA	LGA	ORD	119	733	19	0	2013-11-01 19:00:00
2013	11	1	1852	1855	-3	2118	2130	-12	DL	87	N175DZ	JFK	ATL	116	760	18	55	2013-11-01 18:00:00
2013	11	1	1854	1900	-6	2025	2057	-32	9E	3330	N914XJ	JFK	ORD	122	740	19	0	2013-11-01 19:00:00
2013	11	1	1855	1900	-5	2120	2127	-7	DL	1715	N320NB	LGA	MSY	173	1183	19	0	2013-11-01 19:00:00
2013	11	1	1855	1900	-5	2159	2235	-36	DL	435	N709TW	JFK	SFO	343	2586	19	0	2013-11-01 19:00:00
2013	11	1	1856	1855	1	2103	2059	4	US	2039	N536UW	LGA	CLT	103	544	18	55	2013-11-01 18:00:00
2013	11	1	1857	1905	-8	2100	2105	-5	DL	1473	N365NB	LGA	MEM	146	963	19	5	2013-11-01 19:00:00
2013	11	1	1858	1845	13	2040	2035	5	9E	3320	N920XJ	JFK	BUF	62	301	18	45	2013-11-01 18:00:00
2013	11	1	1859	1840	19	2017	1958	19	EV	4131	N21130	EWR	RIC	55	277	18	40	2013-11-01 18:00:00
2013	11	1	1859	1859	0	2134	2159	-25	UA	1128	N33714	LGA	IAH	194	1416	18	59	2013-11-01 18:00:00
2013	11	1	1859	1900	-1	2138	2154	-16	UA	1528	N16234	EWR	MCO	139	937	19	0	2013-11-01 19:00:00
2013	11	1	1900	1900	0	2130	2133	-3	DL	245	N3760C	JFK	PHX	290	2153	19	0	2013-11-01 19:00:00
2013	11	1	1901	1905	-4	2117	2131	-14	DL	2454	N3732J	JFK	DEN	228	1626	19	5	2013-11-01 19:00:00
2013	11	1	1902	1830	32	2016	1950	26	MQ	3486	N535MQ	LGA	BNA	115	764	18	30	2013-11-01 18:00:00
2013	11	1	1903	1907	-4	2028	2033	-5	EV	4191	N11535	EWR	BNA	121	748	19	7	2013-11-01 19:00:00
2013	11	1	1903	1900	3	2032	2018	14	US	2193	N704US	LGA	DCA	49	214	19	0	2013-11-01 19:00:00
2013	11	1	1903	1859	4	2142	2118	24	9E	3854	N8883E	LGA	GSP	103	610	18	59	2013-11-01 18:00:00
2013	11	1	1904	1805	59	2037	1950	47	AA	353	N438AA	LGA	ORD	119	733	18	5	2013-11-01 18:00:00
2013	11	1	1905	1900	5	2103	2041	22	UA	415	N850UA	EWR	ORD	116	719	19	0	2013-11-01 19:00:00
2013	11	1	1909	1910	-1	2203	2208	-5	DL	2159	N917DE	JFK	MCO	151	944	19	10	2013-11-01 19:00:00
2013	11	1	1910	1655	135	2027	1820	127	WN	2988	N961WN	LGA	MDW	110	725	16	55	2013-11-01 16:00:00
2013	11	1	1912	1900	12	2023	2014	9	US	2160	N952UW	LGA	BOS	40	184	19	0	2013-11-01 19:00:00
2013	11	1	1914	1850	24	2240	2225	15	VX	29	N637VA	JFK	SFO	358	2586	18	50	2013-11-01 18:00:00
2013	11	1	1916	1910	6	2137	2149	-12	DL	1729	N3741S	JFK	LAS	300	2248	19	10	2013-11-01 19:00:00
2013	11	1	1918	1803	75	2215	2117	58	UA	1165	N33292	EWR	LAX	321	2454	18	3	2013-11-01 18:00:00
2013	11	1	1919	1829	50	2109	2033	36	US	1751	N177US	EWR	CLT	90	529	18	29	2013-11-01 18:00:00
2013	11	1	1920	1930	-10	2246	2250	-4	AA	235	N3FJAA	JFK	SEA	348	2422	19	30	2013-11-01 19:00:00
2013	11	1	1920	1900	20	2150	2134	16	DL	947	N988DL	LGA	ATL	120	762	19	0	2013-11-01 19:00:00
2013	11	1	1920	1759	81	2058	2000	58	DL	1321	N364NB	EWR	MSP	140	1008	17	59	2013-11-01 17:00:00
2013	11	1	1922	1729	113	2135	1951	104	F9	837	N205FR	LGA	DEN	223	1620	17	29	2013-11-01 17:00:00
2013	11	1	1922	1755	87	2213	2055	78	AA	1185	N3HSAA	LGA	DFW	201	1389	17	55	2013-11-01 17:00:00
2013	11	1	1923	1815	68	2114	1954	80	EV	5287	N708EV	LGA	MSN	113	812	18	15	2013-11-01 18:00:00
2013	11	1	1923	1930	-7	2120	2125	-5	MQ	3349	N542MQ	LGA	MSP	147	1020	19	30	2013-11-01 19:00:00
2013	11	1	1923	1925	-2	2231	2227	4	DL	1435	N319NB	LGA	TPA	157	1010	19	25	2013-11-01 19:00:00
2013	11	1	1923	1930	-7	2243	2250	-7	DL	795	N3745B	JFK	SLC	282	1990	19	30	2013-11-01 19:00:00
2013	11	1	1923	1929	-6	2245	2239	6	DL	2370	N334NB	LGA	PBI	168	1035	19	29	2013-11-01 19:00:00
2013	11	1	1923	1729	114	2252	2105	107	VX	193	N636VA	EWR	SFO	352	2565	17	29	2013-11-01 17:00:00
2013	11	1	1925	1900	25	2118	2040	38	MQ	3591	N834MQ	LGA	RDU	77	431	19	0	2013-11-01 19:00:00
2013	11	1	1925	1925	0	2219	2247	-28	DL	2307	N332NW	JFK	SAT	218	1587	19	25	2013-11-01 19:00:00
2013	11	1	1926	1930	-4	2314	2326	-12	B6	803	N655JB	JFK	SJU	194	1598	19	30	2013-11-01 19:00:00
2013	11	1	1927	1930	-3	2212	2233	-21	UA	1115	N76265	EWR	TPA	145	997	19	30	2013-11-01 19:00:00
2013	11	1	1928	1934	-6	2145	2136	9	EV	4370	N16963	EWR	CHS	110	628	19	34	2013-11-01 19:00:00
2013	11	1	1928	1932	-4	2309	2305	4	B6	161	N585JB	JFK	SMF	350	2521	19	32	2013-11-01 19:00:00
2013	11	1	1929	1859	30	2147	2116	31	9E	3445	N904XJ	LGA	DSM	149	1031	18	59	2013-11-01 18:00:00
2013	11	1	1930	1911	19	2128	2110	18	EV	5909	N16961	EWR	CLT	99	529	19	11	2013-11-01 19:00:00
2013	11	1	1930	1845	45	2208	2136	32	B6	327	N231JB	EWR	MCO	139	937	18	45	2013-11-01 18:00:00
2013	11	1	1931	1920	11	2243	2243	0	B6	71	N624JB	JFK	SLC	281	1990	19	20	2013-11-01 19:00:00
2013	11	1	1932	1911	21	2220	2225	-5	UA	1526	N39416	EWR	LAX	321	2454	19	11	2013-11-01 19:00:00
2013	11	1	1933	1803	90	2110	1944	86	UA	775	N831UA	EWR	ORD	112	719	18	3	2013-11-01 18:00:00
2013	11	1	1933	1935	-2	2243	2250	-7	AA	2437	N3ADAA	LGA	MIA	157	1096	19	35	2013-11-01 19:00:00
2013	11	1	1933	1935	-2	2254	2235	19	DL	1485	N983DL	LGA	MCO	142	950	19	35	2013-11-01 19:00:00
2013	11	1	1934	1930	4	2058	2049	9	EV	5769	N830AS	LGA	IAD	52	229	19	30	2013-11-01 19:00:00
2013	11	1	1934	1930	4	2121	2124	-3	9E	3331	N907XJ	JFK	RDU	83	427	19	30	2013-11-01 19:00:00
2013	11	1	1935	1800	95	2121	1942	99	EV	5387	N755EV	LGA	PIT	56	335	18	0	2013-11-01 18:00:00
2013	11	1	1935	1730	125	2249	2025	144	B6	543	N595JB	EWR	PBI	156	1023	17	30	2013-11-01 17:00:00
2013	11	1	1935	1930	5	2228	2238	-10	B6	225	N768JB	JFK	TPA	152	1005	19	30	2013-11-01 19:00:00
2013	11	1	1936	1935	1	2144	2146	-2	EV	4361	N13988	EWR	TYS	103	631	19	35	2013-11-01 19:00:00
2013	11	1	1936	1900	36	2128	2101	27	9E	3433	N913XJ	JFK	PIT	67	340	19	0	2013-11-01 19:00:00
2013	11	1	1939	1810	89	2124	1955	89	MQ	3526	N506MQ	LGA	CMH	74	479	18	10	2013-11-01 18:00:00
2013	11	1	1939	1934	5	2212	2226	-14	UA	1429	N27205	EWR	LAS	305	2227	19	34	2013-11-01 19:00:00
2013	11	1	1939	1940	-1	2109	2120	-11	AA	363	N543AA	LGA	ORD	114	733	19	40	2013-11-01 19:00:00
2013	11	1	1940	1900	40	2056	2025	31	WN	490	N902WN	LGA	MKE	110	738	19	0	2013-11-01 19:00:00
2013	11	1	1941	1755	106	2131	1930	121	MQ	3301	N507MQ	LGA	RDU	74	431	17	55	2013-11-01 17:00:00
2013	11	1	1941	1925	16	2202	2151	11	9E	3304	N919XJ	JFK	MSY	169	1182	19	25	2013-11-01 19:00:00
2013	11	1	1943	1945	-2	2148	2143	5	EV	5306	N608QX	LGA	GSO	77	461	19	45	2013-11-01 19:00:00
2013	11	1	1943	1935	8	2141	2147	-6	9E	3470	N902XJ	JFK	CVG	99	589	19	35	2013-11-01 19:00:00
2013	11	1	1944	1950	-6	2214	2215	-1	MQ	3662	N532MQ	LGA	ATL	117	762	19	50	2013-11-01 19:00:00
2013	11	1	1945	1945	0	2044	2059	-15	9E	3843	N8977A	JFK	PHL	26	94	19	45	2013-11-01 19:00:00
2013	11	1	1946	2000	-14	2125	2132	-7	UA	695	N841UA	LGA	ORD	113	733	20	0	2013-11-01 20:00:00
2013	11	1	1946	1956	-10	2140	2155	-15	DL	2131	N318NB	LGA	DTW	79	502	19	56	2013-11-01 19:00:00
2013	11	1	1947	1930	17	2303	2233	30	B6	1271	N562JB	LGA	FLL	155	1076	19	30	2013-11-01 19:00:00
2013	11	1	1948	1910	38	2226	2215	11	AA	21	N339AA	JFK	LAX	320	2475	19	10	2013-11-01 19:00:00
2013	11	1	1949	1929	20	2122	2055	27	EV	4224	N16541	EWR	MKE	119	725	19	29	2013-11-01 19:00:00
2013	11	1	1950	2000	-10	2226	2303	-37	B6	65	N659JB	JFK	ABQ	253	1826	20	0	2013-11-01 20:00:00
2013	11	1	1952	2000	-8	2120	2119	1	US	2195	N768US	LGA	DCA	51	214	20	0	2013-11-01 20:00:00
2013	11	1	1953	2000	-7	2257	2237	20	DL	1147	N926DL	LGA	ATL	117	762	20	0	2013-11-01 20:00:00
2013	11	1	1954	1935	19	2251	2242	9	UA	208	N847UA	EWR	SEA	332	2402	19	35	2013-11-01 19:00:00
2013	11	1	1954	1905	49	2238	2205	33	AA	1691	N4XHAA	EWR	DFW	199	1372	19	5	2013-11-01 19:00:00
2013	11	1	1957	1901	56	2309	2211	58	UA	237	N572UA	EWR	SFO	339	2565	19	1	2013-11-01 19:00:00
2013	11	1	1958	2000	-2	2105	2134	-29	9E	4127	N8936A	JFK	IAD	45	228	20	0	2013-11-01 20:00:00
2013	11	1	1959	2000	-1	2306	2328	-22	UA	1651	N33262	EWR	SFO	339	2565	20	0	2013-11-01 20:00:00
2013	11	1	2000	2005	-5	2125	2130	-5	MQ	3604	N521MQ	EWR	ORD	114	719	20	5	2013-11-01 20:00:00
2013	11	1	2002	2000	2	2112	2115	-3	US	2162	N946UW	LGA	BOS	36	184	20	0	2013-11-01 20:00:00
2013	11	1	2004	1849	75	2315	2209	66	B6	263	N520JB	JFK	SEA	345	2422	18	49	2013-11-01 18:00:00
2013	11	1	2006	1859	67	2242	2126	76	FL	645	N971AT	LGA	ATL	124	762	18	59	2013-11-01 18:00:00
2013	11	1	2007	2010	-3	2105	2122	-17	B6	418	N329JB	JFK	BOS	38	187	20	10	2013-11-01 20:00:00
2013	11	1	2008	2016	-8	2123	2128	-5	EV	4312	N11565	EWR	DCA	43	199	20	16	2013-11-01 20:00:00
2013	11	1	2008	2019	-11	2239	2240	-1	EV	4333	N11194	EWR	TUL	181	1215	20	19	2013-11-01 20:00:00
2013	11	1	2009	2003	6	2314	2308	6	B6	1201	N508JB	JFK	FLL	161	1069	20	3	2013-11-01 20:00:00
2013	11	1	2011	2018	-7	2145	2202	-17	EV	5956	N11109	LGA	CLE	68	419	20	18	2013-11-01 20:00:00
2013	11	1	2012	2012	0	2201	2150	11	EV	4106	N14916	EWR	GSO	81	445	20	12	2013-11-01 20:00:00
2013	11	1	2012	1905	67	2221	2131	50	EV	5383	N761ND	LGA	SBN	98	651	19	5	2013-11-01 19:00:00
2013	11	1	2012	2015	-3	2153	2155	-2	MQ	3535	N531MQ	JFK	CMH	77	483	20	15	2013-11-01 20:00:00
2013	11	1	2012	1830	102	2231	2110	81	WN	2698	N440LV	EWR	MSY	167	1167	18	30	2013-11-01 18:00:00
2013	11	1	2013	1835	98	2317	2148	89	AS	5	N413AS	EWR	SEA	333	2402	18	35	2013-11-01 18:00:00
2013	11	1	2014	2018	-4	2120	2144	-24	9E	3885	N602XJ	JFK	BWI	36	184	20	18	2013-11-01 20:00:00
2013	11	1	2015	2022	-7	2153	2200	-7	UA	1464	N76519	EWR	CLE	64	404	20	22	2013-11-01 20:00:00
2013	11	1	2016	2001	15	2302	2252	10	B6	883	N661JB	JFK	MCO	143	944	20	1	2013-11-01 20:00:00
2013	11	1	2018	2003	15	2308	2237	31	EV	4204	N14173	EWR	OKC	196	1325	20	3	2013-11-01 20:00:00
2013	11	1	2018	2019	-1	2323	2355	-32	B6	915	N613JB	JFK	SFO	339	2586	20	19	2013-11-01 20:00:00
2013	11	1	2019	2025	-6	2124	2140	-16	AA	2314	N3ELAA	JFK	BOS	41	187	20	25	2013-11-01 20:00:00
2013	11	1	2020	2025	-5	9	26	-17	UA	1071	N18223	EWR	BQN	195	1585	20	25	2013-11-01 20:00:00
2013	11	1	2022	2017	5	2327	2320	7	UA	771	N595UA	JFK	LAX	324	2475	20	17	2013-11-01 20:00:00
2013	11	1	2022	1858	84	2255	2150	65	B6	711	N629JB	JFK	LAS	305	2248	18	58	2013-11-01 18:00:00
2013	11	1	2024	2025	-1	2330	2342	-12	DL	2065	N373DA	JFK	FLL	159	1069	20	25	2013-11-01 20:00:00
2013	11	1	2024	1800	144	2143	1920	143	WN	318	N922WN	EWR	MDW	106	711	18	0	2013-11-01 18:00:00
2013	11	1	2027	2009	18	2143	2129	14	UA	1049	N78448	EWR	BOS	38	200	20	9	2013-11-01 20:00:00
2013	11	1	2027	2000	27	2315	2252	23	UA	1712	N24702	EWR	IAH	192	1400	20	0	2013-11-01 20:00:00
2013	11	1	2028	1845	103	2214	2029	105	EV	5274	N722EV	LGA	BNA	123	764	18	45	2013-11-01 18:00:00
2013	11	1	2028	2035	-7	2341	2357	-16	DL	442	N624AG	JFK	SEA	335	2422	20	35	2013-11-01 20:00:00
2013	11	1	2029	2006	23	2307	2213	54	EV	4321	N12142	EWR	MCI	176	1092	20	6	2013-11-01 20:00:00
2013	11	1	2029	1829	120	2154	2004	110	MQ	3134	N530MQ	EWR	ORD	110	719	18	29	2013-11-01 18:00:00
2013	11	1	2031	2018	13	2332	2328	4	UA	1224	N75410	EWR	LAX	315	2454	20	18	2013-11-01 20:00:00
2013	11	1	2035	2035	0	2351	2341	10	UA	1039	N38451	EWR	FLL	159	1065	20	35	2013-11-01 20:00:00
2013	11	1	2036	2035	1	2203	2204	-1	9E	3395	N292PQ	JFK	DCA	57	213	20	35	2013-11-01 20:00:00
2013	11	1	2037	2040	-3	2305	2248	17	EV	4536	N13994	EWR	CVG	101	569	20	40	2013-11-01 20:00:00
2013	11	1	2037	2039	-2	2356	2355	1	B6	1205	N709JB	JFK	PDX	352	2454	20	39	2013-11-01 20:00:00
2013	11	1	2040	2025	15	2258	2228	30	EV	4348	N17185	EWR	MSP	154	1008	20	25	2013-11-01 20:00:00
2013	11	1	2040	2007	33	2248	2202	46	EV	4543	N14174	EWR	DSM	148	1017	20	7	2013-11-01 20:00:00
2013	11	1	2043	1955	48	2232	2147	45	EV	5038	N730EV	LGA	BHM	127	866	19	55	2013-11-01 19:00:00
2013	11	1	2044	2030	14	2212	2201	11	FL	354	N967AT	LGA	CAK	65	397	20	30	2013-11-01 20:00:00
2013	11	1	2044	2050	-6	2157	2212	-15	DL	985	N321NB	JFK	BOS	38	187	20	50	2013-11-01 20:00:00
2013	11	1	2047	2050	-3	2359	1	-2	UA	624	N442UA	EWR	MIA	158	1085	20	50	2013-11-01 20:00:00
2013	11	1	2047	2030	17	2211	2205	6	WN	2520	N431WN	EWR	MDW	108	711	20	30	2013-11-01 20:00:00
2013	11	1	2051	2100	-9	2148	2206	-18	US	2164	N953UW	LGA	BOS	39	184	21	0	2013-11-01 21:00:00
2013	11	1	2051	1910	101	2328	2210	78	AA	1193	N3JNAA	LGA	DFW	197	1389	19	10	2013-11-01 19:00:00
2013	11	1	2051	2106	-15	2204	2213	-9	B6	2680	N247JB	EWR	BOS	41	200	21	6	2013-11-01 21:00:00
2013	11	1	2052	2040	12	NA	2359	NA	B6	523	N632JB	JFK	LAX	NA	2475	20	40	2013-11-01 20:00:00
2013	11	1	2054	2059	-5	2355	2358	-3	UA	1416	N38458	EWR	MCO	145	937	20	59	2013-11-01 20:00:00
2013	11	1	2054	2100	-6	2306	2329	-23	B6	775	N373JB	JFK	MSY	174	1182	21	0	2013-11-01 21:00:00
2013	11	1	2054	2059	-5	34	58	-24	DL	347	N3765	JFK	SJU	196	1598	20	59	2013-11-01 20:00:00
2013	11	1	2055	2100	-5	2349	20	-31	DL	427	N1200K	JFK	LAX	331	2475	21	0	2013-11-01 21:00:00
2013	11	1	2056	2059	-3	2215	2211	4	UA	1066	N29717	EWR	BOS	42	200	20	59	2013-11-01 20:00:00
2013	11	1	2057	1920	97	2217	2053	84	9E	3555	N293PQ	LGA	BUF	52	292	19	20	2013-11-01 19:00:00
2013	11	1	2100	2100	0	2302	2245	17	MQ	3384	N528MQ	LGA	CLT	90	544	21	0	2013-11-01 21:00:00
2013	11	1	2104	2110	-6	2255	2306	-11	EV	4885	N713EV	LGA	ILM	82	500	21	10	2013-11-01 21:00:00
2013	11	1	2106	2040	26	2318	2258	20	9E	4033	N8940E	LGA	TYS	107	647	20	40	2013-11-01 20:00:00
2013	11	1	2107	2059	8	2259	2255	4	EV	4368	N17196	EWR	DAY	83	533	20	59	2013-11-01 20:00:00
2013	11	1	2107	2110	-3	2254	2255	-1	MQ	3603	N524MQ	LGA	DTW	79	502	21	10	2013-11-01 21:00:00
2013	11	1	2108	2056	12	2335	2316	19	EV	4397	N10156	EWR	MSY	179	1167	20	56	2013-11-01 20:00:00
2013	11	1	2108	1940	88	2240	2100	100	EV	5714	N829AS	JFK	IAD	53	228	19	40	2013-11-01 19:00:00
2013	11	1	2109	2045	24	2227	2225	2	AA	371	N489AA	LGA	ORD	116	733	20	45	2013-11-01 20:00:00
2013	11	1	2111	2100	11	2213	2214	-1	US	2197	N744P	LGA	DCA	40	214	21	0	2013-11-01 21:00:00
2013	11	1	2115	2100	15	2339	2326	13	DL	1247	N932DL	LGA	ATL	117	762	21	0	2013-11-01 21:00:00
2013	11	1	2116	1830	166	24	2157	147	UA	389	N565UA	JFK	SFO	335	2586	18	30	2013-11-01 18:00:00
2013	11	1	2117	2023	54	2322	2240	42	EV	4085	N13133	EWR	OMA	165	1134	20	23	2013-11-01 20:00:00
2013	11	1	2121	2106	15	1	2354	7	UA	475	N481UA	EWR	IAH	197	1400	21	6	2013-11-01 21:00:00
2013	11	1	2124	2130	-6	2233	2240	-7	EV	4509	N15912	EWR	PWM	46	284	21	30	2013-11-01 21:00:00
2013	11	1	2125	2106	19	7	2343	24	B6	1677	N238JB	JFK	JAX	135	828	21	6	2013-11-01 21:00:00
2013	11	1	2125	2130	-5	2345	2359	-14	B6	97	N521JB	JFK	DEN	226	1626	21	30	2013-11-01 21:00:00
2013	11	1	2128	2100	28	2241	2221	20	EV	5815	N13992	EWR	RIC	53	277	21	0	2013-11-01 21:00:00
2013	11	1	2128	2113	15	29	30	-1	UA	471	N528UA	EWR	SFO	339	2565	21	13	2013-11-01 21:00:00
2013	11	1	2128	2129	-1	12	10	2	B6	527	N588JB	EWR	MCO	142	937	21	29	2013-11-01 21:00:00
2013	11	1	2132	2139	-7	2257	2302	-5	B6	702	N334JB	JFK	BUF	58	301	21	39	2013-11-01 21:00:00
2013	11	1	2133	2059	34	2317	2242	35	EV	4672	N21144	EWR	STL	131	872	20	59	2013-11-01 20:00:00
2013	11	1	2135	2129	6	2335	2323	12	EV	3833	N13995	EWR	CLT	91	529	21	29	2013-11-01 21:00:00
2013	11	1	2137	2140	-3	2239	2255	-16	MQ	3621	N807MQ	JFK	DCA	41	213	21	40	2013-11-01 21:00:00
2013	11	1	2137	2018	79	28	2313	75	B6	153	N658JB	JFK	PBI	150	1028	20	18	2013-11-01 20:00:00
2013	11	1	2139	2045	54	38	2359	39	B6	1295	N703JB	JFK	AUS	214	1521	20	45	2013-11-01 20:00:00
2013	11	1	2152	2057	55	2308	2236	32	EV	5048	N741EV	LGA	RIC	54	292	20	57	2013-11-01 20:00:00
2013	11	1	2152	2030	82	2352	2251	61	EV	5209	N391CA	LGA	CHS	101	641	20	30	2013-11-01 20:00:00
2013	11	1	2156	2159	-3	2258	2306	-8	EV	3842	N13955	EWR	MHT	35	209	21	59	2013-11-01 21:00:00
2013	11	1	2156	2140	16	2327	2250	37	MQ	3660	N6EAMQ	LGA	BNA	115	764	21	40	2013-11-01 21:00:00
2013	11	1	2159	2159	0	2301	2308	-7	9E	3525	N923XJ	LGA	SYR	33	198	21	59	2013-11-01 21:00:00
2013	11	1	2206	2130	36	106	18	48	B6	1371	N646JB	LGA	FLL	154	1076	21	30	2013-11-01 21:00:00
2013	11	1	2207	2100	67	2344	2235	69	MQ	3317	N502MQ	LGA	RDU	70	431	21	0	2013-11-01 21:00:00
2013	11	1	2207	2150	17	115	36	39	B6	1183	N651JB	JFK	MCO	146	944	21	50	2013-11-01 21:00:00
2013	11	1	2207	2100	67	46	2345	61	B6	499	N705JB	LGA	MCO	145	950	21	0	2013-11-01 21:00:00
2013	11	1	2216	1940	156	2355	2125	150	MQ	3374	N808MQ	JFK	RDU	81	427	19	40	2013-11-01 19:00:00
2013	11	1	2222	2159	23	2328	2327	1	EV	5311	N760EV	LGA	BGR	47	378	21	59	2013-11-01 21:00:00
2013	11	1	2222	1930	172	38	2159	159	DL	2142	N784NC	EWR	ATL	115	746	19	30	2013-11-01 19:00:00
2013	11	1	2228	2124	64	41	2337	64	EV	4682	N14923	EWR	SDF	118	642	21	24	2013-11-01 21:00:00
2013	11	1	2230	2110	80	110	2341	89	EV	5811	N21537	EWR	JAX	137	820	21	10	2013-11-01 21:00:00
2013	11	1	2231	2210	21	2332	2323	9	EV	5904	N17115	EWR	BTV	45	266	22	10	2013-11-01 22:00:00
2013	11	1	2234	2245	-11	2336	2353	-17	B6	108	N296JB	JFK	PWM	45	273	22	45	2013-11-01 22:00:00
2013	11	1	2238	2245	-7	2344	2355	-11	B6	234	N358JB	JFK	BTV	45	266	22	45	2013-11-01 22:00:00
2013	11	1	2238	2245	-7	2347	3	-16	B6	486	N368JB	JFK	ROC	52	264	22	45	2013-11-01 22:00:00
2013	11	1	2244	2140	64	148	40	68	AA	185	N338AA	JFK	LAX	320	2475	21	40	2013-11-01 21:00:00
2013	11	1	2245	2159	46	137	107	30	UA	1615	N33264	EWR	AUS	213	1504	21	59	2013-11-01 21:00:00
2013	11	1	2247	2250	-3	6	8	-2	B6	2002	N307JB	JFK	BUF	58	301	22	50	2013-11-01 22:00:00
2013	11	1	2249	1830	259	51	2041	250	EV	5268	N751EV	LGA	CLT	89	544	18	30	2013-11-01 18:00:00
2013	11	1	2249	2255	-6	13	2356	17	B6	718	N821JB	JFK	BOS	43	187	22	55	2013-11-01 22:00:00
2013	11	1	2257	2156	61	3	2308	55	UA	523	N834UA	EWR	BOS	43	200	21	56	2013-11-01 21:00:00
2013	11	1	2329	2030	179	34	2205	149	WN	382	N437WN	LGA	MDW	110	725	20	30	2013-11-01 20:00:00
2013	11	1	2352	2359	-7	329	337	-8	B6	839	N519JB	JFK	BQN	195	1576	23	59	2013-11-01 23:00:00
2013	11	1	2353	2359	-6	333	340	-7	B6	1503	N784JB	JFK	SJU	199	1598	23	59	2013-11-01 23:00:00
2013	11	1	NA	1548	NA	NA	1757	NA	EV	3825	N14568	EWR	IND	NA	645	15	48	2013-11-01 15:00:00
2013	11	1	NA	1230	NA	NA	1426	NA	EV	3848	N14916	EWR	CLT	NA	529	12	30	2013-11-01 12:00:00
2013	11	1	NA	1239	NA	NA	1510	NA	EV	4141	N21130	EWR	ATL	NA	746	12	39	2013-11-01 12:00:00
2013	11	1	NA	1456	NA	NA	1657	NA	EV	4144	N19554	EWR	CHS	NA	628	14	56	2013-11-01 14:00:00
2013	11	1	NA	1515	NA	NA	1724	NA	EV	4181	N17159	EWR	MCI	NA	1092	15	15	2013-11-01 15:00:00
2013	11	1	NA	1656	NA	NA	1852	NA	EV	4201	N26549	EWR	DAY	NA	533	16	56	2013-11-01 16:00:00
2013	11	1	NA	1726	NA	NA	1909	NA	EV	4202	N34111	EWR	STL	NA	872	17	26	2013-11-01 17:00:00
2013	11	1	NA	2127	NA	NA	2237	NA	EV	4372	N27190	EWR	DCA	NA	199	21	27	2013-11-01 21:00:00
2013	11	1	NA	1018	NA	NA	1215	NA	EV	4297	N17196	EWR	DTW	NA	488	10	18	2013-11-01 10:00:00
2013	11	1	NA	1717	NA	NA	1908	NA	EV	4411	N16170	EWR	MEM	NA	946	17	17	2013-11-01 17:00:00
2013	11	1	NA	1655	NA	NA	1831	NA	EV	4695	N11194	EWR	RDU	NA	416	16	55	2013-11-01 16:00:00
2013	11	1	NA	1430	NA	NA	1533	NA	EV	4696	N21144	EWR	MHT	NA	209	14	30	2013-11-01 14:00:00
2013	11	1	NA	1350	NA	NA	1526	NA	EV	5181	N398CA	LGA	MSN	NA	812	13	50	2013-11-01 13:00:00
2013	11	1	NA	1115	NA	NA	1300	NA	EV	5273	N720EV	LGA	PIT	NA	335	11	15	2013-11-01 11:00:00
2013	11	1	NA	1310	NA	NA	1526	NA	EV	5283	N391CA	LGA	CVG	NA	585	13	10	2013-11-01 13:00:00
2013	11	1	NA	1430	NA	NA	1634	NA	EV	5370	N232PQ	EWR	MSP	NA	1008	14	30	2013-11-01 14:00:00
2013	11	1	NA	1130	NA	NA	1330	NA	EV	5373	N752EV	LGA	GSO	NA	461	11	30	2013-11-01 11:00:00
2013	11	1	NA	1300	NA	NA	1439	NA	EV	5378	N707EV	LGA	PIT	NA	335	13	0	2013-11-01 13:00:00
2013	11	1	NA	1436	NA	NA	1559	NA	EV	5713	N829AS	LGA	IAD	NA	229	14	36	2013-11-01 14:00:00
2013	11	1	NA	1154	NA	NA	1308	NA	EV	3807	N14568	EWR	ORF	NA	284	11	54	2013-11-01 11:00:00
2013	11	1	NA	1655	NA	NA	1840	NA	MQ	3411	N854MQ	LGA	RDU	NA	431	16	55	2013-11-01 16:00:00
2013	11	1	NA	845	NA	NA	1110	NA	MQ	3419	N531MQ	LGA	ATL	NA	762	8	45	2013-11-01 08:00:00
2013	11	1	NA	1950	NA	NA	2140	NA	MQ	3573	N832MQ	LGA	CMH	NA	479	19	50	2013-11-01 19:00:00
2013	11	1	NA	517	NA	NA	757	NA	UA	252	NA	EWR	IAH	NA	1400	5	17	2013-11-01 05:00:00
2013	11	1	NA	1200	NA	NA	1309	NA	US	2146	NA	LGA	BOS	NA	184	12	0	2013-11-01 12:00:00
2013	11	1	NA	1400	NA	NA	1507	NA	US	2150	NA	LGA	BOS	NA	184	14	0	2013-11-01 14:00:00
2013	11	1	NA	1600	NA	NA	1718	NA	US	2154	NA	LGA	BOS	NA	184	16	0	2013-11-01 16:00:00
2013	11	1	NA	1200	NA	NA	1315	NA	US	2179	NA	LGA	DCA	NA	214	12	0	2013-11-01 12:00:00
2013	11	1	NA	1015	NA	NA	1242	NA	US	604	NA	EWR	PHX	NA	2133	10	15	2013-11-01 10:00:00
2013	11	1	NA	1345	NA	NA	1650	NA	AA	117	N338AA	JFK	LAX	NA	2475	13	45	2013-11-01 13:00:00
2013	11	1	NA	1240	NA	NA	1438	NA	9E	3291	NA	EWR	DTW	NA	488	12	40	2013-11-01 12:00:00
2013	11	1	NA	1725	NA	NA	2040	NA	VX	169	N641VA	EWR	LAX	NA	2454	17	25	2013-11-01 17:00:00
2013	11	1	NA	1655	NA	NA	2015	NA	VX	413	N635VA	JFK	LAX	NA	2475	16	55	2013-11-01 16:00:00
2013	11	1	NA	2000	NA	NA	2315	NA	VX	415	N626VA	JFK	LAX	NA	2475	20	0	2013-11-01 20:00:00
2013	11	1	NA	935	NA	NA	1055	NA	WN	3814	N266WN	LGA	MKE	NA	738	9	35	2013-11-01 09:00:00
2013	11	1	NA	625	NA	NA	935	NA	WN	16	N7734H	EWR	HOU	NA	1411	6	25	2013-11-01 06:00:00
2013	11	1	NA	1245	NA	NA	1540	NA	WN	3616	N968WN	EWR	HOU	NA	1411	12	45	2013-11-01 12:00:00
2013	3	1	4	2159	125	318	56	142	B6	11	N706JB	JFK	FLL	166	1069	21	59	2013-03-01 21:00:00
2013	3	1	50	2358	52	526	438	48	B6	707	N794JB	JFK	SJU	198	1598	23	58	2013-03-01 23:00:00
2013	3	1	117	2245	152	223	2354	149	B6	608	N328JB	JFK	PWM	48	273	22	45	2013-03-01 22:00:00
2013	3	1	454	500	-6	633	648	-15	US	1117	N177US	EWR	CLT	79	529	5	0	2013-03-01 05:00:00
2013	3	1	505	515	-10	746	810	-24	UA	475	N527UA	EWR	IAH	199	1400	5	15	2013-03-01 05:00:00
2013	3	1	521	530	-9	813	827	-14	UA	1714	N76523	LGA	IAH	213	1416	5	30	2013-03-01 05:00:00
2013	3	1	537	540	-3	856	850	6	AA	1141	N5EPAA	JFK	MIA	173	1089	5	40	2013-03-01 05:00:00
2013	3	1	541	545	-4	1014	1023	-9	B6	725	N653JB	JFK	BQN	191	1576	5	45	2013-03-01 05:00:00
2013	3	1	549	600	-11	639	703	-24	US	2114	N749US	LGA	BOS	31	184	6	0	2013-03-01 06:00:00
2013	3	1	550	600	-10	747	801	-14	EV	4911	N760EV	EWR	DTW	89	488	6	0	2013-03-01 06:00:00
2013	3	1	551	559	-8	722	723	-1	EV	4608	N26549	EWR	MKE	119	725	5	59	2013-03-01 05:00:00
2013	3	1	551	600	-9	717	745	-28	AA	301	N3DCAA	LGA	ORD	113	733	6	0	2013-03-01 06:00:00
2013	3	1	551	600	-9	845	901	-16	B6	371	N566JB	LGA	FLL	155	1076	6	0	2013-03-01 06:00:00
2013	3	1	552	600	-8	656	735	-39	MQ	3768	N520MQ	EWR	ORD	108	719	6	0	2013-03-01 06:00:00
2013	3	1	554	600	-6	651	659	-8	US	2161	N755US	LGA	DCA	42	214	6	0	2013-03-01 06:00:00
2013	3	1	555	600	-5	715	715	0	EV	5716	N828AS	JFK	IAD	52	228	6	0	2013-03-01 06:00:00
2013	3	1	556	600	-4	901	849	12	B6	79	N715JB	JFK	MCO	157	944	6	0	2013-03-01 06:00:00
2013	3	1	557	600	-3	837	910	-33	AA	707	N3AMAA	LGA	DFW	196	1389	6	0	2013-03-01 06:00:00
2013	3	1	557	600	-3	706	733	-27	UA	379	N834UA	LGA	ORD	113	733	6	0	2013-03-01 06:00:00
2013	3	1	558	600	-2	750	759	-9	DL	731	N316US	LGA	DTW	90	502	6	0	2013-03-01 06:00:00
2013	3	1	558	600	-2	903	856	7	B6	507	N589JB	EWR	FLL	159	1065	6	0	2013-03-01 06:00:00
2013	3	1	558	605	-7	803	805	-2	MQ	4401	N713MQ	LGA	DTW	90	502	6	5	2013-03-01 06:00:00
2013	3	1	559	600	-1	713	708	5	B6	380	N273JB	EWR	BOS	37	200	6	0	2013-03-01 06:00:00
2013	3	1	559	600	-1	831	825	6	MQ	4650	N513MQ	LGA	ATL	122	762	6	0	2013-03-01 06:00:00
2013	3	1	600	605	-5	804	821	-17	9E	3953	N8412F	EWR	CVG	87	569	6	5	2013-03-01 06:00:00
2013	3	1	600	600	0	848	837	11	DL	461	N666DN	LGA	ATL	117	762	6	0	2013-03-01 06:00:00
2013	3	1	600	600	0	911	911	0	UA	1077	N14214	EWR	MIA	168	1085	6	0	2013-03-01 06:00:00
2013	3	1	600	600	0	906	925	-19	UA	303	N505UA	JFK	SFO	342	2586	6	0	2013-03-01 06:00:00
2013	3	1	601	605	-4	758	817	-19	EV	4603	N14570	EWR	CVG	88	569	6	5	2013-03-01 06:00:00
2013	3	1	601	600	1	827	815	12	FL	345	N894AT	LGA	ATL	116	762	6	0	2013-03-01 06:00:00
2013	3	1	601	600	1	710	730	-20	WN	815	N926WN	EWR	MDW	105	711	6	0	2013-03-01 06:00:00
2013	3	1	601	600	1	853	906	-13	UA	1431	N24715	EWR	DFW	206	1372	6	0	2013-03-01 06:00:00
2013	3	1	603	610	-7	916	910	6	AA	1895	N5DBAA	EWR	MIA	158	1085	6	10	2013-03-01 06:00:00
2013	3	1	603	600	3	705	740	-35	WN	254	N425LV	LGA	MDW	104	725	6	0	2013-03-01 06:00:00
2013	3	1	604	605	-1	926	907	19	B6	501	N706JB	JFK	FLL	175	1069	6	5	2013-03-01 06:00:00
2013	3	1	604	610	-6	935	918	17	B6	135	N547JB	JFK	RSW	178	1074	6	10	2013-03-01 06:00:00
2013	3	1	606	610	-4	749	818	-29	EV	4963	N614QX	EWR	MSP	140	1008	6	10	2013-03-01 06:00:00
2013	3	1	606	610	-4	706	710	-4	WN	589	N7732A	EWR	BWI	34	169	6	10	2013-03-01 06:00:00
2013	3	1	607	610	-3	906	915	-9	AA	1837	N3HTAA	LGA	MIA	159	1096	6	10	2013-03-01 06:00:00
2013	3	1	607	610	-3	832	925	-53	UA	797	N557UA	JFK	LAX	292	2475	6	10	2013-03-01 06:00:00
2013	3	1	608	610	-2	718	726	-8	EV	3844	N14974	EWR	IAD	46	212	6	10	2013-03-01 06:00:00
2013	3	1	608	615	-7	737	750	-13	MQ	4518	N723MQ	LGA	RDU	64	431	6	15	2013-03-01 06:00:00
2013	3	1	608	610	-2	847	855	-8	UA	511	N530UA	EWR	LAS	276	2227	6	10	2013-03-01 06:00:00
2013	3	1	609	615	-6	759	825	-26	DL	1919	N972DL	LGA	MSP	148	1020	6	15	2013-03-01 06:00:00
2013	3	1	610	615	-5	804	820	-16	US	829	N764US	JFK	CLT	85	541	6	15	2013-03-01 06:00:00
2013	3	1	611	615	-4	838	842	-4	DL	575	N341NB	EWR	ATL	115	746	6	15	2013-03-01 06:00:00
2013	3	1	615	620	-5	1047	1102	-15	B6	709	N796JB	JFK	SJU	194	1598	6	20	2013-03-01 06:00:00
2013	3	1	617	615	2	859	855	4	9E	3623	N153PQ	JFK	ATL	110	760	6	15	2013-03-01 06:00:00
2013	3	1	618	600	18	925	849	36	B6	145	N659JB	JFK	PBI	168	1028	6	0	2013-03-01 06:00:00
2013	3	1	621	630	-9	740	810	-30	AA	303	N3JJAA	LGA	ORD	113	733	6	30	2013-03-01 06:00:00
2013	3	1	621	630	-9	924	926	-2	B6	983	N637JB	LGA	TPA	155	1010	6	30	2013-03-01 06:00:00
2013	3	1	621	630	-9	825	830	-5	MQ	4576	N525MQ	LGA	CLT	98	544	6	30	2013-03-01 06:00:00
2013	3	1	621	630	-9	811	830	-19	MQ	4599	N537MQ	LGA	MSP	151	1020	6	30	2013-03-01 06:00:00
2013	3	1	621	630	-9	811	843	-32	US	1433	N182UW	LGA	CLT	88	544	6	30	2013-03-01 06:00:00
2013	3	1	621	622	-1	910	927	-17	UA	1072	N87531	LGA	IAH	210	1416	6	22	2013-03-01 06:00:00
2013	3	1	622	630	-8	753	807	-14	B6	905	N203JB	JFK	ORD	118	740	6	30	2013-03-01 06:00:00
2013	3	1	623	630	-7	753	810	-17	EV	5667	N14959	EWR	RDU	64	416	6	30	2013-03-01 06:00:00
2013	3	1	623	625	-2	724	745	-21	UA	1142	N39416	EWR	BOS	37	200	6	25	2013-03-01 06:00:00
2013	3	1	624	630	-6	857	859	-2	DL	1899	N302NB	LGA	MSY	187	1183	6	30	2013-03-01 06:00:00
2013	3	1	624	630	-6	752	811	-19	UA	579	N838UA	EWR	CLE	71	404	6	30	2013-03-01 06:00:00
2013	3	1	625	631	-6	735	740	-5	B6	1002	N661JB	JFK	BOS	37	187	6	31	2013-03-01 06:00:00
2013	3	1	626	630	-4	904	905	-1	EV	3828	N21537	EWR	ATL	124	746	6	30	2013-03-01 06:00:00
2013	3	1	626	630	-4	919	925	-6	UA	707	N437UA	EWR	MCO	151	937	6	30	2013-03-01 06:00:00
2013	3	1	627	630	-3	815	818	-3	EV	4334	N15973	EWR	CMH	73	463	6	30	2013-03-01 06:00:00
2013	3	1	627	630	-3	832	831	1	US	1507	N565UW	EWR	CLT	94	529	6	30	2013-03-01 06:00:00
2013	3	1	627	630	-3	921	928	-7	UA	1115	N37293	EWR	TPA	157	997	6	30	2013-03-01 06:00:00
2013	3	1	628	633	-5	743	745	-2	EV	4241	N14993	EWR	DCA	45	199	6	33	2013-03-01 06:00:00
2013	3	1	629	630	-1	847	845	2	EV	4471	N12552	EWR	CLT	88	529	6	30	2013-03-01 06:00:00
2013	3	1	629	630	-1	756	749	7	EV	4533	N14573	EWR	BUF	51	282	6	30	2013-03-01 06:00:00
2013	3	1	629	610	19	916	941	-25	UA	421	N810UA	EWR	SFO	319	2565	6	10	2013-03-01 06:00:00
2013	3	1	629	632	-3	844	952	-68	UA	1702	N77518	EWR	LAX	294	2454	6	32	2013-03-01 06:00:00
2013	3	1	630	630	0	831	910	-39	WN	459	N297WN	LGA	DEN	212	1620	6	30	2013-03-01 06:00:00
2013	3	1	630	634	-4	931	951	-20	UA	1276	N38727	EWR	AUS	222	1504	6	34	2013-03-01 06:00:00
2013	3	1	630	630	0	912	1014	-62	UA	216	N496UA	EWR	PHX	261	2133	6	30	2013-03-01 06:00:00
2013	3	1	631	630	1	839	847	-8	EV	4250	N33182	EWR	IND	98	645	6	30	2013-03-01 06:00:00
2013	3	1	631	635	-4	914	940	-26	AA	711	N3FDAA	LGA	DFW	203	1389	6	35	2013-03-01 06:00:00
2013	3	1	633	635	-2	743	748	-5	B6	1305	N228JB	JFK	IAD	50	228	6	35	2013-03-01 06:00:00
2013	3	1	635	645	-10	840	846	-6	US	1661	N174US	EWR	CLT	95	529	6	45	2013-03-01 06:00:00
2013	3	1	648	649	-1	830	912	-42	UA	311	N421UA	EWR	DEN	201	1605	6	49	2013-03-01 06:00:00
2013	3	1	649	649	0	839	920	-41	UA	343	N564UA	LGA	DEN	208	1620	6	49	2013-03-01 06:00:00
2013	3	1	651	655	-4	904	923	-19	B6	117	N627JB	JFK	MSY	176	1182	6	55	2013-03-01 06:00:00
2013	3	1	652	700	-8	1016	1019	-3	DL	2003	N999DN	LGA	MIA	165	1096	7	0	2013-03-01 07:00:00
2013	3	1	652	700	-8	801	807	-6	US	2116	N955UW	LGA	BOS	33	184	7	0	2013-03-01 07:00:00
2013	3	1	652	700	-8	805	807	-2	US	2163	N711UW	LGA	DCA	42	214	7	0	2013-03-01 07:00:00
2013	3	1	653	600	53	756	724	32	EV	5689	N827AS	LGA	IAD	43	229	6	0	2013-03-01 06:00:00
2013	3	1	653	700	-7	912	920	-8	EV	4122	N16919	EWR	SDF	104	642	7	0	2013-03-01 07:00:00
2013	3	1	653	630	23	1133	1140	-7	AA	413	N3FBAA	JFK	SJU	192	1598	6	30	2013-03-01 06:00:00
2013	3	1	653	655	-2	955	1029	-34	DL	1415	N660DL	JFK	SLC	270	1990	6	55	2013-03-01 06:00:00
2013	3	1	654	700	-6	1021	1015	6	AA	2279	N3HMAA	LGA	MIA	179	1096	7	0	2013-03-01 07:00:00
2013	3	1	654	700	-6	1000	1011	-11	UA	1525	N53442	EWR	RSW	166	1068	7	0	2013-03-01 07:00:00
2013	3	1	655	700	-5	821	850	-29	AA	305	N548AA	LGA	ORD	113	733	7	0	2013-03-01 07:00:00
2013	3	1	655	700	-5	824	837	-13	UA	533	N435UA	EWR	ORD	112	719	7	0	2013-03-01 07:00:00
2013	3	1	655	700	-5	812	839	-27	UA	287	N485UA	LGA	ORD	111	733	7	0	2013-03-01 07:00:00
2013	3	1	655	700	-5	954	1025	-31	UA	347	N512UA	JFK	SFO	343	2586	7	0	2013-03-01 07:00:00
2013	3	1	656	705	-9	812	837	-25	EV	4547	N13968	EWR	BNA	116	748	7	5	2013-03-01 07:00:00
2013	3	1	656	700	-4	1018	953	25	DL	2285	N336NW	LGA	MCO	165	950	7	0	2013-03-01 07:00:00
2013	3	1	656	700	-4	1003	1014	-11	DL	1879	N330NW	LGA	FLL	163	1076	7	0	2013-03-01 07:00:00
2013	3	1	656	705	-9	1014	1005	9	B6	987	N709JB	JFK	MCO	155	944	7	5	2013-03-01 07:00:00
2013	3	1	657	700	-3	953	1034	-41	DL	763	N712TW	JFK	LAX	326	2475	7	0	2013-03-01 07:00:00
2013	3	1	657	659	-2	931	938	-7	DL	1547	N674DL	LGA	ATL	114	762	6	59	2013-03-01 06:00:00
2013	3	1	658	659	-1	1025	959	26	AA	1815	N5FSAA	JFK	MCO	165	944	6	59	2013-03-01 06:00:00
2013	3	1	658	700	-2	1102	1045	17	DL	1865	N722TW	JFK	SFO	395	2586	7	0	2013-03-01 07:00:00
2013	3	1	658	700	-2	1007	1025	-18	WN	20	N468WN	EWR	HOU	223	1411	7	0	2013-03-01 07:00:00
2013	3	1	659	705	-6	922	940	-18	MQ	4534	N725MQ	LGA	XNA	171	1147	7	5	2013-03-01 07:00:00
2013	3	1	659	700	-1	1003	1008	-5	UA	1701	N33292	EWR	FLL	162	1065	7	0	2013-03-01 07:00:00
2013	3	1	701	700	1	937	1029	-52	UA	1162	N39726	EWR	SNA	320	2434	7	0	2013-03-01 07:00:00
2013	3	1	702	710	-8	911	850	21	MQ	3737	N505MQ	EWR	ORD	112	719	7	10	2013-03-01 07:00:00
2013	3	1	703	650	13	846	858	-12	EV	4138	N16149	EWR	MSP	145	1008	6	50	2013-03-01 06:00:00
2013	3	1	703	700	3	1006	958	8	UA	1627	N76504	EWR	PBI	155	1023	7	0	2013-03-01 07:00:00
2013	3	1	712	715	-3	1041	1045	-4	AA	443	N5ELAA	JFK	MIA	177	1089	7	15	2013-03-01 07:00:00
2013	3	1	713	715	-2	1045	1035	10	AA	825	N3FEAA	JFK	FLL	181	1069	7	15	2013-03-01 07:00:00
2013	3	1	714	720	-6	828	848	-20	FL	850	N922AT	LGA	MKE	112	738	7	20	2013-03-01 07:00:00
2013	3	1	714	715	-1	939	1037	-58	B6	671	N804JB	JFK	LAX	297	2475	7	15	2013-03-01 07:00:00
2013	3	1	716	710	6	958	1035	-37	VX	399	N636VA	JFK	LAX	315	2475	7	10	2013-03-01 07:00:00
2013	3	1	716	630	46	1010	1019	-9	US	654	N663AW	JFK	PHX	264	2153	6	30	2013-03-01 06:00:00
2013	3	1	719	720	-1	908	928	-20	DL	831	N915DE	LGA	DTW	89	502	7	20	2013-03-01 07:00:00
2013	3	1	720	725	-5	1009	1030	-21	AS	11	N506AS	EWR	SEA	328	2402	7	25	2013-03-01 07:00:00
2013	3	1	725	730	-5	949	1004	-15	DL	807	N338NB	EWR	ATL	112	746	7	30	2013-03-01 07:00:00
2013	3	1	725	729	-4	1043	1026	17	B6	361	N521JB	LGA	PBI	176	1035	7	29	2013-03-01 07:00:00
2013	3	1	725	730	-5	1006	1030	-24	UA	825	N535UA	LGA	IAH	202	1416	7	30	2013-03-01 07:00:00
2013	3	1	726	730	-4	956	1040	-44	AA	715	N424AA	LGA	DFW	192	1389	7	30	2013-03-01 07:00:00
2013	3	1	726	730	-4	1007	1040	-33	AA	2083	N4YNAA	EWR	DFW	187	1372	7	30	2013-03-01 07:00:00
2013	3	1	727	730	-3	1007	1100	-53	AA	33	N319AA	JFK	LAX	315	2475	7	30	2013-03-01 07:00:00
2013	3	1	728	730	-2	827	849	-22	UA	1199	N13248	EWR	BOS	38	200	7	30	2013-03-01 07:00:00
2013	3	1	730	730	0	842	843	-1	B6	44	N607JB	JFK	SYR	45	209	7	30	2013-03-01 07:00:00
2013	3	1	731	630	61	858	800	58	EV	3807	N15910	EWR	PIT	55	319	6	30	2013-03-01 06:00:00
2013	3	1	731	710	21	1056	1022	34	B6	201	N586JB	JFK	FLL	181	1069	7	10	2013-03-01 07:00:00
2013	3	1	734	735	-1	855	918	-23	EV	3809	N12567	EWR	GSO	67	445	7	35	2013-03-01 07:00:00
2013	3	1	737	736	1	1023	1115	-52	B6	643	N821JB	JFK	SFO	326	2586	7	36	2013-03-01 07:00:00
2013	3	1	739	740	-1	1053	1105	-12	DL	1915	N709TW	JFK	SEA	348	2422	7	40	2013-03-01 07:00:00
2013	3	1	739	730	9	1036	1110	-34	VX	11	N846VA	JFK	SFO	338	2586	7	30	2013-03-01 07:00:00
2013	3	1	742	745	-3	914	930	-16	AA	309	N469AA	LGA	ORD	113	733	7	45	2013-03-01 07:00:00
2013	3	1	742	745	-3	1039	1125	-46	AA	59	N336AA	JFK	SFO	335	2586	7	45	2013-03-01 07:00:00
2013	3	1	743	735	8	932	935	-3	EV	4344	N17984	EWR	DTW	87	488	7	35	2013-03-01 07:00:00
2013	3	1	745	750	-5	915	940	-25	9E	3611	N8611A	JFK	PIT	63	340	7	50	2013-03-01 07:00:00
2013	3	1	745	750	-5	928	1004	-36	DL	2119	N357NW	LGA	MSP	141	1020	7	50	2013-03-01 07:00:00
2013	3	1	745	740	5	1043	1044	-1	B6	341	N552JB	JFK	SRQ	153	1041	7	40	2013-03-01 07:00:00
2013	3	1	746	747	-1	841	857	-16	EV	4575	N12996	EWR	MHT	39	209	7	47	2013-03-01 07:00:00
2013	3	1	750	800	-10	850	908	-18	US	2118	N947UW	LGA	BOS	33	184	8	0	2013-03-01 08:00:00
2013	3	1	751	755	-4	1115	1110	5	AA	2267	N3HJAA	LGA	MIA	181	1096	7	55	2013-03-01 07:00:00
2013	3	1	751	759	-8	1028	1039	-11	DL	2047	N623DL	LGA	ATL	114	762	7	59	2013-03-01 07:00:00
2013	3	1	751	600	111	907	723	104	B6	208	N184JB	JFK	BUF	57	301	6	0	2013-03-01 06:00:00
2013	3	1	751	723	28	1030	1023	7	UA	1184	N81449	EWR	IAH	196	1400	7	23	2013-03-01 07:00:00
2013	3	1	752	752	0	1239	1247	-8	UA	1481	N41135	EWR	SJU	200	1608	7	52	2013-03-01 07:00:00
2013	3	1	753	759	-6	918	936	-18	UA	279	N852UA	EWR	ORD	115	719	7	59	2013-03-01 07:00:00
2013	3	1	754	750	4	1104	1045	19	B6	389	N570JB	LGA	MCO	160	950	7	50	2013-03-01 07:00:00
2013	3	1	754	800	-6	907	917	-10	US	2165	N756US	LGA	DCA	48	214	8	0	2013-03-01 08:00:00
2013	3	1	755	751	4	1009	959	10	EV	4532	N11107	EWR	CHS	109	628	7	51	2013-03-01 07:00:00
2013	3	1	755	800	-5	1118	1127	-9	DL	2245	N971DL	JFK	MIA	177	1089	8	0	2013-03-01 08:00:00
2013	3	1	755	755	0	912	930	-18	WN	111	N909WN	LGA	MDW	105	725	7	55	2013-03-01 07:00:00
2013	3	1	755	755	0	1004	1007	-3	US	1021	N536UW	LGA	CLT	89	544	7	55	2013-03-01 07:00:00
2013	3	1	756	805	-9	943	1029	-46	9E	3538	N921XJ	JFK	MSP	146	1029	8	5	2013-03-01 08:00:00
2013	3	1	758	800	-2	1106	1125	-19	UA	397	N502UA	JFK	SFO	342	2586	8	0	2013-03-01 08:00:00
2013	3	1	759	805	-6	910	918	-8	B6	1172	N265JB	EWR	BOS	37	200	8	5	2013-03-01 08:00:00
2013	3	1	800	800	0	1126	1150	-24	WN	1705	N774SW	EWR	PHX	281	2133	8	0	2013-03-01 08:00:00
2013	3	1	801	808	-7	926	923	3	EV	4233	N19966	EWR	BTV	49	266	8	8	2013-03-01 08:00:00
2013	3	1	803	810	-7	923	955	-32	MQ	4406	N853MQ	JFK	RDU	67	427	8	10	2013-03-01 08:00:00
2013	3	1	806	816	-10	1007	1013	-6	EV	4600	N14904	EWR	MEM	151	946	8	16	2013-03-01 08:00:00
2013	3	1	806	815	-9	928	958	-30	9E	3521	N908XJ	JFK	ORD	120	740	8	15	2013-03-01 08:00:00
2013	3	1	806	810	-4	1023	1042	-19	DL	269	N344NB	JFK	ATL	114	760	8	10	2013-03-01 08:00:00
2013	3	1	806	800	6	1013	1004	9	B6	1273	N279JB	JFK	CHS	108	636	8	0	2013-03-01 08:00:00
2013	3	1	806	815	-9	957	1010	-13	MQ	4490	N734MQ	LGA	CMH	74	479	8	15	2013-03-01 08:00:00
2013	3	1	807	810	-3	908	925	-17	AA	1838	N3ARAA	JFK	BOS	37	187	8	10	2013-03-01 08:00:00
2013	3	1	807	810	-3	1110	1115	-5	DL	1959	N907DE	JFK	MCO	159	944	8	10	2013-03-01 08:00:00
2013	3	1	807	810	-3	1133	1129	4	DL	1271	N310NW	JFK	FLL	180	1069	8	10	2013-03-01 08:00:00
2013	3	1	808	810	-2	1241	1315	-34	AA	655	N5EUAA	JFK	STT	190	1623	8	10	2013-03-01 08:00:00
2013	3	1	808	815	-7	1027	1117	-50	DL	1429	N900PC	JFK	LAS	287	2248	8	15	2013-03-01 08:00:00
2013	3	1	810	820	-10	939	955	-16	MQ	4655	N523MQ	LGA	BNA	112	764	8	20	2013-03-01 08:00:00
2013	3	1	811	815	-4	1130	1127	3	DL	1023	N932DL	LGA	TPA	165	1010	8	15	2013-03-01 08:00:00
2013	3	1	811	815	-4	1121	1207	-46	DL	1079	N375DA	JFK	PHX	285	2153	8	15	2013-03-01 08:00:00
2013	3	1	812	815	-3	1121	1131	-10	DL	1167	N308DE	JFK	TPA	160	1005	8	15	2013-03-01 08:00:00
2013	3	1	813	804	9	1010	1026	-16	EV	4157	N12201	EWR	OMA	154	1134	8	4	2013-03-01 08:00:00
2013	3	1	813	810	3	1031	1043	-12	FL	361	N938AT	LGA	ATL	109	762	8	10	2013-03-01 08:00:00
2013	3	1	813	800	13	1136	1116	20	B6	553	N503JB	EWR	RSW	171	1068	8	0	2013-03-01 08:00:00
2013	3	1	813	815	-2	1009	1015	-6	US	675	N665AW	EWR	CLT	89	529	8	15	2013-03-01 08:00:00
2013	3	1	814	815	-1	1012	1056	-44	DL	914	N351NW	LGA	DEN	206	1620	8	15	2013-03-01 08:00:00
2013	3	1	814	804	10	1010	1004	6	B6	219	N296JB	JFK	CLT	91	541	8	4	2013-03-01 08:00:00
2013	3	1	815	820	-5	925	939	-14	9E	4051	N800AY	JFK	BWI	39	184	8	20	2013-03-01 08:00:00
2013	3	1	817	820	-3	1019	1017	2	EV	4691	N13997	EWR	DAY	85	533	8	20	2013-03-01 08:00:00
2013	3	1	818	822	-4	1027	1045	-18	EV	4140	N12157	EWR	XNA	159	1131	8	22	2013-03-01 08:00:00
2013	3	1	818	820	-2	1207	1133	34	DL	2395	N371NW	LGA	PBI	190	1035	8	20	2013-03-01 08:00:00
2013	3	1	818	825	-7	927	945	-18	MQ	4418	N825MQ	JFK	DCA	53	213	8	25	2013-03-01 08:00:00
2013	3	1	818	816	2	1111	1146	-35	UA	1480	N79279	EWR	SFO	326	2565	8	16	2013-03-01 08:00:00
2013	3	1	820	824	-4	1053	1136	-43	UA	991	N548UA	EWR	SAN	303	2425	8	24	2013-03-01 08:00:00
2013	3	1	822	830	-8	953	1025	-32	AA	1855	N539AA	LGA	STL	123	888	8	30	2013-03-01 08:00:00
2013	3	1	822	825	-3	1045	1133	-48	B6	181	N594JB	JFK	SAN	302	2446	8	25	2013-03-01 08:00:00
2013	3	1	822	825	-3	1034	1026	8	US	487	N658AW	JFK	CLT	101	541	8	25	2013-03-01 08:00:00
2013	3	1	823	824	-1	954	1014	-20	EV	4548	N22909	EWR	RDU	66	416	8	24	2013-03-01 08:00:00
2013	3	1	823	830	-7	1039	1056	-17	9E	3601	N8506C	JFK	CHS	104	636	8	30	2013-03-01 08:00:00
2013	3	1	824	829	-5	1101	1103	-2	B6	611	N351JB	JFK	JAX	135	828	8	29	2013-03-01 08:00:00
2013	3	1	824	827	-3	1303	1316	-13	B6	403	N590JB	JFK	SJU	195	1598	8	27	2013-03-01 08:00:00
2013	3	1	826	830	-4	1003	1015	-12	AA	313	N540AA	LGA	ORD	112	733	8	30	2013-03-01 08:00:00
2013	3	1	826	828	-2	1121	1132	-11	UA	1718	N78448	EWR	MCO	143	937	8	28	2013-03-01 08:00:00
2013	3	1	827	830	-3	1045	1106	-21	F9	835	N209FR	LGA	DEN	217	1620	8	30	2013-03-01 08:00:00
2013	3	1	828	830	-2	944	956	-12	EV	4224	N16976	EWR	PWM	46	284	8	30	2013-03-01 08:00:00
2013	3	1	828	830	-2	1309	1335	-26	DL	301	N3772H	JFK	SJU	189	1598	8	30	2013-03-01 08:00:00
2013	3	1	828	830	-2	949	1005	-16	WN	1171	N913WN	EWR	MDW	108	711	8	30	2013-03-01 08:00:00
2013	3	1	831	835	-4	1100	1105	-5	MQ	4610	N9EAMQ	LGA	ATL	112	762	8	35	2013-03-01 08:00:00
2013	3	1	832	840	-8	955	1003	-8	9E	3422	N605LR	JFK	BOS	42	187	8	40	2013-03-01 08:00:00
2013	3	1	832	820	12	1204	1124	40	B6	901	N508JB	JFK	FLL	181	1069	8	20	2013-03-01 08:00:00
2013	3	1	836	840	-4	1111	1157	-46	UA	1553	N14107	JFK	LAX	301	2475	8	40	2013-03-01 08:00:00
2013	3	1	837	845	-8	938	1015	-37	9E	3405	N937XJ	JFK	DCA	41	213	8	45	2013-03-01 08:00:00
2013	3	1	837	835	2	1138	1150	-12	AA	717	N3DGAA	LGA	DFW	198	1389	8	35	2013-03-01 08:00:00
2013	3	1	838	837	1	1051	1043	8	EV	4297	N12163	EWR	DTW	90	488	8	37	2013-03-01 08:00:00
2013	3	1	839	824	15	949	938	11	EV	4249	N13550	EWR	SYR	42	195	8	24	2013-03-01 08:00:00
2013	3	1	840	840	0	1054	1030	24	MQ	4521	N736MQ	LGA	RDU	81	431	8	40	2013-03-01 08:00:00
2013	3	1	842	850	-8	1048	1035	13	MQ	4558	N711MQ	LGA	CLE	71	419	8	50	2013-03-01 08:00:00
2013	3	1	843	800	43	1042	1031	11	UA	561	N573UA	LGA	DEN	201	1620	8	0	2013-03-01 08:00:00
2013	3	1	843	845	-2	1056	1057	-1	US	1429	N725UW	LGA	CLT	88	544	8	45	2013-03-01 08:00:00
2013	3	1	845	845	0	1330	1350	-20	AA	1357	N5FEAA	JFK	SJU	197	1598	8	45	2013-03-01 08:00:00
2013	3	1	845	835	10	1145	1134	11	B6	517	N633JB	EWR	MCO	153	937	8	35	2013-03-01 08:00:00
2013	3	1	845	845	0	1209	1153	16	UA	1296	N37287	EWR	PBI	175	1023	8	45	2013-03-01 08:00:00
2013	3	1	849	855	-6	1053	1102	-9	9E	3383	N604LR	EWR	DTW	91	488	8	55	2013-03-01 08:00:00
2013	3	1	852	835	17	1027	956	31	EV	4409	N14542	EWR	RIC	65	277	8	35	2013-03-01 08:00:00
2013	3	1	853	900	-7	1016	1020	-4	US	2120	N945UW	LGA	BOS	35	184	9	0	2013-03-01 09:00:00
2013	3	1	853	900	-7	1024	1022	2	US	2167	N751UW	LGA	DCA	45	214	9	0	2013-03-01 09:00:00
2013	3	1	854	855	-1	1143	1214	-31	B6	1061	N324JB	JFK	AUS	207	1521	8	55	2013-03-01 08:00:00
2013	3	1	855	900	-5	1118	1135	-17	DL	485	N301DQ	EWR	ATL	113	746	9	0	2013-03-01 09:00:00
2013	3	1	855	900	-5	1028	1039	-11	UA	393	N806UA	LGA	ORD	105	733	9	0	2013-03-01 09:00:00
2013	3	1	856	859	-3	1206	1219	-13	UA	1581	N12238	EWR	SEA	336	2402	8	59	2013-03-01 08:00:00
2013	3	1	857	900	-3	1202	1221	-19	DL	120	N710TW	JFK	LAX	311	2475	9	0	2013-03-01 09:00:00
2013	3	1	857	900	-3	1057	1135	-38	UA	1643	N19141	EWR	DEN	208	1605	9	0	2013-03-01 09:00:00
2013	3	1	858	859	-1	1156	1145	11	DL	1747	N664DN	LGA	ATL	115	762	8	59	2013-03-01 08:00:00
2013	3	1	859	900	-1	1233	1205	28	DL	1885	N315US	LGA	MCO	158	950	9	0	2013-03-01 09:00:00
2013	3	1	859	900	-1	1225	1208	17	UA	1170	N68453	EWR	FLL	170	1065	9	0	2013-03-01 09:00:00
2013	3	1	900	900	0	1248	1228	20	DL	1659	N322NB	LGA	MIA	171	1096	9	0	2013-03-01 09:00:00
2013	3	1	900	900	0	1245	1214	31	UA	283	N475UA	LGA	IAH	228	1416	9	0	2013-03-01 09:00:00
2013	3	1	901	900	1	1226	1220	6	AA	647	N5EMAA	JFK	MIA	174	1089	9	0	2013-03-01 09:00:00
2013	3	1	901	853	8	1044	1042	2	UA	265	N439UA	EWR	CLE	70	404	8	53	2013-03-01 08:00:00
2013	3	1	902	900	2	1007	1017	-10	B6	56	N267JB	JFK	BTV	48	266	9	0	2013-03-01 09:00:00
2013	3	1	902	910	-8	1022	1032	-10	B6	20	N197JB	JFK	ROC	52	264	9	10	2013-03-01 09:00:00
2013	3	1	903	900	3	1157	1220	-23	AA	1	N320AA	JFK	LAX	318	2475	9	0	2013-03-01 09:00:00
2013	3	1	903	900	3	1120	1116	4	DL	181	N329NW	LGA	DTW	91	502	9	0	2013-03-01 09:00:00
2013	3	1	903	905	-2	1125	1115	10	MQ	4478	N835MQ	LGA	DTW	92	502	9	5	2013-03-01 09:00:00
2013	3	1	903	900	3	1159	1210	-11	UA	1496	N17719	EWR	IAH	202	1400	9	0	2013-03-01 09:00:00
2013	3	1	904	900	4	1438	1540	-62	HA	51	N388HA	JFK	HNL	617	4983	9	0	2013-03-01 09:00:00
2013	3	1	904	831	33	1150	1151	-1	UA	1223	N57852	EWR	LAX	299	2454	8	31	2013-03-01 08:00:00
2013	3	1	907	840	27	1209	1136	33	B6	59	N657JB	JFK	TPA	159	1005	8	40	2013-03-01 08:00:00
2013	3	1	908	910	-2	1050	1053	-3	B6	885	N190JB	JFK	RDU	76	427	9	10	2013-03-01 09:00:00
2013	3	1	909	911	-2	1228	1220	8	UA	377	N558UA	EWR	MIA	168	1085	9	11	2013-03-01 09:00:00
2013	3	1	910	910	0	1419	1411	8	UA	1519	N24706	EWR	STT	202	1634	9	10	2013-03-01 09:00:00
2013	3	1	913	842	31	1109	1054	15	EV	4638	N13970	EWR	CVG	92	569	8	42	2013-03-01 08:00:00
2013	3	1	913	914	-1	1222	1210	12	B6	57	N639JB	JFK	PBI	170	1028	9	14	2013-03-01 09:00:00
2013	3	1	916	920	-4	1017	1027	-10	B6	1004	N504JB	JFK	BOS	37	187	9	20	2013-03-01 09:00:00
2013	3	1	917	920	-3	1211	1245	-34	AA	721	N478AA	LGA	DFW	189	1389	9	20	2013-03-01 09:00:00
2013	3	1	917	910	7	1150	1235	-45	VX	407	N628VA	JFK	LAX	309	2475	9	10	2013-03-01 09:00:00
2013	3	1	917	920	-3	1118	1125	-7	MQ	4582	N527MQ	LGA	CLT	81	544	9	20	2013-03-01 09:00:00
2013	3	1	918	915	3	1248	1237	11	DL	2379	N367NW	LGA	FLL	163	1076	9	15	2013-03-01 09:00:00
2013	3	1	920	925	-5	1224	1216	8	B6	883	N598JB	JFK	MCO	155	944	9	25	2013-03-01 09:00:00
2013	3	1	922	925	-3	1047	1047	0	B6	108	N665JB	JFK	BUF	56	301	9	25	2013-03-01 09:00:00
2013	3	1	922	925	-3	1115	1205	-50	WN	102	N296WN	EWR	DEN	213	1605	9	25	2013-03-01 09:00:00
2013	3	1	925	929	-4	1114	1212	-58	UA	652	N513UA	EWR	LAS	262	2227	9	29	2013-03-01 09:00:00
2013	3	1	926	930	-4	1044	1103	-19	9E	3913	N8891A	JFK	ROC	50	264	9	30	2013-03-01 09:00:00
2013	3	1	926	929	-3	1407	1426	-19	B6	215	N784JB	EWR	SJU	200	1608	9	29	2013-03-01 09:00:00
2013	3	1	928	930	-2	1306	1243	23	B6	1639	N579JB	LGA	RSW	179	1080	9	30	2013-03-01 09:00:00
2013	3	1	928	929	-1	1143	1222	-39	UA	1597	N23707	EWR	EGE	228	1725	9	29	2013-03-01 09:00:00
2013	3	1	937	940	-3	1310	1250	20	AA	1871	N3ATAA	LGA	MIA	178	1096	9	40	2013-03-01 09:00:00
2013	3	1	939	940	-1	1109	1110	-1	WN	376	N203WN	LGA	BNA	117	764	9	40	2013-03-01 09:00:00
2013	3	1	943	945	-2	1107	1130	-23	AA	319	N4XUAA	LGA	ORD	111	733	9	45	2013-03-01 09:00:00
2013	3	1	945	955	-10	1204	1215	-11	9E	3970	N8409N	LGA	GRR	100	618	9	55	2013-03-01 09:00:00
2013	3	1	946	935	11	1158	1230	-32	VX	251	N837VA	JFK	LAS	290	2248	9	35	2013-03-01 09:00:00
2013	3	1	946	945	1	1106	1115	-9	WN	3587	N237WN	LGA	MKE	111	738	9	45	2013-03-01 09:00:00
2013	3	1	947	1005	-18	1057	1120	-23	EV	5711	N826AS	JFK	IAD	47	228	10	5	2013-03-01 10:00:00
2013	3	1	948	1000	-12	1237	1252	-15	UA	1003	N13113	EWR	MCO	146	937	10	0	2013-03-01 10:00:00
2013	3	1	950	959	-9	1120	1124	-4	EV	5736	N827AS	LGA	IAD	47	229	9	59	2013-03-01 09:00:00
2013	3	1	950	955	-5	1254	1257	-3	B6	503	N651JB	EWR	FLL	164	1065	9	55	2013-03-01 09:00:00
2013	3	1	951	1000	-9	1157	1209	-12	US	1277	N747UW	LGA	CLT	90	544	10	0	2013-03-01 10:00:00
2013	3	1	952	1000	-8	1102	1108	-6	US	2122	N957UW	LGA	BOS	36	184	10	0	2013-03-01 10:00:00
2013	3	1	952	954	-2	1256	1304	-8	UA	255	N481UA	EWR	FLL	165	1065	9	54	2013-03-01 09:00:00
2013	3	1	953	930	23	1307	1242	25	B6	375	N658JB	LGA	FLL	166	1076	9	30	2013-03-01 09:00:00
2013	3	1	953	959	-6	1122	1129	-7	MQ	4670	N531MQ	LGA	BNA	117	764	9	59	2013-03-01 09:00:00
2013	3	1	954	958	-4	1136	1151	-15	9E	4220	N8986B	JFK	RDU	74	427	9	58	2013-03-01 09:00:00
2013	3	1	955	955	0	1152	1239	-47	B6	197	N641JB	JFK	LAS	277	2248	9	55	2013-03-01 09:00:00
2013	3	1	955	955	0	1241	1220	21	MQ	4654	N5PBMQ	LGA	ATL	122	762	9	55	2013-03-01 09:00:00
2013	3	1	955	1000	-5	1112	1121	-9	US	2169	N755US	LGA	DCA	43	214	10	0	2013-03-01 10:00:00
2013	3	1	957	1000	-3	1258	1341	-43	DL	1765	N718TW	JFK	SFO	326	2586	10	0	2013-03-01 10:00:00
2013	3	1	957	1000	-3	1229	1239	-10	DL	1847	N692DL	LGA	ATL	115	762	10	0	2013-03-01 10:00:00
2013	3	1	958	1003	-5	1256	1258	-2	UA	685	N580UA	EWR	TPA	155	997	10	3	2013-03-01 10:00:00
2013	3	1	958	959	-1	1254	1333	-39	US	450	N648AW	JFK	PHX	270	2153	9	59	2013-03-01 09:00:00
2013	3	1	1001	1001	0	1221	1222	-1	EV	4405	N14905	EWR	SAV	119	708	10	1	2013-03-01 10:00:00
2013	3	1	1001	1001	0	1108	1115	-7	UA	204	N465UA	EWR	BOS	37	200	10	1	2013-03-01 10:00:00
2013	3	1	1004	944	20	1129	1138	-9	EV	4389	N14923	EWR	STL	124	872	9	44	2013-03-01 09:00:00
2013	3	1	1007	740	147	1204	948	136	EV	4676	N14117	EWR	GRR	99	605	7	40	2013-03-01 07:00:00
2013	3	1	1007	1010	-3	1122	1125	-3	B6	600	N228JB	JFK	PWM	48	273	10	10	2013-03-01 10:00:00
2013	3	1	1009	1001	8	1124	1129	-5	EV	4187	N14573	EWR	BNA	116	748	10	1	2013-03-01 10:00:00
2013	3	1	1009	950	19	1313	1254	19	B6	1101	N595JB	JFK	FLL	159	1069	9	50	2013-03-01 09:00:00
2013	3	1	1009	1015	-6	1206	1208	-2	US	1103	N177US	EWR	CLT	90	529	10	15	2013-03-01 10:00:00
2013	3	1	1010	1016	-6	1208	1227	-19	DL	2319	N347NW	LGA	MSP	137	1020	10	16	2013-03-01 10:00:00
2013	3	1	1010	1000	10	1130	1137	-7	UA	1460	N26210	LGA	ORD	108	733	10	0	2013-03-01 10:00:00
2013	3	1	1013	1015	-2	1227	1216	11	US	1427	N738US	JFK	CLT	96	541	10	15	2013-03-01 10:00:00
2013	3	1	1013	1015	-2	1309	1320	-11	UA	235	N581UA	LGA	IAH	201	1416	10	15	2013-03-01 10:00:00
2013	3	1	1016	1015	1	1256	1340	-44	US	75	N669AW	EWR	PHX	265	2133	10	15	2013-03-01 10:00:00
2013	3	1	1017	1020	-3	1318	1330	-12	AA	731	N3GLAA	LGA	DFW	187	1389	10	20	2013-03-01 10:00:00
2013	3	1	1017	1010	7	1147	1140	7	MQ	3795	N508MQ	EWR	ORD	105	719	10	10	2013-03-01 10:00:00
2013	3	1	1019	929	50	1219	1135	44	EV	4161	N15574	EWR	CLT	94	529	9	29	2013-03-01 09:00:00
2013	3	1	1019	1021	-2	1344	1342	2	DL	1903	N900DE	LGA	SRQ	166	1047	10	21	2013-03-01 10:00:00
2013	3	1	1020	1022	-2	1231	1314	-43	DL	1529	N3750D	JFK	LAS	287	2248	10	22	2013-03-01 10:00:00
2013	3	1	1020	1030	-10	1207	1215	-8	MQ	4471	N722MQ	LGA	RDU	72	431	10	30	2013-03-01 10:00:00
2013	3	1	1020	759	141	1256	1106	110	UA	288	N414UA	EWR	DFW	194	1372	7	59	2013-03-01 07:00:00
2013	3	1	1023	1032	-9	1150	1211	-21	EV	4662	N12195	EWR	RDU	68	416	10	32	2013-03-01 10:00:00
2013	3	1	1024	752	152	1143	943	120	EV	4709	N13913	EWR	STL	124	872	7	52	2013-03-01 07:00:00
2013	3	1	1024	1029	-5	1205	1235	-30	EV	4941	N708EV	EWR	DTW	78	488	10	29	2013-03-01 10:00:00
2013	3	1	1024	1030	-6	1307	1302	5	FL	347	N896AT	LGA	ATL	121	762	10	30	2013-03-01 10:00:00
2013	3	1	1026	1030	-4	1203	1210	-7	AA	321	N511AA	LGA	ORD	110	733	10	30	2013-03-01 10:00:00
2013	3	1	1027	1030	-3	1242	1254	-12	DL	2343	N305DQ	EWR	ATL	112	746	10	30	2013-03-01 10:00:00
2013	3	1	1027	1035	-8	1309	1404	-55	B6	641	N510JB	JFK	SFO	317	2586	10	35	2013-03-01 10:00:00
2013	3	1	1029	1030	-1	1244	1340	-56	AA	19	N335AA	JFK	LAX	299	2475	10	30	2013-03-01 10:00:00
2013	3	1	1034	1034	0	1307	1350	-43	UA	1735	N16234	EWR	LAX	304	2454	10	34	2013-03-01 10:00:00
2013	3	1	1039	1030	9	1342	1410	-28	VX	23	N854VA	JFK	SFO	341	2586	10	30	2013-03-01 10:00:00
2013	3	1	1040	1045	-5	1343	1332	11	B6	1183	N592JB	JFK	MCO	158	944	10	45	2013-03-01 10:00:00
2013	3	1	1044	1045	-1	1344	1331	13	B6	545	N571JB	EWR	PBI	163	1023	10	45	2013-03-01 10:00:00
2013	3	1	1044	1047	-3	1414	1340	34	UA	602	N672UA	EWR	IAH	214	1400	10	47	2013-03-01 10:00:00
2013	3	1	1048	1050	-2	1242	1250	-8	MQ	4589	N542MQ	LGA	DTW	87	502	10	50	2013-03-01 10:00:00
2013	3	1	1049	1049	0	1408	1400	8	B6	373	N523JB	LGA	FLL	169	1076	10	49	2013-03-01 10:00:00
2013	3	1	1050	1100	-10	1156	1214	-18	US	2171	N711UW	LGA	DCA	42	214	11	0	2013-03-01 11:00:00
2013	3	1	1051	1056	-5	1251	1341	-50	UA	1152	N39416	EWR	LAS	283	2227	10	56	2013-03-01 10:00:00
2013	3	1	1053	1030	23	1330	1355	-25	AA	179	N360AA	JFK	SFO	317	2586	10	30	2013-03-01 10:00:00
2013	3	1	1054	1103	-9	1255	1305	-10	DL	1031	N332NB	LGA	DTW	85	502	11	3	2013-03-01 11:00:00
2013	3	1	1054	1100	-6	1331	1420	-49	DL	1275	N3759	JFK	SLC	254	1990	11	0	2013-03-01 11:00:00
2013	3	1	1056	1100	-4	1342	1410	-28	AA	739	N3JGAA	LGA	DFW	189	1389	11	0	2013-03-01 11:00:00
2013	3	1	1056	1059	-3	1325	1337	-12	DL	1647	N616DL	LGA	ATL	117	762	10	59	2013-03-01 10:00:00
2013	3	1	1056	1100	-4	1427	1424	3	DL	2261	N945DL	LGA	MIA	169	1096	11	0	2013-03-01 11:00:00
2013	3	1	1056	1100	-4	1258	1326	-28	UA	1737	N76522	LGA	DEN	210	1620	11	0	2013-03-01 11:00:00
2013	3	1	1057	1100	-3	1233	1300	-27	WN	366	N260WN	LGA	STL	124	888	11	0	2013-03-01 11:00:00
2013	3	1	1058	1100	-2	1211	1209	2	US	2124	N955UW	LGA	BOS	40	184	11	0	2013-03-01 11:00:00
2013	3	1	1101	1110	-9	1221	1220	1	B6	24	N284JB	JFK	BTV	50	266	11	10	2013-03-01 11:00:00
2013	3	1	1103	1106	-3	1400	1431	-31	UA	642	N532UA	JFK	SFO	338	2586	11	6	2013-03-01 11:00:00
2013	3	1	1104	1112	-8	1258	1323	-25	DL	1573	N325NB	LGA	MEM	138	963	11	12	2013-03-01 11:00:00
2013	3	1	1104	1059	5	1353	1357	-4	UA	1143	N17244	EWR	PBI	154	1023	10	59	2013-03-01 10:00:00
2013	3	1	1106	1050	16	1417	1402	15	UA	1183	N73256	EWR	RSW	173	1068	10	50	2013-03-01 10:00:00
2013	3	1	1111	1115	-4	1257	1310	-13	MQ	4485	N713MQ	LGA	CMH	74	479	11	15	2013-03-01 11:00:00
2013	3	1	1118	1120	-2	1402	1452	-50	UA	73	N18220	EWR	SFO	328	2565	11	20	2013-03-01 11:00:00
2013	3	1	1122	1056	26	1226	1215	11	EV	4221	N14116	EWR	BUF	51	282	10	56	2013-03-01 10:00:00
2013	3	1	1123	1130	-7	1430	1430	0	DL	2297	N951DL	JFK	MCO	158	944	11	30	2013-03-01 11:00:00
2013	3	1	1124	1130	-6	1253	1320	-27	WN	3652	N619SW	EWR	STL	125	872	11	30	2013-03-01 11:00:00
2013	3	1	1124	1130	-6	1325	1334	-9	US	1625	N195UW	LGA	CLT	84	544	11	30	2013-03-01 11:00:00
2013	3	1	1125	1130	-5	1350	1437	-47	UA	703	N554UA	JFK	LAX	307	2475	11	30	2013-03-01 11:00:00
2013	3	1	1126	835	171	1244	1012	152	9E	3317	N925XJ	JFK	BUF	56	301	8	35	2013-03-01 08:00:00
2013	3	1	1126	1129	-3	1219	1235	-16	9E	3884	N8797A	JFK	PHL	29	94	11	29	2013-03-01 11:00:00
2013	3	1	1126	1100	26	1232	1215	17	MQ	3792	N504MQ	JFK	DCA	49	213	11	0	2013-03-01 11:00:00
2013	3	1	1127	1124	3	1233	1237	-4	EV	4108	N12552	EWR	PWM	47	284	11	24	2013-03-01 11:00:00
2013	3	1	1127	1130	-3	1320	1346	-26	EV	4235	N21130	EWR	MCI	153	1092	11	30	2013-03-01 11:00:00
2013	3	1	1129	1135	-6	1311	1330	-19	MQ	4553	N730MQ	LGA	CLE	73	419	11	35	2013-03-01 11:00:00
2013	3	1	1130	1134	-4	1315	1345	-30	DL	2219	N348NB	LGA	MSP	140	1020	11	34	2013-03-01 11:00:00
2013	3	1	1131	1137	-6	1307	1313	-6	EV	4149	N13123	EWR	RDU	71	416	11	37	2013-03-01 11:00:00
2013	3	1	1133	1140	-7	1437	1445	-8	AA	1623	N3GAAA	EWR	MIA	164	1085	11	40	2013-03-01 11:00:00
2013	3	1	1133	1135	-2	1450	1446	4	DL	950	N338NW	LGA	FLL	164	1076	11	35	2013-03-01 11:00:00
2013	3	1	1134	1048	46	1338	1301	37	EV	4188	N16951	EWR	IND	101	645	10	48	2013-03-01 10:00:00
2013	3	1	1134	1125	9	1311	1305	6	AA	327	N3DJAA	LGA	ORD	111	733	11	25	2013-03-01 11:00:00
2013	3	1	1137	1140	-3	1504	1459	5	DL	1421	N319NB	LGA	RSW	177	1080	11	40	2013-03-01 11:00:00
2013	3	1	1139	1120	19	1445	1422	23	B6	1	N607JB	JFK	FLL	167	1069	11	20	2013-03-01 11:00:00
2013	3	1	1140	1115	25	1306	1255	11	WN	1468	N746SW	LGA	MDW	122	725	11	15	2013-03-01 11:00:00
2013	3	1	1143	1145	-2	1403	1410	-7	DL	401	N306DQ	EWR	ATL	114	746	11	45	2013-03-01 11:00:00
2013	3	1	1144	1145	-1	1455	1453	2	DL	1689	N363NW	LGA	PBI	166	1035	11	45	2013-03-01 11:00:00
2013	3	1	1144	1137	7	1327	1403	-36	UA	580	N453UA	EWR	DEN	205	1605	11	37	2013-03-01 11:00:00
2013	3	1	1145	1035	70	1349	1243	66	EV	4269	N17115	EWR	CHS	105	628	10	35	2013-03-01 10:00:00
2013	3	1	1145	1154	-9	1500	1447	13	B6	27	N292JB	JFK	TPA	167	1005	11	54	2013-03-01 11:00:00
2013	3	1	1146	1150	-4	1311	1325	-14	FL	353	N608AT	LGA	CAK	65	397	11	50	2013-03-01 11:00:00
2013	3	1	1146	1144	2	1438	1434	4	UA	1690	N17122	EWR	MCO	154	937	11	44	2013-03-01 11:00:00
2013	3	1	1148	1115	33	1514	1425	49	AA	2099	N3AUAA	LGA	MIA	170	1096	11	15	2013-03-01 11:00:00
2013	3	1	1148	1115	33	1411	1424	-13	B6	673	N794JB	JFK	LAX	301	2475	11	15	2013-03-01 11:00:00
2013	3	1	1148	1150	-2	1327	1345	-18	MQ	4646	N525MQ	LGA	MSP	139	1020	11	50	2013-03-01 11:00:00
2013	3	1	1149	1200	-11	1245	1303	-18	B6	1174	N265JB	EWR	BOS	42	200	12	0	2013-03-01 12:00:00
2013	3	1	1150	1200	-10	1501	1448	13	B6	523	N536JB	EWR	MCO	159	937	12	0	2013-03-01 12:00:00
2013	3	1	1150	1144	6	1442	1444	-2	UA	832	N492UA	EWR	TPA	154	997	11	44	2013-03-01 11:00:00
2013	3	1	1151	1145	6	1515	1454	21	DL	2126	N917DL	LGA	TPA	164	1010	11	45	2013-03-01 11:00:00
2013	3	1	1151	1200	-9	1302	1305	-3	US	2126	N947UW	LGA	BOS	37	184	12	0	2013-03-01 12:00:00
2013	3	1	1152	1155	-3	1256	1304	-8	9E	3289	N931XJ	JFK	BOS	38	187	11	55	2013-03-01 11:00:00
2013	3	1	1152	1200	-8	1254	1309	-15	US	2173	N756US	LGA	DCA	41	214	12	0	2013-03-01 12:00:00
2013	3	1	1153	1200	-7	1314	1330	-16	MQ	4601	N512MQ	LGA	BNA	116	764	12	0	2013-03-01 12:00:00
2013	3	1	1154	1200	-6	1304	1315	-11	MQ	4425	N825MQ	JFK	DCA	55	213	12	0	2013-03-01 12:00:00
2013	3	1	1155	1200	-5	1311	1339	-28	UA	394	N441UA	LGA	ORD	107	733	12	0	2013-03-01 12:00:00
2013	3	1	1156	1200	-4	1301	1331	-30	UA	699	N836UA	EWR	ORD	106	719	12	0	2013-03-01 12:00:00
2013	3	1	1157	1200	-3	1425	1510	-45	AA	3	N332AA	JFK	LAX	309	2475	12	0	2013-03-01 12:00:00
2013	3	1	1157	1200	-3	1424	1529	-65	DL	863	N717TW	JFK	LAX	303	2475	12	0	2013-03-01 12:00:00
2013	3	1	1200	1205	-5	1438	1520	-42	AA	743	N493AA	LGA	DFW	192	1389	12	5	2013-03-01 12:00:00
2013	3	1	1200	1200	0	1443	1438	5	DL	1947	N645DL	LGA	ATL	113	762	12	0	2013-03-01 12:00:00
2013	3	1	1200	1200	0	1447	1430	17	MQ	4658	N513MQ	LGA	ATL	113	762	12	0	2013-03-01 12:00:00
2013	3	1	1201	1209	-8	1303	1318	-15	EV	3267	N16170	EWR	BTV	46	266	12	9	2013-03-01 12:00:00
2013	3	1	1201	1200	1	1349	1400	-11	US	1443	N766US	JFK	CLT	78	541	12	0	2013-03-01 12:00:00
2013	3	1	1203	1205	-2	1340	1345	-5	MQ	4431	N719MQ	LGA	RDU	74	431	12	5	2013-03-01 12:00:00
2013	3	1	1206	1205	1	1519	1511	8	B6	133	N746JB	JFK	RSW	175	1074	12	5	2013-03-01 12:00:00
2013	3	1	1212	1215	-3	1500	1516	-16	B6	625	N353JB	JFK	HOU	212	1428	12	15	2013-03-01 12:00:00
2013	3	1	1215	1041	94	1326	1205	81	EV	4322	N13161	EWR	MKE	111	725	10	41	2013-03-01 10:00:00
2013	3	1	1218	1210	8	1307	1315	-8	WN	2236	N906WN	EWR	BWI	37	169	12	10	2013-03-01 12:00:00
2013	3	1	1219	1220	-1	1338	1350	-12	MQ	3697	N524MQ	EWR	ORD	106	719	12	20	2013-03-01 12:00:00
2013	3	1	1221	1137	44	1530	1445	45	UA	1601	N36272	EWR	FLL	172	1065	11	37	2013-03-01 11:00:00
2013	3	1	1224	1144	40	1457	1416	41	EV	3257	N19966	EWR	JAX	139	820	11	44	2013-03-01 11:00:00
2013	3	1	1229	1235	-6	1404	1415	-11	MQ	4404	N853MQ	JFK	RDU	77	427	12	35	2013-03-01 12:00:00
2013	3	1	1232	1235	-3	1521	1606	-45	DL	2174	N3749D	JFK	SLC	259	1990	12	35	2013-03-01 12:00:00
2013	3	1	1233	1229	4	1347	1353	-6	EV	4388	N21537	EWR	PIT	55	319	12	29	2013-03-01 12:00:00
2013	3	1	1237	1240	-3	1429	1446	-17	DL	1131	N370NB	LGA	DTW	88	502	12	40	2013-03-01 12:00:00
2013	3	1	1237	1241	-4	1535	1550	-15	UA	384	N488UA	LGA	IAH	219	1416	12	41	2013-03-01 12:00:00
2013	3	1	1239	1203	36	1525	1459	26	UA	292	N855UA	EWR	IAH	210	1400	12	3	2013-03-01 12:00:00
2013	3	1	1240	1200	40	1348	1320	28	WN	735	N422WN	EWR	MDW	111	711	12	0	2013-03-01 12:00:00
2013	3	1	1240	1221	19	1331	1335	-4	UA	1121	N26208	EWR	BOS	37	200	12	21	2013-03-01 12:00:00
2013	3	1	1242	1245	-3	1517	1550	-33	AA	745	N3JKAA	LGA	DFW	192	1389	12	45	2013-03-01 12:00:00
2013	3	1	1242	1245	-3	1340	1350	-10	AA	1850	N3ARAA	JFK	BOS	40	187	12	45	2013-03-01 12:00:00
2013	3	1	1243	1247	-4	1507	1516	-9	EV	3826	N16976	EWR	ATL	120	746	12	47	2013-03-01 12:00:00
2013	3	1	1244	1245	-1	1442	1444	-2	EV	5054	N755EV	EWR	DTW	93	488	12	45	2013-03-01 12:00:00
2013	3	1	1244	1240	4	1556	1555	1	AA	2041	N621AA	JFK	MIA	166	1089	12	40	2013-03-01 12:00:00
2013	3	1	1245	1217	28	1350	1334	16	EV	4121	N14542	EWR	ROC	51	246	12	17	2013-03-01 12:00:00
2013	3	1	1248	1300	-12	1420	1450	-30	MQ	4426	N734MQ	LGA	CMH	73	479	13	0	2013-03-01 13:00:00
2013	3	1	1250	1150	60	1528	1437	51	EV	5060	N740EV	LGA	JAX	133	833	11	50	2013-03-01 11:00:00
2013	3	1	1250	1252	-2	1402	1420	-18	EV	4106	N22909	EWR	BNA	116	748	12	52	2013-03-01 12:00:00
2013	3	1	1251	1252	-1	1347	1356	-9	B6	1006	N267JB	JFK	BOS	41	187	12	52	2013-03-01 12:00:00
2013	3	1	1251	1250	1	1439	1535	-56	WN	564	N786SW	LGA	DEN	212	1620	12	50	2013-03-01 12:00:00
2013	3	1	1251	1300	-9	1346	1406	-20	US	2128	N945UW	LGA	BOS	37	184	13	0	2013-03-01 13:00:00
2013	3	1	1251	1300	-9	1357	1407	-10	US	2175	N751UW	LGA	DCA	44	214	13	0	2013-03-01 13:00:00
2013	3	1	1252	1259	-7	1416	1436	-20	UA	1705	N14102	EWR	ORD	120	719	12	59	2013-03-01 12:00:00
2013	3	1	1254	1300	-6	1528	1530	-2	EV	4950	N741EV	EWR	ATL	116	746	13	0	2013-03-01 13:00:00
2013	3	1	1254	1300	-6	1438	1506	-28	9E	4270	N8938A	EWR	CVG	85	569	13	0	2013-03-01 13:00:00
2013	3	1	1254	1240	14	1532	1540	-8	AA	1853	N4XYAA	EWR	DFW	196	1372	12	40	2013-03-01 12:00:00
2013	3	1	1254	1245	9	1558	1545	13	B6	85	N715JB	JFK	FLL	166	1069	12	45	2013-03-01 12:00:00
2013	3	1	1255	1300	-5	1417	1404	13	EV	4129	N11107	EWR	DCA	52	199	13	0	2013-03-01 13:00:00
2013	3	1	1255	1245	10	1609	1600	9	AA	2253	N3FRAA	LGA	MIA	163	1096	12	45	2013-03-01 12:00:00
2013	3	1	1256	1245	11	1609	1547	22	DL	1685	N914DE	LGA	MCO	158	950	12	45	2013-03-01 12:00:00
2013	3	1	1256	1300	-4	1410	1423	-13	B6	66	N296JB	JFK	BUF	60	301	13	0	2013-03-01 13:00:00
2013	3	1	1256	1300	-4	1541	1615	-34	WN	298	N920WN	EWR	HOU	210	1411	13	0	2013-03-01 13:00:00
2013	3	1	1257	1110	107	1424	1252	92	EV	5273	N709EV	LGA	PIT	53	335	11	10	2013-03-01 11:00:00
2013	3	1	1257	1300	-3	1529	1537	-8	DL	781	N675DL	LGA	ATL	116	762	13	0	2013-03-01 13:00:00
2013	3	1	1257	1259	-2	1502	1456	6	US	1459	N174US	LGA	CLT	91	544	12	59	2013-03-01 12:00:00
2013	3	1	1259	1238	21	1445	1435	10	EV	4640	N14953	EWR	DAY	84	533	12	38	2013-03-01 12:00:00
2013	3	1	1259	1303	-4	1536	1610	-34	UA	815	N482UA	EWR	DFW	196	1372	13	3	2013-03-01 13:00:00
2013	3	1	1303	1305	-2	1417	1424	-7	B6	32	N279JB	JFK	ROC	54	264	13	5	2013-03-01 13:00:00
2013	3	1	1305	1308	-3	1538	1541	-3	FL	348	N953AT	LGA	ATL	117	762	13	8	2013-03-01 13:00:00
2013	3	1	1310	1315	-5	1523	1520	3	MQ	4564	N736MQ	LGA	DTW	90	502	13	15	2013-03-01 13:00:00
2013	3	1	1312	1315	-3	1503	1504	-1	US	1895	N557UW	EWR	CLT	84	529	13	15	2013-03-01 13:00:00
2013	3	1	1318	1320	-2	1651	1625	26	B6	377	N566JB	LGA	FLL	186	1076	13	20	2013-03-01 13:00:00
2013	3	1	1320	1320	0	1645	1617	28	B6	505	N589JB	EWR	FLL	182	1065	13	20	2013-03-01 13:00:00
2013	3	1	1321	1310	11	1803	1806	-3	UA	1708	N75426	EWR	SJU	201	1608	13	10	2013-03-01 13:00:00
2013	3	1	1323	1329	-6	1507	1533	-26	EV	4612	N12167	EWR	MSP	143	1008	13	29	2013-03-01 13:00:00
2013	3	1	1323	1328	-5	1555	1636	-41	UA	1054	N19130	EWR	LAX	298	2454	13	28	2013-03-01 13:00:00
2013	3	1	1325	1330	-5	1752	1825	-33	DL	315	N3763D	JFK	SJU	188	1598	13	30	2013-03-01 13:00:00
2013	3	1	1325	1325	0	1510	1505	5	MQ	4475	N739MQ	LGA	RDU	78	431	13	25	2013-03-01 13:00:00
2013	3	1	1326	1330	-4	1556	1640	-44	AA	753	N3CGAA	LGA	DFW	189	1389	13	30	2013-03-01 13:00:00
2013	3	1	1327	1340	-13	1625	1625	0	B6	127	N229JB	EWR	MCO	158	937	13	40	2013-03-01 13:00:00
2013	3	1	1330	1248	42	1633	1538	55	B6	991	N659JB	JFK	PBI	163	1028	12	48	2013-03-01 12:00:00
2013	3	1	1330	1335	-5	1902	1936	-34	UA	15	N76065	EWR	HNL	610	4963	13	35	2013-03-01 13:00:00
2013	3	1	1336	1310	26	1500	1447	13	EV	4681	N13978	EWR	GSO	66	445	13	10	2013-03-01 13:00:00
2013	3	1	1338	1329	9	1520	1526	-6	EV	4100	N12163	EWR	MEM	140	946	13	29	2013-03-01 13:00:00
2013	3	1	1339	1345	-6	1645	1705	-20	AA	1073	N3HTAA	LGA	MIA	164	1096	13	45	2013-03-01 13:00:00
2013	3	1	1340	1340	0	1634	1648	-14	B6	83	N665JB	JFK	SEA	338	2422	13	40	2013-03-01 13:00:00
2013	3	1	1342	1345	-3	1607	1655	-48	B6	209	N606JB	JFK	LGB	298	2465	13	45	2013-03-01 13:00:00
2013	3	1	1342	1325	17	1609	1650	-41	VX	411	N641VA	JFK	LAX	314	2475	13	25	2013-03-01 13:00:00
2013	3	1	1343	1345	-2	1606	1705	-59	AA	117	N323AA	JFK	LAX	301	2475	13	45	2013-03-01 13:00:00
2013	3	1	1343	1330	13	1632	1710	-38	WN	2058	N268WN	EWR	PHX	274	2133	13	30	2013-03-01 13:00:00
2013	3	1	1346	1325	21	1836	1809	27	B6	705	N729JB	JFK	SJU	196	1598	13	25	2013-03-01 13:00:00
2013	3	1	1348	1300	48	1514	1440	34	AA	329	N578AA	LGA	ORD	120	733	13	0	2013-03-01 13:00:00
2013	3	1	1349	1350	-1	1624	1715	-51	US	186	N665AW	EWR	PHX	259	2133	13	50	2013-03-01 13:00:00
2013	3	1	1349	1350	-1	1706	1658	8	UA	1164	N14214	EWR	FLL	179	1065	13	50	2013-03-01 13:00:00
2013	3	1	1350	1359	-9	1444	1505	-21	9E	3638	N8506C	JFK	PHL	29	94	13	59	2013-03-01 13:00:00
2013	3	1	1350	1400	-10	1506	1513	-7	B6	602	N228JB	JFK	PWM	49	273	14	0	2013-03-01 14:00:00
2013	3	1	1351	1355	-4	1507	1513	-6	EV	5712	N834AS	JFK	IAD	48	228	13	55	2013-03-01 13:00:00
2013	3	1	1351	1350	1	1547	1545	2	MQ	4577	N537MQ	LGA	CLT	89	544	13	50	2013-03-01 13:00:00
2013	3	1	1351	1400	-9	1501	1503	-2	US	2130	N957UW	LGA	BOS	47	184	14	0	2013-03-01 14:00:00
2013	3	1	1352	1359	-7	1554	1600	-6	EV	4370	N17159	EWR	CHS	104	628	13	59	2013-03-01 13:00:00
2013	3	1	1352	1343	9	1637	1715	-38	UA	1277	N37293	EWR	SFO	326	2565	13	43	2013-03-01 13:00:00
2013	3	1	1353	1400	-7	1453	1509	-16	US	2177	N755US	LGA	DCA	39	214	14	0	2013-03-01 14:00:00
2013	3	1	1353	1355	-2	1651	1649	2	UA	1044	N27724	EWR	MCO	157	937	13	55	2013-03-01 13:00:00
2013	3	1	1356	1355	1	1703	1647	16	B6	1783	N709JB	JFK	MCO	145	944	13	55	2013-03-01 13:00:00
2013	3	1	1357	1359	-2	1612	1635	-23	DL	2247	N673DL	LGA	ATL	111	762	13	59	2013-03-01 13:00:00
2013	3	1	1357	1400	-3	1640	1631	9	B6	615	N547JB	JFK	JAX	139	828	14	0	2013-03-01 14:00:00
2013	3	1	1357	1330	27	1717	1629	48	B6	431	N637JB	LGA	SRQ	167	1047	13	30	2013-03-01 13:00:00
2013	3	1	1359	1350	9	1552	1557	-5	EV	4687	N14174	EWR	CVG	93	569	13	50	2013-03-01 13:00:00
2013	3	1	1359	1359	0	1634	1655	-21	UA	1271	N73291	EWR	IAH	199	1400	13	59	2013-03-01 13:00:00
2013	3	1	1400	1359	1	1645	1638	7	DL	2043	N154DL	JFK	ATL	116	760	13	59	2013-03-01 13:00:00
2013	3	1	1404	1345	19	1512	1520	-8	WN	2963	N954WN	LGA	MDW	110	725	13	45	2013-03-01 13:00:00
2013	3	1	1409	1355	14	1644	1634	10	DL	1705	N336NW	LGA	MSY	183	1183	13	55	2013-03-01 13:00:00
2013	3	1	1409	1410	-1	1553	1555	-2	MQ	4491	N835MQ	LGA	CLE	72	419	14	10	2013-03-01 14:00:00
2013	3	1	1410	1411	-1	1644	1644	0	FL	349	N966AT	LGA	ATL	115	762	14	11	2013-03-01 14:00:00
2013	3	1	1412	1415	-3	1632	1638	-6	DL	935	N344NB	EWR	ATL	118	746	14	15	2013-03-01 14:00:00
2013	3	1	1416	1404	12	1525	1540	-15	UA	799	N849UA	EWR	ORD	114	719	14	4	2013-03-01 14:00:00
2013	3	1	1418	1420	-2	1559	1620	-21	MQ	4588	N523MQ	LGA	MSP	135	1020	14	20	2013-03-01 14:00:00
2013	3	1	1423	1415	8	1723	1708	15	UA	1293	N34131	EWR	TPA	159	997	14	15	2013-03-01 14:00:00
2013	3	1	1423	1425	-2	1728	1750	-22	UA	257	N525UA	JFK	SFO	337	2586	14	25	2013-03-01 14:00:00
2013	3	1	1424	1430	-6	1531	1554	-23	EV	5766	N877AS	LGA	IAD	47	229	14	30	2013-03-01 14:00:00
2013	3	1	1425	1427	-2	1602	1632	-30	EV	4981	N614QX	EWR	MSP	138	1008	14	27	2013-03-01 14:00:00
2013	3	1	1426	1329	57	1526	1432	54	EV	4088	N16546	EWR	ALB	32	143	13	29	2013-03-01 13:00:00
2013	3	1	1427	1430	-3	1658	1735	-37	AA	883	N4XTAA	EWR	DFW	184	1372	14	30	2013-03-01 14:00:00
2013	3	1	1427	1430	-3	1731	1815	-44	DL	1322	N710TW	JFK	SFO	325	2586	14	30	2013-03-01 14:00:00
2013	3	1	1429	1349	40	1523	1457	26	EV	4434	N13970	EWR	MHT	39	209	13	49	2013-03-01 13:00:00
2013	3	1	1430	1435	-5	1627	1701	-34	DL	1545	N302NB	LGA	MCI	153	1107	14	35	2013-03-01 14:00:00
2013	3	1	1431	1410	21	1737	1703	34	B6	1161	N603JB	LGA	PBI	165	1035	14	10	2013-03-01 14:00:00
2013	3	1	1431	1430	1	1710	1732	-22	UA	1744	N18223	LGA	IAH	197	1416	14	30	2013-03-01 14:00:00
2013	3	1	1432	1432	0	1616	1608	8	UA	206	N465UA	EWR	CLE	64	404	14	32	2013-03-01 14:00:00
2013	3	1	1433	1435	-2	1724	1728	-4	UA	355	N454UA	EWR	MCO	151	937	14	35	2013-03-01 14:00:00
2013	3	1	1434	1425	9	1535	1535	0	B6	1010	N351JB	JFK	BOS	41	187	14	25	2013-03-01 14:00:00
2013	3	1	1434	1435	-1	1746	1744	2	B6	347	N190JB	JFK	SRQ	171	1041	14	35	2013-03-01 14:00:00
2013	3	1	1439	1445	-6	1659	1710	-11	MQ	4669	N527MQ	LGA	ATL	113	762	14	45	2013-03-01 14:00:00
2013	3	1	1440	1445	-5	1838	1805	33	DL	2079	N330NW	LGA	FLL	169	1076	14	45	2013-03-01 14:00:00
2013	3	1	1441	1445	-4	1642	1647	-5	US	1445	N564UW	LGA	CLT	90	544	14	45	2013-03-01 14:00:00
2013	3	1	1443	1450	-7	1641	1645	-4	MQ	4172	N918MQ	JFK	CLE	86	425	14	50	2013-03-01 14:00:00
2013	3	1	1444	1450	-6	1622	1640	-18	MQ	4403	N817MQ	JFK	RDU	72	427	14	50	2013-03-01 14:00:00
2013	3	1	1449	1456	-7	1644	1712	-28	EV	4181	N17146	EWR	MCI	154	1092	14	56	2013-03-01 14:00:00
2013	3	1	1449	855	354	1701	1104	357	9E	3552	N937XJ	JFK	DTW	90	509	8	55	2013-03-01 08:00:00
2013	3	1	1449	1455	-6	1807	1825	-18	AA	1769	N5FSAA	JFK	MIA	167	1089	14	55	2013-03-01 14:00:00
2013	3	1	1449	1438	11	1816	1748	28	DL	1902	N341NW	LGA	PBI	172	1035	14	38	2013-03-01 14:00:00
2013	3	1	1449	1452	-3	1704	1655	9	DL	1231	N999DN	LGA	DTW	87	502	14	52	2013-03-01 14:00:00
2013	3	1	1449	1445	4	1803	1744	19	B6	63	N653JB	JFK	TPA	165	1005	14	45	2013-03-01 14:00:00
2013	3	1	1450	1455	-5	1622	1637	-15	9E	3318	N914XJ	JFK	BUF	56	301	14	55	2013-03-01 14:00:00
2013	3	1	1450	1455	-5	1718	1729	-11	B6	119	N187JB	JFK	MSY	186	1182	14	55	2013-03-01 14:00:00
2013	3	1	1452	1455	-3	1818	1757	21	B6	141	N552JB	JFK	PBI	173	1028	14	55	2013-03-01 14:00:00
2013	3	1	1453	1456	-3	1805	1759	6	UA	1186	N24715	EWR	MIA	167	1085	14	56	2013-03-01 14:00:00
2013	3	1	1454	1456	-2	1556	1603	-7	EV	4372	N14993	EWR	DCA	39	199	14	56	2013-03-01 14:00:00
2013	3	1	1454	1329	85	1536	1426	70	EV	4118	N14168	EWR	BDL	24	116	13	29	2013-03-01 13:00:00
2013	3	1	1454	1500	-6	1559	1619	-20	US	2179	N711UW	LGA	DCA	42	214	15	0	2013-03-01 15:00:00
2013	3	1	1454	1455	-1	1600	1605	-5	UA	1146	N76504	EWR	BOS	42	200	14	55	2013-03-01 14:00:00
2013	3	1	1455	1456	-1	1634	1624	10	9E	4357	N8745B	JFK	ORF	51	290	14	56	2013-03-01 14:00:00
2013	3	1	1455	1500	-5	1759	1837	-38	DL	2344	N727TW	JFK	LAX	316	2475	15	0	2013-03-01 15:00:00
2013	3	1	1455	1500	-5	1600	1608	-8	US	2132	N956UW	LGA	BOS	41	184	15	0	2013-03-01 15:00:00
2013	3	1	1456	1458	-2	1612	1629	-17	B6	8	N627JB	JFK	BUF	54	301	14	58	2013-03-01 14:00:00
2013	3	1	1456	1459	-3	1715	1711	4	B6	1275	N284JB	JFK	CHS	106	636	14	59	2013-03-01 14:00:00
2013	3	1	1457	1437	20	1650	1632	18	EV	4104	N15574	EWR	DTW	88	488	14	37	2013-03-01 14:00:00
2013	3	1	1457	1500	-3	1744	1742	2	DL	2347	N663DN	LGA	ATL	112	762	15	0	2013-03-01 15:00:00
2013	3	1	1458	1420	38	1647	1550	57	MQ	3728	N505MQ	EWR	ORD	111	719	14	20	2013-03-01 14:00:00
2013	3	1	1458	1459	-1	1746	1825	-39	UA	1699	N33292	EWR	SFO	325	2565	14	59	2013-03-01 14:00:00
2013	3	1	1500	1500	0	1829	1825	4	AA	1925	N3HMAA	LGA	MIA	173	1096	15	0	2013-03-01 15:00:00
2013	3	1	1500	1500	0	1653	1726	-33	UA	704	N556UA	LGA	DEN	207	1620	15	0	2013-03-01 15:00:00
2013	3	1	1502	1505	-3	1754	1820	-26	AA	759	N3AMAA	LGA	DFW	194	1389	15	5	2013-03-01 15:00:00
2013	3	1	1506	1510	-4	1651	1655	-4	MQ	4447	N723MQ	LGA	RDU	69	431	15	10	2013-03-01 15:00:00
2013	3	1	1507	1512	-5	1817	1825	-8	UA	606	N478UA	EWR	RSW	171	1068	15	12	2013-03-01 15:00:00
2013	3	1	1507	1508	-1	1744	1758	-14	UA	1233	N67058	EWR	IAH	192	1400	15	8	2013-03-01 15:00:00
2013	3	1	1508	1516	-8	1823	1812	11	B6	537	N521JB	EWR	TPA	164	997	15	16	2013-03-01 15:00:00
2013	3	1	1508	1510	-2	1746	1818	-32	UA	1600	N17105	EWR	LAX	308	2454	15	10	2013-03-01 15:00:00
2013	3	1	1509	1500	9	1653	1653	0	US	1203	N178US	EWR	CLT	82	529	15	0	2013-03-01 15:00:00
2013	3	1	1510	1513	-3	1709	1725	-16	UA	434	N585UA	EWR	DEN	205	1605	15	13	2013-03-01 15:00:00
2013	3	1	1511	1449	22	1830	1744	46	B6	393	N570JB	LGA	MCO	158	950	14	49	2013-03-01 14:00:00
2013	3	1	1512	1455	17	1649	1645	4	AA	337	N474AA	LGA	ORD	112	733	14	55	2013-03-01 14:00:00
2013	3	1	1512	1459	13	1805	1816	-11	UA	1134	N24211	EWR	AUS	209	1504	14	59	2013-03-01 14:00:00
2013	3	1	1513	1505	8	1629	1637	-8	9E	3393	N920XJ	JFK	DCA	49	213	15	5	2013-03-01 15:00:00
2013	3	1	1515	1505	10	1645	1654	-9	EV	3821	N14558	EWR	STL	128	872	15	5	2013-03-01 15:00:00
2013	3	1	1517	1505	12	2005	2000	5	B6	703	N516JB	JFK	SJU	196	1598	15	5	2013-03-01 15:00:00
2013	3	1	1518	1525	-7	1701	1706	-5	9E	3904	N8409N	LGA	RIC	57	292	15	25	2013-03-01 15:00:00
2013	3	1	1519	1520	-1	1854	1842	12	DL	1097	N324US	LGA	MIA	171	1096	15	20	2013-03-01 15:00:00
2013	3	1	1519	1530	-11	1738	1805	-27	MQ	4525	N711MQ	LGA	XNA	159	1147	15	30	2013-03-01 15:00:00
2013	3	1	1520	1512	8	1711	1709	2	EV	4326	N12552	EWR	CLT	88	529	15	12	2013-03-01 15:00:00
2013	3	1	1520	1505	15	1710	1704	6	EV	4572	N15555	EWR	GSP	94	594	15	5	2013-03-01 15:00:00
2013	3	1	1522	1259	143	1640	1420	140	EV	4158	N14974	EWR	RIC	56	277	12	59	2013-03-01 12:00:00
2013	3	1	1522	1525	-3	1656	1700	-4	WN	3765	N765SW	LGA	MKE	110	738	15	25	2013-03-01 15:00:00
2013	3	1	1524	1535	-11	1816	1850	-34	AA	763	N3FDAA	LGA	DFW	190	1389	15	35	2013-03-01 15:00:00
2013	3	1	1524	1530	-6	1710	1725	-15	AA	2223	N539AA	LGA	STL	122	888	15	30	2013-03-01 15:00:00
2013	3	1	1525	1530	-5	1847	1855	-8	AA	1039	N3HEAA	JFK	FLL	177	1069	15	30	2013-03-01 15:00:00
2013	3	1	1526	1525	1	1654	1655	-1	MQ	3823	N528MQ	JFK	DCA	48	213	15	25	2013-03-01 15:00:00
2013	3	1	1528	920	368	1738	1240	298	AA	1589	N437AA	EWR	DFW	174	1372	9	20	2013-03-01 09:00:00
2013	3	1	1529	1530	-1	1742	1734	8	US	1665	N738US	LGA	CLT	87	544	15	30	2013-03-01 15:00:00
2013	3	1	1530	1529	1	1711	1733	-22	EV	4667	N17169	EWR	MSP	138	1008	15	29	2013-03-01 15:00:00
2013	3	1	1531	1455	36	1857	1753	64	UA	1122	N73251	EWR	PBI	179	1023	14	55	2013-03-01 14:00:00
2013	3	1	1532	1510	22	1746	1710	36	MQ	4579	N542MQ	LGA	CLT	84	544	15	10	2013-03-01 15:00:00
2013	3	1	1534	1523	11	1646	1636	10	EV	4583	N16919	EWR	PWM	50	284	15	23	2013-03-01 15:00:00
2013	3	1	1534	1540	-6	1656	1714	-18	9E	4178	N833AY	JFK	ROC	50	264	15	40	2013-03-01 15:00:00
2013	3	1	1534	1539	-5	1734	1735	-1	UA	404	N848UA	LGA	CLE	73	419	15	39	2013-03-01 15:00:00
2013	3	1	1535	1529	6	1803	1841	-38	UA	1200	N17245	EWR	SAN	307	2425	15	29	2013-03-01 15:00:00
2013	3	1	1536	1530	6	1828	1910	-42	AA	85	N367AA	JFK	SFO	325	2586	15	30	2013-03-01 15:00:00
2013	3	1	1539	1540	-1	1816	1917	-61	DL	1773	N398DA	JFK	SLC	258	1990	15	40	2013-03-01 15:00:00
2013	3	1	1540	1540	0	1908	1909	-1	DL	1411	N339NW	JFK	FLL	179	1069	15	40	2013-03-01 15:00:00
2013	3	1	1540	1545	-5	1805	1815	-10	DL	1942	N364NB	EWR	ATL	117	746	15	45	2013-03-01 15:00:00
2013	3	1	1541	1530	11	1833	1835	-2	B6	153	N625JB	JFK	MCO	149	944	15	30	2013-03-01 15:00:00
2013	3	1	1542	1547	-5	1900	1859	1	DL	1935	N360NW	LGA	TPA	163	1010	15	47	2013-03-01 15:00:00
2013	3	1	1543	1538	5	1856	1857	-1	B6	137	N796JB	JFK	RSW	166	1074	15	38	2013-03-01 15:00:00
2013	3	1	1543	1500	43	1739	1655	44	MQ	4429	N722MQ	LGA	CMH	74	479	15	0	2013-03-01 15:00:00
2013	3	1	1544	1550	-6	1751	1826	-35	9E	3427	N925XJ	JFK	IND	99	665	15	50	2013-03-01 15:00:00
2013	3	1	1545	1426	79	1735	1636	59	DL	1819	N326US	LGA	MSP	136	1020	14	26	2013-03-01 14:00:00
2013	3	1	1546	1545	1	1842	1837	5	UA	1593	N17233	EWR	MCO	153	937	15	45	2013-03-01 15:00:00
2013	3	1	1547	1540	7	1724	1743	-19	9E	3523	N916XJ	JFK	ORD	120	740	15	40	2013-03-01 15:00:00
2013	3	1	1548	1445	63	1706	1606	60	9E	3452	N921XJ	JFK	BOS	42	187	14	45	2013-03-01 14:00:00
2013	3	1	1548	1550	-2	2020	2050	-30	AA	1635	N5EPAA	JFK	SJU	189	1598	15	50	2013-03-01 15:00:00
2013	3	1	1548	1515	33	1713	1700	13	MQ	4333	N660MQ	JFK	PIT	61	340	15	15	2013-03-01 15:00:00
2013	3	1	1549	1545	4	1704	1703	1	9E	3658	N800AY	JFK	BWI	38	184	15	45	2013-03-01 15:00:00
2013	3	1	1549	1600	-11	1933	1925	8	AA	1467	N3HJAA	LGA	MIA	173	1096	16	0	2013-03-01 16:00:00
2013	3	1	1549	1548	1	1810	1830	-20	DL	95	N372DA	JFK	ATL	116	760	15	48	2013-03-01 15:00:00
2013	3	1	1549	1557	-8	1651	1720	-29	UA	1116	N27239	EWR	BOS	45	200	15	57	2013-03-01 15:00:00
2013	3	1	1551	1600	-9	1707	1717	-10	US	2181	N756US	LGA	DCA	44	214	16	0	2013-03-01 16:00:00
2013	3	1	1554	1600	-6	1819	1828	-9	EV	4357	N14117	EWR	MSY	184	1167	16	0	2013-03-01 16:00:00
2013	3	1	1554	1600	-6	1745	1739	6	UA	687	N829UA	LGA	ORD	119	733	16	0	2013-03-01 16:00:00
2013	3	1	1554	1600	-6	1715	1712	3	US	2134	N947UW	LGA	BOS	42	184	16	0	2013-03-01 16:00:00
2013	3	1	1555	1600	-5	1725	1724	1	YV	3788	N516LR	LGA	IAD	51	229	16	0	2013-03-01 16:00:00
2013	3	1	1556	1510	46	1753	1745	8	MQ	4309	N687MQ	JFK	IND	100	665	15	10	2013-03-01 15:00:00
2013	3	1	1557	1600	-3	1912	1900	12	B6	509	N503JB	EWR	FLL	177	1065	16	0	2013-03-01 16:00:00
2013	3	1	1558	1600	-2	1844	1840	4	DL	847	N664DN	LGA	ATL	113	762	16	0	2013-03-01 16:00:00
2013	3	1	1559	1603	-4	1705	1716	-11	EV	4398	N14573	EWR	ORF	49	284	16	3	2013-03-01 16:00:00
2013	3	1	1559	1605	-6	1838	1925	-47	9E	3325	N901XJ	JFK	DFW	188	1391	16	5	2013-03-01 16:00:00
2013	3	1	1559	1605	-6	1921	1944	-23	DL	1508	N973DL	JFK	RSW	179	1074	16	5	2013-03-01 16:00:00
2013	3	1	1559	1605	-6	1754	1750	4	MQ	4415	N713MQ	LGA	RDU	73	431	16	5	2013-03-01 16:00:00
2013	3	1	1600	1600	0	1923	1930	-7	DL	161	N310NW	JFK	MIA	164	1089	16	0	2013-03-01 16:00:00
2013	3	1	1601	1600	1	1838	1833	5	FL	620	N968AT	LGA	ATL	115	762	16	0	2013-03-01 16:00:00
2013	3	1	1601	1600	1	1831	1915	-44	AA	565	N3EDAA	JFK	DFW	181	1391	16	0	2013-03-01 16:00:00
2013	3	1	1601	1530	31	1731	1725	6	MQ	4146	N900MQ	JFK	CMH	73	483	15	30	2013-03-01 15:00:00
2013	3	1	1602	1600	2	1720	1732	-12	9E	3453	N922XJ	JFK	BOS	45	187	16	0	2013-03-01 16:00:00
2013	3	1	1602	1605	-3	1902	1903	-1	UA	1269	N36247	EWR	PBI	160	1023	16	5	2013-03-01 16:00:00
2013	3	1	1603	1610	-7	1736	1756	-20	EV	5486	N710EV	LGA	PIT	53	335	16	10	2013-03-01 16:00:00
2013	3	1	1603	1600	3	1803	1850	-47	DL	920	N3765	JFK	DEN	212	1626	16	0	2013-03-01 16:00:00
2013	3	1	1604	1550	14	1807	1820	-13	9E	3540	N931XJ	JFK	MSP	148	1029	15	50	2013-03-01 15:00:00
2013	3	1	1604	1600	4	1900	1912	-12	DL	4	N3761R	JFK	MCO	149	944	16	0	2013-03-01 16:00:00
2013	3	1	1605	1605	0	1731	1754	-23	9E	3459	N934XJ	JFK	BNA	117	765	16	5	2013-03-01 16:00:00
2013	3	1	1610	1610	0	1822	1917	-55	DL	91	N3735D	JFK	LAS	290	2248	16	10	2013-03-01 16:00:00
2013	3	1	1611	1615	-4	1805	1838	-33	DL	2383	N359NB	JFK	DTW	84	509	16	15	2013-03-01 16:00:00
2013	3	1	1612	1614	-2	1801	1749	12	UA	1281	N38727	EWR	ORD	122	719	16	14	2013-03-01 16:00:00
2013	3	1	1615	1615	0	1822	1850	-28	WN	3	N240WN	EWR	DEN	213	1605	16	15	2013-03-01 16:00:00
2013	3	1	1619	1553	26	1828	1808	20	EV	4684	N14542	EWR	SDF	110	642	15	53	2013-03-01 15:00:00
2013	3	1	1619	1555	24	1928	1901	27	DL	2377	N371NW	LGA	MCO	153	950	15	55	2013-03-01 15:00:00
2013	3	1	1620	1405	135	1727	1533	114	EV	3823	N12540	EWR	MSN	115	799	14	5	2013-03-01 14:00:00
2013	3	1	1620	1529	51	1825	1815	10	UA	987	N460UA	EWR	LAS	279	2227	15	29	2013-03-01 15:00:00
2013	3	1	1621	1540	41	1749	1709	40	EV	3815	N12160	EWR	BNA	116	748	15	40	2013-03-01 15:00:00
2013	3	1	1621	1615	6	1813	1831	-18	DL	1619	N315US	LGA	MSP	140	1020	16	15	2013-03-01 16:00:00
2013	3	1	1621	1530	51	1844	1852	-8	UA	132	N57111	JFK	LAX	300	2475	15	30	2013-03-01 15:00:00
2013	3	1	1623	1615	8	1806	1815	-9	9E	3330	N912XJ	JFK	RDU	71	427	16	15	2013-03-01 16:00:00
2013	3	1	1623	1625	-2	1908	1855	13	MQ	4661	N531MQ	LGA	ATL	115	762	16	25	2013-03-01 16:00:00
2013	3	1	1623	1629	-6	1936	1937	-1	UA	1624	N77430	EWR	FLL	169	1065	16	29	2013-03-01 16:00:00
2013	3	1	1625	1450	95	1914	1755	79	AA	1813	N5EVAA	JFK	MCO	151	944	14	50	2013-03-01 14:00:00
2013	3	1	1625	1600	25	1819	1820	-1	MQ	3985	N612MQ	JFK	CVG	93	589	16	0	2013-03-01 16:00:00
2013	3	1	1627	1630	-3	1851	1840	11	DL	2231	N936DL	LGA	DTW	92	502	16	30	2013-03-01 16:00:00
2013	3	1	1627	1627	0	1957	1926	31	B6	369	N605JB	LGA	PBI	167	1035	16	27	2013-03-01 16:00:00
2013	3	1	1628	1620	8	1751	1750	1	MQ	4622	N510MQ	LGA	BNA	108	764	16	20	2013-03-01 16:00:00
2013	3	1	1629	1529	60	1737	1653	44	EV	4223	N14905	EWR	MKE	113	725	15	29	2013-03-01 15:00:00
2013	3	1	1630	1610	20	1814	1800	14	AA	341	N597AA	LGA	ORD	114	733	16	10	2013-03-01 16:00:00
2013	3	1	1631	1630	1	1834	1833	1	B6	1085	N657JB	JFK	CLT	82	541	16	30	2013-03-01 16:00:00
2013	3	1	1632	1640	-8	1916	1955	-39	AA	773	N424AA	LGA	DFW	187	1389	16	40	2013-03-01 16:00:00
2013	3	1	1632	1635	-3	1909	2001	-52	US	656	N680AW	EWR	PHX	257	2133	16	35	2013-03-01 16:00:00
2013	3	1	1634	1540	54	1827	1748	39	EV	4352	N11547	EWR	CVG	91	569	15	40	2013-03-01 15:00:00
2013	3	1	1636	1640	-4	1908	1850	18	MQ	4540	N719MQ	LGA	DTW	103	502	16	40	2013-03-01 16:00:00
2013	3	1	1638	1605	33	1936	1911	25	B6	157	N524JB	JFK	MCO	157	944	16	5	2013-03-01 16:00:00
2013	3	1	1638	1555	43	1754	1725	29	B6	12	N193JB	JFK	SYR	46	209	15	55	2013-03-01 15:00:00
2013	3	1	1638	1630	8	1942	2015	-33	VX	27	N848VA	JFK	SFO	331	2586	16	30	2013-03-01 16:00:00
2013	3	1	1641	1650	-9	1756	1820	-24	AA	1790	N3DXAA	JFK	BOS	38	187	16	50	2013-03-01 16:00:00
2013	3	1	1642	1645	-3	1925	1917	8	EV	4705	N14204	EWR	ATL	124	746	16	45	2013-03-01 16:00:00
2013	3	1	1642	1648	-6	1756	1806	-10	EV	4255	N21537	EWR	ROC	51	246	16	48	2013-03-01 16:00:00
2013	3	1	1642	1637	5	1906	1952	-46	B6	185	N558JB	JFK	SAN	301	2446	16	37	2013-03-01 16:00:00
2013	3	1	1643	1630	13	1744	1737	7	EV	4299	N11107	EWR	DCA	41	199	16	30	2013-03-01 16:00:00
2013	3	1	1643	1543	60	1840	1745	55	EV	4703	N17115	EWR	GRR	95	605	15	43	2013-03-01 15:00:00
2013	3	1	1643	1610	33	1750	1732	18	9E	3885	N835AY	JFK	PHL	29	94	16	10	2013-03-01 16:00:00
2013	3	1	1643	1600	43	1815	1751	24	B6	917	N298JB	JFK	ORD	116	740	16	0	2013-03-01 16:00:00
2013	3	1	1644	1640	4	1749	1754	-5	B6	1176	N348JB	EWR	BOS	43	200	16	40	2013-03-01 16:00:00
2013	3	1	1644	1640	4	1941	1942	-1	B6	143	N585JB	JFK	PBI	155	1028	16	40	2013-03-01 16:00:00
2013	3	1	1646	1646	0	1815	1825	-10	UA	1683	N32404	EWR	CLE	70	404	16	46	2013-03-01 16:00:00
2013	3	1	1647	1647	0	1836	1900	-24	DL	1473	N322NB	LGA	MEM	136	963	16	47	2013-03-01 16:00:00
2013	3	1	1647	1630	17	1913	1954	-41	B6	675	N639JB	JFK	LAX	298	2475	16	30	2013-03-01 16:00:00
2013	3	1	1649	1655	-6	1944	2029	-45	DL	706	N329NB	JFK	AUS	210	1521	16	55	2013-03-01 16:00:00
2013	3	1	1649	1615	34	2015	1915	60	B6	985	N508JB	LGA	TPA	161	1010	16	15	2013-03-01 16:00:00
2013	3	1	1650	1634	16	1937	1926	11	UA	698	N668UA	EWR	IAH	201	1400	16	34	2013-03-01 16:00:00
2013	3	1	1651	1650	1	1827	1855	-28	WN	1904	N740SW	LGA	STL	123	888	16	50	2013-03-01 16:00:00
2013	3	1	1652	1645	7	1756	1800	-4	EV	4216	N16954	EWR	BUF	50	282	16	45	2013-03-01 16:00:00
2013	3	1	1654	1449	125	1836	1625	131	EV	4323	N12563	EWR	RDU	67	416	14	49	2013-03-01 14:00:00
2013	3	1	1654	1700	-6	1917	1950	-33	AA	575	N5BTAA	JFK	EGE	230	1746	17	0	2013-03-01 17:00:00
2013	3	1	1654	1700	-6	1807	1813	-6	US	2136	N953UW	LGA	BOS	40	184	17	0	2013-03-01 17:00:00
2013	3	1	1655	1700	-5	1939	2036	-57	DL	127	N713TW	JFK	LAX	314	2475	17	0	2013-03-01 17:00:00
2013	3	1	1655	1700	-5	1924	1943	-19	DL	1499	N612DL	LGA	ATL	115	762	17	0	2013-03-01 17:00:00
2013	3	1	1656	1700	-4	1805	1817	-12	US	2183	N751UW	LGA	DCA	42	214	17	0	2013-03-01 17:00:00
2013	3	1	1657	1700	-3	1904	1955	-51	AA	257	N3DMAA	JFK	LAS	283	2248	17	0	2013-03-01 17:00:00
2013	3	1	1657	1700	-3	1922	1935	-13	DL	2042	N305DQ	EWR	ATL	115	746	17	0	2013-03-01 17:00:00
2013	3	1	1658	1703	-5	1819	1852	-33	EV	4202	N15912	EWR	STL	125	872	17	3	2013-03-01 17:00:00
2013	3	1	1658	1700	-2	1942	2049	-67	DL	31	N705TW	JFK	SFO	314	2586	17	0	2013-03-01 17:00:00
2013	3	1	1658	1700	-2	1828	1839	-11	UA	689	N853UA	LGA	ORD	115	733	17	0	2013-03-01 17:00:00
2013	3	1	1658	1614	44	1939	1905	34	UA	280	N558UA	EWR	SEA	324	2402	16	14	2013-03-01 16:00:00
2013	3	1	1659	1700	-1	2140	2204	-24	DL	329	N3756	JFK	SJU	191	1598	17	0	2013-03-01 17:00:00
2013	3	1	1701	1705	-4	2017	2015	2	B6	15	N279JB	JFK	FLL	165	1069	17	5	2013-03-01 17:00:00
2013	3	1	1701	1710	-9	1912	1912	0	US	894	N559UW	LGA	CLT	92	544	17	10	2013-03-01 17:00:00
2013	3	1	1702	1704	-2	1850	1929	-39	UA	1214	N16713	EWR	DEN	207	1605	17	4	2013-03-01 17:00:00
2013	3	1	1703	1659	4	1814	1821	-7	EV	4562	N12996	EWR	RIC	50	277	16	59	2013-03-01 16:00:00
2013	3	1	1704	1655	9	1941	2030	-49	VX	413	N637VA	JFK	LAX	312	2475	16	55	2013-03-01 16:00:00
2013	3	1	1704	1710	-6	2007	2020	-13	UA	1259	N14731	LGA	IAH	211	1416	17	10	2013-03-01 17:00:00
2013	3	1	1707	1710	-3	1958	2015	-17	AA	695	N3ARAA	JFK	AUS	204	1521	17	10	2013-03-01 17:00:00
2013	3	1	1713	1715	-2	1938	2040	-62	DL	1088	N3752	JFK	SAN	298	2446	17	15	2013-03-01 17:00:00
2013	3	1	1714	1645	29	1920	1906	14	9E	3642	N813AY	EWR	CVG	90	569	16	45	2013-03-01 16:00:00
2013	3	1	1714	1719	-5	1909	1948	-39	UA	509	N564UA	LGA	DEN	202	1620	17	19	2013-03-01 17:00:00
2013	3	1	1715	1720	-5	1902	1905	-3	MQ	4479	N737MQ	LGA	RDU	74	431	17	20	2013-03-01 17:00:00
2013	3	1	1716	1635	41	1914	1843	31	EV	4900	N759EV	EWR	DTW	90	488	16	35	2013-03-01 16:00:00
2013	3	1	1718	1720	-2	2049	2040	9	AA	1999	N5DYAA	EWR	MIA	170	1085	17	20	2013-03-01 17:00:00
2013	3	1	1718	1720	-2	1820	1844	-24	UA	1172	N76269	EWR	BOS	41	200	17	20	2013-03-01 17:00:00
2013	3	1	1719	1720	-1	2108	2033	35	DL	1779	N967DL	LGA	FLL	184	1076	17	20	2013-03-01 17:00:00
2013	3	1	1720	1730	-10	1923	1938	-15	EV	4661	N14902	EWR	CVG	95	569	17	30	2013-03-01 17:00:00
2013	3	1	1720	1730	-10	1953	2003	-10	FL	623	N992AT	LGA	ATL	115	762	17	30	2013-03-01 17:00:00
2013	3	1	1722	1705	17	1950	2010	-20	AA	1905	N4YNAA	EWR	DFW	183	1372	17	5	2013-03-01 17:00:00
2013	3	1	1723	1729	-6	2010	2057	-47	UA	512	N508UA	JFK	SFO	320	2586	17	29	2013-03-01 17:00:00
2013	3	1	1724	1715	9	2049	2019	30	DL	1585	N985DL	LGA	MCO	166	950	17	15	2013-03-01 17:00:00
2013	3	1	1724	1725	-1	2029	2017	12	UA	1109	N29124	EWR	MCO	152	937	17	25	2013-03-01 17:00:00
2013	3	1	1725	1730	-5	1945	2046	-61	B6	359	N556JB	JFK	BUR	305	2465	17	30	2013-03-01 17:00:00
2013	3	1	1725	1705	20	1833	1830	3	MQ	4410	N837MQ	JFK	DCA	42	213	17	5	2013-03-01 17:00:00
2013	3	1	1726	1729	-3	2050	2049	1	AA	543	N391AA	JFK	MIA	172	1089	17	29	2013-03-01 17:00:00
2013	3	1	1726	1730	-4	1832	1849	-17	B6	74	N517JB	JFK	BTV	44	266	17	30	2013-03-01 17:00:00
2013	3	1	1729	1631	58	1921	1834	47	EV	4411	N12921	EWR	MEM	141	946	16	31	2013-03-01 16:00:00
2013	3	1	1730	1735	-5	2014	2115	-61	B6	179	N568JB	JFK	PHX	263	2153	17	35	2013-03-01 17:00:00
2013	3	1	1732	1435	177	2017	1707	190	EV	3810	N11551	EWR	JAX	141	820	14	35	2013-03-01 14:00:00
2013	3	1	1732	1720	12	2026	2033	-7	UA	1437	N68453	EWR	AUS	209	1504	17	20	2013-03-01 17:00:00
2013	3	1	1736	1615	81	2012	1836	96	EV	4294	N13978	EWR	SAV	126	708	16	15	2013-03-01 16:00:00
2013	3	1	1738	1730	8	1940	1957	-17	F9	797	N211FR	LGA	DEN	211	1620	17	30	2013-03-01 17:00:00
2013	3	1	1738	1545	113	1958	1910	48	AA	133	N324AA	JFK	LAX	297	2475	15	45	2013-03-01 15:00:00
2013	3	1	1738	1745	-7	2014	2055	-41	AA	785	N3DGAA	LGA	DFW	189	1389	17	45	2013-03-01 17:00:00
2013	3	1	1738	1705	33	1915	1831	44	B6	36	N658JB	JFK	ROC	59	264	17	5	2013-03-01 17:00:00
2013	3	1	1739	1730	9	2018	2028	-10	UA	1712	N17128	EWR	IAH	193	1400	17	30	2013-03-01 17:00:00
2013	3	1	1740	1745	-5	2037	2117	-40	DL	2323	N3753	JFK	PDX	331	2454	17	45	2013-03-01 17:00:00
2013	3	1	1740	1729	11	2023	2046	-23	DL	1185	N382DA	EWR	SLC	260	1969	17	29	2013-03-01 17:00:00
2013	3	1	1741	1745	-4	1936	1951	-15	DL	2331	N347NW	LGA	DTW	81	502	17	45	2013-03-01 17:00:00
2013	3	1	1743	1749	-6	1927	1939	-12	EV	4644	N16546	EWR	CMH	74	463	17	49	2013-03-01 17:00:00
2013	3	1	1745	1755	-10	2048	2048	0	B6	547	N651JB	EWR	PBI	156	1023	17	55	2013-03-01 17:00:00
2013	3	1	1746	1659	47	2037	2046	-9	9E	3375	N605LR	JFK	SAT	217	1587	16	59	2013-03-01 16:00:00
2013	3	1	1746	1730	16	2046	2024	22	B6	9	N561JB	JFK	MCO	149	944	17	30	2013-03-01 17:00:00
2013	3	1	1746	1700	46	2047	2025	22	WN	430	N266WN	EWR	HOU	211	1411	17	0	2013-03-01 17:00:00
2013	3	1	1747	1745	2	2037	2120	-43	AA	177	N5EJAA	JFK	SFO	328	2586	17	45	2013-03-01 17:00:00
2013	3	1	1747	1750	-3	2049	2041	8	B6	527	N592JB	EWR	MCO	152	937	17	50	2013-03-01 17:00:00
2013	3	1	1747	1730	17	1939	1923	16	US	449	N655AW	EWR	CLT	88	529	17	30	2013-03-01 17:00:00
2013	3	1	1748	1753	-5	2011	2105	-54	UA	535	N560UA	JFK	LAX	300	2475	17	53	2013-03-01 17:00:00
2013	3	1	1749	1759	-10	2118	2054	24	B6	391	N571JB	LGA	MCO	161	950	17	59	2013-03-01 17:00:00
2013	3	1	1750	1712	38	1914	1828	46	EV	4701	N14953	EWR	BTV	48	266	17	12	2013-03-01 17:00:00
2013	3	1	1750	1755	-5	1956	2101	-65	DL	1629	N3764D	JFK	LAS	282	2248	17	55	2013-03-01 17:00:00
2013	3	1	1752	1800	-8	1858	1913	-15	US	2185	N755US	LGA	DCA	42	214	18	0	2013-03-01 18:00:00
2013	3	1	1755	1810	-15	2125	2130	-5	AA	1611	N3ATAA	LGA	MIA	179	1096	18	10	2013-03-01 18:00:00
2013	3	1	1755	1800	-5	2043	2136	-53	DL	2357	N723TW	JFK	LAX	310	2475	18	0	2013-03-01 18:00:00
2013	3	1	1756	1720	36	1920	1915	5	AA	1351	N3ELAA	JFK	ORD	114	740	17	20	2013-03-01 17:00:00
2013	3	1	1756	1800	-4	1902	1913	-11	US	2138	N957UW	LGA	BOS	39	184	18	0	2013-03-01 18:00:00
2013	3	1	1756	1750	6	2038	2101	-23	UA	1139	N75858	EWR	LAX	304	2454	17	50	2013-03-01 17:00:00
2013	3	1	1757	1745	12	1928	1929	-1	B6	1185	N228JB	JFK	RDU	73	427	17	45	2013-03-01 17:00:00
2013	3	1	1759	1810	-11	1923	1945	-22	MQ	4484	N739MQ	LGA	BNA	122	764	18	10	2013-03-01 18:00:00
2013	3	1	1801	1640	81	1942	1830	72	WN	2355	N296WN	EWR	STL	124	872	16	40	2013-03-01 16:00:00
2013	3	1	1801	1755	6	2033	2101	-28	UA	1221	N37267	EWR	DFW	183	1372	17	55	2013-03-01 17:00:00
2013	3	1	1802	1805	-3	1913	1921	-8	B6	1016	N283JB	JFK	BOS	40	187	18	5	2013-03-01 18:00:00
2013	3	1	1802	1803	-1	1915	1921	-6	B6	1307	N324JB	JFK	IAD	51	228	18	3	2013-03-01 18:00:00
2013	3	1	1802	1805	-3	1935	1955	-20	MQ	4626	N512MQ	LGA	CMH	69	479	18	5	2013-03-01 18:00:00
2013	3	1	1802	1800	2	1933	1940	-7	UA	578	N802UA	EWR	ORD	112	719	18	0	2013-03-01 18:00:00
2013	3	1	1803	1720	43	1922	1910	12	AA	345	N596AA	LGA	ORD	109	733	17	20	2013-03-01 17:00:00
2013	3	1	1803	1759	4	2027	2042	-15	DL	1047	N6716C	LGA	ATL	117	762	17	59	2013-03-01 17:00:00
2013	3	1	1803	1800	3	2119	2109	10	B6	989	N590JB	JFK	FLL	172	1069	18	0	2013-03-01 18:00:00
2013	3	1	1806	1815	-9	1922	1952	-30	9E	4277	N8506C	JFK	ORF	44	290	18	15	2013-03-01 18:00:00
2013	3	1	1806	1754	12	2106	2109	-3	UA	1127	N75854	EWR	SFO	314	2565	17	54	2013-03-01 17:00:00
2013	3	1	1807	1815	-8	1956	2042	-46	9E	3542	N918XJ	JFK	MSP	140	1029	18	15	2013-03-01 18:00:00
2013	3	1	1807	1815	-8	2033	2050	-17	DL	926	N306DQ	EWR	ATL	109	746	18	15	2013-03-01 18:00:00
2013	3	1	1807	1815	-8	2103	2147	-44	B6	173	N563JB	JFK	SJC	328	2569	18	15	2013-03-01 18:00:00
2013	3	1	1807	1750	17	1925	1920	5	WN	732	N713SW	EWR	MDW	108	711	17	50	2013-03-01 17:00:00
2013	3	1	1809	1725	44	1920	1855	25	MQ	4255	N632MQ	JFK	BNA	114	765	17	25	2013-03-01 17:00:00
2013	3	1	1810	1805	5	1938	1950	-12	WN	551	N947WN	LGA	BNA	118	764	18	5	2013-03-01 18:00:00
2013	3	1	1811	1755	16	1933	1940	-7	WN	573	N8316H	LGA	MDW	108	725	17	55	2013-03-01 17:00:00
2013	3	1	1812	1820	-8	2053	2150	-57	AA	119	N3FHAA	EWR	LAX	304	2454	18	20	2013-03-01 18:00:00
2013	3	1	1812	1816	-4	1955	2005	-10	UA	1053	N53441	EWR	CLE	65	404	18	16	2013-03-01 18:00:00
2013	3	1	1816	1820	-4	2000	2031	-31	DL	2019	N367NW	LGA	MSP	138	1020	18	20	2013-03-01 18:00:00
2013	3	1	1817	1820	-3	1927	1950	-23	9E	3843	N8771A	JFK	SYR	42	209	18	20	2013-03-01 18:00:00
2013	3	1	1818	1800	18	1928	1915	13	WN	475	N491WN	EWR	BWI	34	169	18	0	2013-03-01 18:00:00
2013	3	1	1819	1701	78	2151	2010	101	UA	80	N33264	EWR	MIA	170	1085	17	1	2013-03-01 17:00:00
2013	3	1	1821	1658	83	2141	2007	94	B6	139	N296JB	JFK	RSW	184	1074	16	58	2013-03-01 16:00:00
2013	3	1	1822	1830	-8	2129	2205	-36	AA	269	N3FNAA	JFK	SEA	343	2422	18	30	2013-03-01 18:00:00
2013	3	1	1822	1815	7	2142	2125	17	AS	7	N548AS	EWR	SEA	331	2402	18	15	2013-03-01 18:00:00
2013	3	1	1824	1615	129	2033	1812	141	EV	4092	N13550	EWR	DAY	86	533	16	15	2013-03-01 16:00:00
2013	3	1	1824	1829	-5	2021	2032	-11	US	1973	N191UW	EWR	CLT	79	529	18	29	2013-03-01 18:00:00
2013	3	1	1825	1815	10	2012	2052	-40	DL	884	N365NW	LGA	DEN	206	1620	18	15	2013-03-01 18:00:00
2013	3	1	1825	1830	-5	1958	2015	-17	MQ	4674	N513MQ	LGA	CLE	67	419	18	30	2013-03-01 18:00:00
2013	3	1	1827	1829	-2	2046	2114	-28	UA	1729	N14118	EWR	LAS	280	2227	18	29	2013-03-01 18:00:00
2013	3	1	1827	1620	127	2106	2003	63	US	35	N549UW	JFK	PHX	249	2153	16	20	2013-03-01 16:00:00
2013	3	1	1829	1835	-6	1929	1950	-21	MQ	3944	N683MQ	JFK	BWI	35	184	18	35	2013-03-01 18:00:00
2013	3	1	1830	1810	20	2048	2127	-39	B6	217	N621JB	JFK	LGB	302	2465	18	10	2013-03-01 18:00:00
2013	3	1	1832	1835	-3	1952	2007	-15	B6	130	N292JB	JFK	BUF	56	301	18	35	2013-03-01 18:00:00
2013	3	1	1832	1830	2	2024	2121	-57	B6	711	N645JB	JFK	LAS	277	2248	18	30	2013-03-01 18:00:00
2013	3	1	1833	1835	-2	2134	2212	-38	DL	1043	N3767	JFK	SEA	329	2422	18	35	2013-03-01 18:00:00
2013	3	1	1834	1721	73	2029	1858	91	UA	597	N414UA	EWR	ORD	115	719	17	21	2013-03-01 17:00:00
2013	3	1	1836	1844	-8	2021	2118	-57	9E	3353	N906XJ	JFK	MCI	144	1113	18	44	2013-03-01 18:00:00
2013	3	1	1838	1845	-7	2038	2058	-20	DL	2131	N964DL	LGA	DTW	85	502	18	45	2013-03-01 18:00:00
2013	3	1	1838	1838	0	2034	2104	-30	UA	390	N411UA	EWR	DEN	205	1605	18	38	2013-03-01 18:00:00
2013	3	1	1838	1800	38	2001	1937	24	UA	1177	N14228	LGA	ORD	111	733	18	0	2013-03-01 18:00:00
2013	3	1	1838	1847	-9	2137	2219	-42	UA	346	N510UA	JFK	SFO	329	2586	18	47	2013-03-01 18:00:00
2013	3	1	1841	1550	171	1959	1710	169	WN	518	N614SW	EWR	MDW	109	711	15	50	2013-03-01 15:00:00
2013	3	1	1844	1850	-6	2000	2050	-50	AA	2019	N433AA	LGA	STL	117	888	18	50	2013-03-01 18:00:00
2013	3	1	1845	1850	-5	2006	2041	-35	DL	1235	N317NB	LGA	PIT	54	335	18	50	2013-03-01 18:00:00
2013	3	1	1846	1633	133	2022	1810	132	EV	4702	N15973	EWR	GSO	69	445	16	33	2013-03-01 16:00:00
2013	3	1	1848	1855	-7	2016	2100	-44	MQ	4649	N537MQ	LGA	MSP	133	1020	18	55	2013-03-01 18:00:00
2013	3	1	1849	1850	-1	2207	2229	-22	DL	1108	N951DL	JFK	MIA	169	1089	18	50	2013-03-01 18:00:00
2013	3	1	1850	1855	-5	2147	2212	-25	DL	2391	N313US	JFK	TPA	156	1005	18	55	2013-03-01 18:00:00
2013	3	1	1851	1901	-10	2003	2021	-18	EV	4131	N14993	EWR	RIC	48	277	19	1	2013-03-01 19:00:00
2013	3	1	1851	1855	-4	2117	2157	-40	DL	1099	N347NB	JFK	MSY	181	1182	18	55	2013-03-01 18:00:00
2013	3	1	1851	1900	-9	1953	2012	-19	US	2140	N956UW	LGA	BOS	40	184	19	0	2013-03-01 19:00:00
2013	3	1	1851	1900	-9	1951	2015	-24	US	2187	N711UW	LGA	DCA	38	214	19	0	2013-03-01 19:00:00
2013	3	1	1852	1855	-3	2045	2100	-15	US	1491	N170US	LGA	CLT	84	544	18	55	2013-03-01 18:00:00
2013	3	1	1853	1855	-2	2335	2355	-20	AA	1613	N5CSAA	JFK	SJU	196	1598	18	55	2013-03-01 18:00:00
2013	3	1	1853	1855	-2	2129	2154	-25	UA	358	N507UA	LGA	IAH	188	1416	18	55	2013-03-01 18:00:00
2013	3	1	1854	1829	25	2052	2045	7	EV	5679	N21130	EWR	MCI	148	1092	18	29	2013-03-01 18:00:00
2013	3	1	1854	1855	-1	2117	2142	-25	DL	951	N1604R	JFK	ATL	114	760	18	55	2013-03-01 18:00:00
2013	3	1	1855	1859	-4	2114	2145	-31	DL	947	N603DL	LGA	ATL	109	762	18	59	2013-03-01 18:00:00
2013	3	1	1856	1905	-9	2053	2114	-21	EV	4153	N16183	EWR	CLT	87	529	19	5	2013-03-01 19:00:00
2013	3	1	1856	1900	-4	2206	2238	-32	DL	87	N707TW	JFK	LAX	308	2475	19	0	2013-03-01 19:00:00
2013	3	1	1857	1901	-4	2204	2206	-2	UA	1637	N73256	EWR	TPA	166	997	19	1	2013-03-01 19:00:00
2013	3	1	1858	1900	-2	2110	2215	-65	UA	423	N491UA	EWR	SNA	291	2434	19	0	2013-03-01 19:00:00
2013	3	1	1859	1910	-11	2009	2028	-19	EV	5714	N834AS	JFK	IAD	45	228	19	10	2013-03-01 19:00:00
2013	3	1	1859	1900	-1	2121	2133	-12	FL	645	N978AT	LGA	ATL	114	762	19	0	2013-03-01 19:00:00
2013	3	1	1859	1845	14	2107	2050	17	EV	4570	N12195	EWR	GRR	97	605	18	45	2013-03-01 18:00:00
2013	3	1	1900	1700	120	2014	1840	94	MQ	4323	N600MQ	JFK	ORF	47	290	17	0	2013-03-01 17:00:00
2013	3	1	1902	1905	-3	2031	2038	-7	EV	3805	N16976	EWR	BNA	115	748	19	5	2013-03-01 19:00:00
2013	3	1	1906	1910	-4	2038	2055	-17	MQ	4569	N835MQ	LGA	RDU	75	431	19	10	2013-03-01 19:00:00
2013	3	1	1908	1910	-2	2215	2232	-17	DL	2159	N3751B	JFK	MCO	156	944	19	10	2013-03-01 19:00:00
2013	3	1	1910	1910	0	2133	2215	-42	AA	2075	N4WSAA	EWR	DFW	185	1372	19	10	2013-03-01 19:00:00
2013	3	1	1911	1910	1	2201	2228	-27	B6	87	N703JB	JFK	SLC	263	1990	19	10	2013-03-01 19:00:00
2013	3	1	1913	1915	-2	2157	2208	-11	B6	155	N607JB	JFK	MCO	147	944	19	15	2013-03-01 19:00:00
2013	3	1	1913	1901	12	2034	2041	-7	UA	554	N828UA	EWR	ORD	114	719	19	1	2013-03-01 19:00:00
2013	3	1	1916	1730	106	2202	2050	72	UA	504	N594UA	EWR	PHX	251	2133	17	30	2013-03-01 17:00:00
2013	3	1	1916	1905	11	2212	2217	-5	UA	1227	N37298	EWR	RSW	160	1068	19	5	2013-03-01 19:00:00
2013	3	1	1917	1920	-3	2226	2230	-4	DL	2370	N363NW	LGA	PBI	168	1035	19	20	2013-03-01 19:00:00
2013	3	1	1918	1800	78	2123	2006	77	US	373	N541UW	JFK	CLT	88	541	18	0	2013-03-01 18:00:00
2013	3	1	1919	1925	-6	2051	2126	-35	9E	3331	N920XJ	JFK	RDU	66	427	19	25	2013-03-01 19:00:00
2013	3	1	1920	1920	0	2102	2116	-14	9E	3525	N910XJ	JFK	ORD	116	740	19	20	2013-03-01 19:00:00
2013	3	1	1920	1840	40	2132	2020	72	MQ	3730	N501MQ	EWR	ORD	110	719	18	40	2013-03-01 18:00:00
2013	3	1	1922	1815	67	2120	2037	43	9E	3354	N917XJ	JFK	DTW	82	509	18	15	2013-03-01 18:00:00
2013	3	1	1922	1930	-8	2146	2235	-49	UA	208	N465UA	EWR	SAN	292	2425	19	30	2013-03-01 19:00:00
2013	3	1	1923	1925	-2	2222	2303	-41	DL	6	N3757D	JFK	SLC	270	1990	19	25	2013-03-01 19:00:00
2013	3	1	1924	1930	-6	2134	2151	-17	9E	3798	N8745B	JFK	CLT	84	541	19	30	2013-03-01 19:00:00
2013	3	1	1924	1845	39	2115	2030	45	MQ	4517	N736MQ	LGA	CRW	75	444	18	45	2013-03-01 18:00:00
2013	3	1	1925	1925	0	2254	2247	7	DL	2143	N945DL	LGA	MIA	180	1096	19	25	2013-03-01 19:00:00
2013	3	1	1925	1855	30	2230	2240	-10	VX	29	N623VA	JFK	SFO	334	2586	18	55	2013-03-01 18:00:00
2013	3	1	1927	1920	7	2244	2246	-2	DL	869	N3758Y	JFK	FLL	165	1069	19	20	2013-03-01 19:00:00
2013	3	1	1927	1929	-2	2220	2209	11	DL	1715	N349NB	LGA	MSY	175	1183	19	29	2013-03-01 19:00:00
2013	3	1	1927	1905	22	2210	2211	-1	UA	1144	N16701	EWR	IAH	194	1400	19	5	2013-03-01 19:00:00
2013	3	1	1928	1935	-7	2147	2240	-53	AA	791	N3GLAA	LGA	DFW	186	1389	19	35	2013-03-01 19:00:00
2013	3	1	1929	1936	-7	2042	2100	-18	EV	5705	N833AS	LGA	IAD	45	229	19	36	2013-03-01 19:00:00
2013	3	1	1929	1645	164	2141	2005	96	AA	181	N327AA	JFK	LAX	289	2475	16	45	2013-03-01 16:00:00
2013	3	1	1929	1905	24	2248	2306	-18	DL	1967	N721TW	JFK	SFO	339	2586	19	5	2013-03-01 19:00:00
2013	3	1	1930	1929	1	2149	2130	19	EV	4663	N12172	EWR	CHS	102	628	19	29	2013-03-01 19:00:00
2013	3	1	1930	1935	-5	2216	2229	-13	EV	5157	N740EV	LGA	JAX	129	833	19	35	2013-03-01 19:00:00
2013	3	1	1930	1935	-5	2315	2248	27	DL	1435	N941DL	LGA	TPA	164	1010	19	35	2013-03-01 19:00:00
2013	3	1	1931	1929	2	2252	2247	5	DL	1854	N338NW	LGA	FLL	174	1076	19	29	2013-03-01 19:00:00
2013	3	1	1932	1925	7	2116	2116	0	EV	4872	N755EV	LGA	BHM	129	866	19	25	2013-03-01 19:00:00
2013	3	1	1932	1925	7	2052	2045	7	9E	4127	N8505Q	JFK	IAD	45	228	19	25	2013-03-01 19:00:00
2013	3	1	1934	1935	-1	2134	2145	-11	9E	3899	N8477R	JFK	CLE	74	425	19	35	2013-03-01 19:00:00
2013	3	1	1934	1920	14	2100	2100	0	AA	359	N3JWAA	LGA	ORD	111	733	19	20	2013-03-01 19:00:00
2013	3	1	1934	1935	-1	2215	2316	-61	B6	645	N627JB	JFK	SFO	319	2586	19	35	2013-03-01 19:00:00
2013	3	1	1935	1940	-5	2246	2240	6	AA	1787	N3HGAA	JFK	TPA	167	1005	19	40	2013-03-01 19:00:00
2013	3	1	1936	1935	1	2229	2334	-65	DL	2162	N3772H	JFK	PHX	266	2153	19	35	2013-03-01 19:00:00
2013	3	1	1936	1930	6	2044	2053	-9	UA	1064	N17244	EWR	BOS	39	200	19	30	2013-03-01 19:00:00
2013	3	1	1940	1940	0	2300	2245	15	B6	381	N618JB	LGA	FLL	166	1076	19	40	2013-03-01 19:00:00
2013	3	1	1941	1933	8	2147	2201	-14	EV	4509	N11121	EWR	MSY	167	1167	19	33	2013-03-01 19:00:00
2013	3	1	1941	1940	1	2111	2125	-14	MQ	3783	N528MQ	JFK	CMH	69	483	19	40	2013-03-01 19:00:00
2013	3	1	1942	1943	-1	2050	2053	-3	EV	4312	N16919	EWR	DCA	41	199	19	43	2013-03-01 19:00:00
2013	3	1	1944	1935	9	2153	2207	-14	EV	4333	N11137	EWR	TUL	163	1215	19	35	2013-03-01 19:00:00
2013	3	1	1946	1918	28	2301	2215	46	UA	999	N473UA	EWR	PBI	168	1023	19	18	2013-03-01 19:00:00
2013	3	1	1948	1820	88	2118	2005	73	AA	353	N3HYAA	LGA	ORD	110	733	18	20	2013-03-01 18:00:00
2013	3	1	1948	1955	-7	2302	2310	-8	AA	1709	N3AUAA	LGA	MIA	162	1096	19	55	2013-03-01 19:00:00
2013	3	1	1948	1925	23	2253	2229	24	DL	1485	N917DL	LGA	MCO	140	950	19	25	2013-03-01 19:00:00
2013	3	1	1948	1950	-2	2245	2328	-43	B6	91	N535JB	JFK	OAK	329	2576	19	50	2013-03-01 19:00:00
2013	3	1	1949	1925	24	2303	2236	27	B6	147	N746JB	JFK	RSW	173	1074	19	25	2013-03-01 19:00:00
2013	3	1	1950	1959	-9	2120	2144	-24	MQ	4423	N817MQ	JFK	RDU	69	427	19	59	2013-03-01 19:00:00
2013	3	1	1951	2000	-9	2108	2117	-9	US	2189	N756US	LGA	DCA	41	214	20	0	2013-03-01 20:00:00
2013	3	1	1952	1930	22	2313	2238	35	UA	1292	N76503	EWR	FLL	169	1065	19	30	2013-03-01 19:00:00
2013	3	1	1953	1925	28	2114	2105	9	WN	2714	N751SW	LGA	MKE	110	738	19	25	2013-03-01 19:00:00
2013	3	1	1953	2000	-7	2107	2114	-7	US	2142	N947UW	LGA	BOS	39	184	20	0	2013-03-01 20:00:00
2013	3	1	1954	2000	-6	2102	2119	-17	EV	4258	N14573	EWR	IAD	44	212	20	0	2013-03-01 20:00:00
2013	3	1	1954	1932	22	2235	2304	-29	UA	1462	N77520	EWR	SFO	318	2565	19	32	2013-03-01 19:00:00
2013	3	1	1955	1929	26	2332	2246	46	DL	1133	N319NB	LGA	RSW	176	1080	19	29	2013-03-01 19:00:00
2013	3	1	1955	1845	70	2242	2210	32	B6	171	N608JB	JFK	SMF	317	2521	18	45	2013-03-01 18:00:00
2013	3	1	1957	2000	-3	2100	2143	-43	DL	1713	N321US	JFK	BOS	39	187	20	0	2013-03-01 20:00:00
2013	3	1	1959	2000	-1	2246	2243	3	DL	1147	N687DL	LGA	ATL	115	762	20	0	2013-03-01 20:00:00
2013	3	1	1959	2000	-1	2244	2302	-18	UA	461	N538UA	EWR	IAH	192	1400	20	0	2013-03-01 20:00:00
2013	3	1	2001	2005	-4	2228	2230	-2	9E	4033	N8869B	LGA	TYS	93	647	20	5	2013-03-01 20:00:00
2013	3	1	2001	1950	11	2259	2329	-30	UA	1482	N24706	EWR	PHX	275	2133	19	50	2013-03-01 19:00:00
2013	3	1	2003	2000	3	2218	2245	-27	EV	4204	N11107	EWR	OKC	173	1325	20	0	2013-03-01 20:00:00
2013	3	1	2003	1900	63	2145	2124	21	9E	3439	N921XJ	JFK	CVG	89	589	19	0	2013-03-01 19:00:00
2013	3	1	2005	2015	-10	2154	2210	-16	MQ	4555	N722MQ	LGA	CMH	72	479	20	15	2013-03-01 20:00:00
2013	3	1	2006	2010	-4	2250	2323	-33	UA	254	N427UA	EWR	AUS	202	1504	20	10	2013-03-01 20:00:00
2013	3	1	2009	2015	-6	2247	2320	-33	UA	299	N808UA	EWR	DFW	192	1372	20	15	2013-03-01 20:00:00
2013	3	1	2010	2000	10	2319	2258	21	UA	1709	N38424	EWR	SEA	344	2402	20	0	2013-03-01 20:00:00
2013	3	1	2014	2020	-6	2220	2328	-68	DL	1729	N694DL	JFK	LAS	283	2248	20	20	2013-03-01 20:00:00
2013	3	1	2018	1955	23	2141	2125	16	WN	2327	N413WN	EWR	MDW	108	711	19	55	2013-03-01 19:00:00
2013	3	1	2019	2005	14	2242	2330	-48	VX	415	N639VA	JFK	LAX	297	2475	20	5	2013-03-01 20:00:00
2013	3	1	2020	2000	20	2321	2259	22	B6	39	N656JB	JFK	PBI	162	1028	20	0	2013-03-01 20:00:00
2013	3	1	2022	1945	37	2311	2241	30	9E	3287	N902XJ	JFK	JAX	145	828	19	45	2013-03-01 19:00:00
2013	3	1	2024	2021	3	2149	2159	-10	UA	1464	N12216	EWR	CLE	65	404	20	21	2013-03-01 20:00:00
2013	3	1	2025	2005	20	2113	2109	4	EV	4566	N15555	EWR	ALB	30	143	20	5	2013-03-01 20:00:00
2013	3	1	2025	2029	-4	2124	2140	-16	9E	3609	N835AY	JFK	PHL	23	94	20	29	2013-03-01 20:00:00
2013	3	1	2025	1940	45	2132	2106	26	9E	4091	N8541D	JFK	BWI	35	184	19	40	2013-03-01 19:00:00
2013	3	1	2026	2025	1	2211	2200	11	FL	354	N937AT	LGA	CAK	68	397	20	25	2013-03-01 20:00:00
2013	3	1	2027	2029	-2	2250	2333	-43	UA	449	N505UA	JFK	LAX	281	2475	20	29	2013-03-01 20:00:00
2013	3	1	2028	1930	58	2219	2115	64	EV	4126	N11536	LGA	CLE	71	419	19	30	2013-03-01 19:00:00
2013	3	1	2028	2000	28	2155	2139	16	UA	695	N467UA	LGA	ORD	111	733	20	0	2013-03-01 20:00:00
2013	3	1	2029	2030	-1	2135	2153	-18	UA	621	N575UA	EWR	BOS	41	200	20	30	2013-03-01 20:00:00
2013	3	1	2032	2035	-3	2338	2331	7	UA	316	N567UA	EWR	TPA	165	997	20	35	2013-03-01 20:00:00
2013	3	1	2035	2020	15	2257	2245	12	MQ	4662	N542MQ	LGA	ATL	107	762	20	20	2013-03-01 20:00:00
2013	3	1	2039	2040	-1	2337	2356	-19	B6	165	N587JB	JFK	PDX	337	2454	20	40	2013-03-01 20:00:00
2013	3	1	2040	2030	10	2324	2306	18	B6	619	N193JB	JFK	JAX	141	828	20	30	2013-03-01 20:00:00
2013	3	1	2043	2029	14	2332	2345	-13	B6	1069	N284JB	JFK	AUS	207	1521	20	29	2013-03-01 20:00:00
2013	3	1	2045	2100	-15	2218	2215	3	US	2191	N751UW	LGA	DCA	41	214	21	0	2013-03-01 21:00:00
2013	3	1	2046	2045	1	2206	2220	-14	EV	5343	N197PQ	LGA	CHO	48	305	20	45	2013-03-01 20:00:00
2013	3	1	2047	2000	47	2359	2300	59	B6	21	N659JB	JFK	TPA	168	1005	20	0	2013-03-01 20:00:00
2013	3	1	2047	2055	-8	2235	2250	-15	MQ	4573	N713MQ	LGA	DTW	82	502	20	55	2013-03-01 20:00:00
2013	3	1	2047	2100	-13	2226	2235	-9	MQ	4507	N723MQ	LGA	RDU	69	431	21	0	2013-03-01 21:00:00
2013	3	1	2048	2020	28	2347	2327	20	B6	801	N547JB	JFK	FLL	159	1069	20	20	2013-03-01 20:00:00
2013	3	1	2051	2100	-9	2249	2250	-1	MQ	4584	N9EAMQ	LGA	CLT	80	544	21	0	2013-03-01 21:00:00
2013	3	1	2052	2100	-8	2158	2207	-9	US	2144	N951UW	LGA	BOS	37	184	21	0	2013-03-01 21:00:00
2013	3	1	2055	2040	15	2326	2343	-17	B6	629	N353JB	JFK	HOU	197	1428	20	40	2013-03-01 20:00:00
2013	3	1	2055	2000	55	3	2328	35	UA	1645	N13718	EWR	SAT	225	1569	20	0	2013-03-01 20:00:00
2013	3	1	2056	2100	-4	2214	2235	-21	WN	519	N757LV	LGA	MDW	109	725	21	0	2013-03-01 21:00:00
2013	3	1	2058	1729	209	15	2050	205	UA	784	N818UA	EWR	PDX	331	2434	17	29	2013-03-01 17:00:00
2013	3	1	2059	2058	1	24	2359	25	UA	961	N569UA	EWR	FLL	168	1065	20	58	2013-03-01 20:00:00
2013	3	1	2104	2100	4	9	2346	23	B6	399	N637JB	LGA	MCO	161	950	21	0	2013-03-01 21:00:00
2013	3	1	2107	2104	3	2334	2359	-25	UA	852	N849UA	EWR	IAH	189	1400	21	4	2013-03-01 21:00:00
2013	3	1	2110	2039	31	11	2345	26	UA	1299	N37465	EWR	RSW	169	1068	20	39	2013-03-01 20:00:00
2013	3	1	2111	2100	11	2359	31	-32	DL	2363	N722TW	JFK	LAX	308	2475	21	0	2013-03-01 21:00:00
2013	3	1	2111	2040	31	2217	2148	29	B6	1020	N520JB	JFK	BOS	45	187	20	40	2013-03-01 20:00:00
2013	3	1	2113	2045	28	2224	2216	8	9E	3395	N922XJ	JFK	DCA	40	213	20	45	2013-03-01 20:00:00
2013	3	1	2114	2125	-11	2218	2240	-22	MQ	4449	N837MQ	JFK	DCA	45	213	21	25	2013-03-01 21:00:00
2013	3	1	2115	2006	69	21	2315	66	UA	1680	N78524	EWR	MIA	163	1085	20	6	2013-03-01 20:00:00
2013	3	1	2120	2129	-9	2222	2231	-9	EV	4350	N13914	EWR	DCA	40	199	21	29	2013-03-01 21:00:00
2013	3	1	2120	2059	21	2337	2320	17	B6	115	N294JB	JFK	MSY	168	1182	20	59	2013-03-01 20:00:00
2013	3	1	2120	2130	-10	46	21	25	B6	383	N589JB	LGA	FLL	173	1076	21	30	2013-03-01 21:00:00
2013	3	1	2121	2045	36	2332	2357	-25	B6	677	N804JB	JFK	LAX	292	2475	20	45	2013-03-01 20:00:00
2013	3	1	2121	2125	-4	2242	2250	-8	MQ	4660	N523MQ	LGA	BNA	104	764	21	25	2013-03-01 21:00:00
2013	3	1	2121	2033	48	157	124	33	UA	1071	N12221	EWR	BQN	195	1585	20	33	2013-03-01 20:00:00
2013	3	1	2123	2040	43	2224	2148	36	B6	1178	N281JB	EWR	BOS	42	200	20	40	2013-03-01 20:00:00
2013	3	1	2124	2120	4	16	13	3	UA	686	N477UA	EWR	MCO	156	937	21	20	2013-03-01 21:00:00
2013	3	1	2125	2015	70	2232	2130	62	AA	1762	N3CWAA	JFK	BOS	40	187	20	15	2013-03-01 20:00:00
2013	3	1	2137	2000	97	34	2258	96	UA	1205	N17229	EWR	PBI	156	1023	20	0	2013-03-01 20:00:00
2013	3	1	2138	2000	98	2307	2157	70	9E	3329	N937XJ	JFK	PIT	65	340	20	0	2013-03-01 20:00:00
2013	3	1	2143	2145	-2	2247	2254	-7	UA	1066	N33203	EWR	BOS	40	200	21	45	2013-03-01 21:00:00
2013	3	1	2145	2105	40	2307	2217	50	EV	4119	N16911	EWR	RIC	48	277	21	5	2013-03-01 21:00:00
2013	3	1	2147	2100	47	2348	2315	33	EV	3817	N14558	EWR	SDF	105	642	21	0	2013-03-01 21:00:00
2013	3	1	2147	2128	19	2349	14	-25	B6	199	N527JB	JFK	LAS	273	2248	21	28	2013-03-01 21:00:00
2013	3	1	2148	2036	72	2334	2258	36	EV	4132	N18114	EWR	OMA	149	1134	20	36	2013-03-01 20:00:00
2013	3	1	2148	2129	19	2337	2356	-19	B6	97	N638JB	JFK	DEN	211	1626	21	29	2013-03-01 21:00:00
2013	3	1	2148	2145	3	222	232	-10	B6	701	N197JB	JFK	SJU	194	1598	21	45	2013-03-01 21:00:00
2013	3	1	2149	2145	4	55	34	21	B6	35	N517JB	JFK	PBI	163	1028	21	45	2013-03-01 21:00:00
2013	3	1	2150	2154	-4	2239	2253	-14	EV	5670	N17146	EWR	BWI	33	169	21	54	2013-03-01 21:00:00
2013	3	1	2150	2155	-5	56	48	8	B6	515	N323JB	EWR	FLL	167	1065	21	55	2013-03-01 21:00:00
2013	3	1	2151	2135	16	2310	2300	10	B6	104	N190JB	JFK	BUF	57	301	21	35	2013-03-01 21:00:00
2013	3	1	2154	2159	-5	2301	2316	-15	DL	2282	N336NW	LGA	PWM	45	269	21	59	2013-03-01 21:00:00
2013	3	1	2155	1729	266	2341	1935	246	EV	4382	N11547	EWR	DTW	83	488	17	29	2013-03-01 17:00:00
2013	3	1	2157	1929	148	2329	2137	112	EV	4543	N16170	EWR	DSM	137	1017	19	29	2013-03-01 19:00:00
2013	3	1	2158	2125	33	2308	2238	30	EV	4353	N13908	EWR	ORF	51	284	21	25	2013-03-01 21:00:00
2013	3	1	2159	2100	59	2324	2246	38	EV	4672	N14953	EWR	STL	121	872	21	0	2013-03-01 21:00:00
2013	3	1	2202	2135	27	32	50	-18	AA	185	N319AA	JFK	LAX	306	2475	21	35	2013-03-01 21:00:00
2013	3	1	2204	1725	279	2301	1835	266	EV	4373	N13969	EWR	DCA	38	199	17	25	2013-03-01 17:00:00
2013	3	1	2206	2015	111	247	111	96	UA	1244	N73276	EWR	SJU	198	1608	20	15	2013-03-01 20:00:00
2013	3	1	2209	1905	184	23	2225	118	AA	21	N336AA	JFK	LAX	293	2475	19	5	2013-03-01 19:00:00
2013	3	1	2213	2129	44	2339	2245	54	EV	4206	N14168	EWR	BTV	45	266	21	29	2013-03-01 21:00:00
2013	3	1	2219	2045	94	2330	2225	65	AA	371	N403AA	LGA	ORD	113	733	20	45	2013-03-01 20:00:00
2013	3	1	2223	2150	33	123	42	41	B6	325	N570JB	JFK	TPA	165	1005	21	50	2013-03-01 21:00:00
2013	3	1	2229	2230	-1	307	312	-5	B6	713	N768JB	JFK	SJU	198	1598	22	30	2013-03-01 22:00:00
2013	3	1	2232	2005	147	24	2213	131	EV	4536	N17159	EWR	CVG	89	569	20	5	2013-03-01 20:00:00
2013	3	1	2234	2100	94	18	2257	81	EV	4368	N15973	EWR	DAY	83	533	21	0	2013-03-01 21:00:00
2013	3	1	2242	2245	-3	2350	2356	-6	B6	128	N292JB	JFK	BTV	49	266	22	45	2013-03-01 22:00:00
2013	3	1	2246	2250	-4	2400	5	-5	B6	30	N228JB	JFK	ROC	55	264	22	50	2013-03-01 22:00:00
2013	3	1	2247	2155	52	145	41	64	B6	43	N657JB	JFK	MCO	156	944	21	55	2013-03-01 21:00:00
2013	3	1	2249	2115	94	143	2358	105	B6	927	N584JB	EWR	MCO	157	937	21	15	2013-03-01 21:00:00
2013	3	1	2250	2253	-3	12	14	-2	B6	112	N655JB	JFK	BUF	59	301	22	53	2013-03-01 22:00:00
2013	3	1	2250	2251	-1	2353	2357	-4	B6	22	N318JB	JFK	SYR	45	209	22	51	2013-03-01 22:00:00
2013	3	1	2253	2255	-2	6	2357	9	B6	1018	N324JB	JFK	BOS	49	187	22	55	2013-03-01 22:00:00
2013	3	1	2255	2000	175	28	2136	172	EV	5681	N12957	EWR	RDU	67	416	20	0	2013-03-01 20:00:00
2013	3	1	2309	1909	240	20	2022	238	EV	4086	N12563	EWR	PWM	47	284	19	9	2013-03-01 19:00:00
2013	3	1	2313	2110	123	2357	2209	108	EV	4404	N13550	EWR	PVD	30	160	21	10	2013-03-01 21:00:00
2013	3	1	2319	2038	161	109	2237	152	EV	4682	N12552	EWR	GSP	94	594	20	38	2013-03-01 20:00:00
2013	3	1	2333	2105	148	121	2259	142	EV	4700	N19554	EWR	CLT	86	529	21	5	2013-03-01 21:00:00
2013	3	1	2354	2359	-5	435	438	-3	B6	727	N796JB	JFK	BQN	198	1576	23	59	2013-03-01 23:00:00
2013	3	1	2357	2355	2	451	440	11	B6	739	N585JB	JFK	PSE	210	1617	23	55	2013-03-01 23:00:00
2013	3	1	NA	2145	NA	NA	2246	NA	EV	4276	N11551	EWR	BDL	NA	116	21	45	2013-03-01 21:00:00
2013	3	1	NA	929	NA	NA	1044	NA	EV	4636	N16559	EWR	DCA	NA	199	9	29	2013-03-01 09:00:00
2013	3	1	NA	900	NA	NA	1120	NA	EV	4689	N14117	EWR	MCI	NA	1092	9	0	2013-03-01 09:00:00
2013	3	1	NA	1329	NA	NA	1542	NA	EV	3837	N16559	EWR	IND	NA	645	13	29	2013-03-01 13:00:00
2013	3	1	NA	1933	NA	NA	2141	NA	EV	3818	N14174	EWR	TYS	NA	631	19	33	2013-03-01 19:00:00
2013	3	1	NA	1232	NA	NA	1429	NA	EV	4135	N21144	EWR	CLT	NA	529	12	32	2013-03-01 12:00:00
2013	3	1	NA	1200	NA	NA	1314	NA	EV	4229	N15973	EWR	BUF	NA	282	12	0	2013-03-01 12:00:00
2013	3	1	NA	2046	NA	NA	2214	NA	EV	4571	N11547	EWR	MKE	NA	725	20	46	2013-03-01 20:00:00
2013	3	1	NA	1830	NA	NA	2044	NA	EV	5203	N724EV	EWR	DTW	NA	488	18	30	2013-03-01 18:00:00
2013	3	1	NA	1520	NA	NA	1654	NA	9E	4105	NA	JFK	IAD	NA	228	15	20	2013-03-01 15:00:00
2013	3	1	NA	1725	NA	NA	2040	NA	AA	145	N369AA	JFK	SAN	NA	2446	17	25	2013-03-01 17:00:00
2013	3	1	NA	1235	NA	NA	1410	NA	WN	316	N765SW	LGA	MKE	NA	738	12	35	2013-03-01 12:00:00
2013	3	1	NA	1635	NA	NA	1810	NA	MQ	3695	N542MQ	EWR	ORD	NA	719	16	35	2013-03-01 16:00:00
2013	3	1	NA	2100	NA	NA	2220	NA	MQ	3744	N534MQ	EWR	ORD	NA	719	21	0	2013-03-01 21:00:00
2013	5	1	9	1655	434	308	2020	408	VX	413	N628VA	JFK	LAX	341	2475	16	55	2013-05-01 16:00:00
2013	5	1	451	500	-9	641	640	1	US	1219	N196UW	EWR	CLT	94	529	5	0	2013-05-01 05:00:00
2013	5	1	537	540	-3	836	840	-4	AA	701	N5BYAA	JFK	MIA	144	1089	5	40	2013-05-01 05:00:00
2013	5	1	544	545	-1	818	827	-9	UA	450	N494UA	LGA	IAH	190	1416	5	45	2013-05-01 05:00:00
2013	5	1	548	600	-12	831	854	-23	B6	371	N523JB	LGA	FLL	140	1076	6	0	2013-05-01 06:00:00
2013	5	1	549	600	-11	804	810	-6	MQ	4650	N520MQ	LGA	ATL	113	762	6	0	2013-05-01 06:00:00
2013	5	1	553	600	-7	700	712	-12	EV	5747	N877AS	LGA	IAD	48	229	6	0	2013-05-01 06:00:00
2013	5	1	553	600	-7	655	701	-6	US	2114	N702UW	LGA	BOS	35	184	6	0	2013-05-01 06:00:00
2013	5	1	554	600	-6	731	756	-25	DL	731	N327NB	LGA	DTW	74	502	6	0	2013-05-01 06:00:00
2013	5	1	554	600	-6	707	725	-18	UA	635	N439UA	LGA	ORD	112	733	6	0	2013-05-01 06:00:00
2013	5	1	554	600	-6	649	659	-10	US	2161	N763US	LGA	DCA	41	214	6	0	2013-05-01 06:00:00
2013	5	1	555	600	-5	702	711	-9	EV	5716	N828AS	JFK	IAD	44	228	6	0	2013-05-01 06:00:00
2013	5	1	555	600	-5	819	827	-8	DL	461	N644DL	LGA	ATL	112	762	6	0	2013-05-01 06:00:00
2013	5	1	556	600	-4	818	835	-17	B6	517	N559JB	EWR	MCO	123	937	6	0	2013-05-01 06:00:00
2013	5	1	556	600	-4	655	720	-25	MQ	3768	N543MQ	EWR	ORD	103	719	6	0	2013-05-01 06:00:00
2013	5	1	556	605	-9	741	800	-19	MQ	4401	N723MQ	LGA	DTW	76	502	6	5	2013-05-01 06:00:00
2013	5	1	557	600	-3	934	942	-8	B6	715	N537JB	JFK	SJU	192	1598	6	0	2013-05-01 06:00:00
2013	5	1	557	600	-3	657	715	-18	WN	433	N479WN	EWR	MDW	96	711	6	0	2013-05-01 06:00:00
2013	5	1	557	605	-8	731	735	-4	MQ	4518	N721MQ	LGA	RDU	65	431	6	5	2013-05-01 06:00:00
2013	5	1	557	600	-3	704	727	-23	UA	1622	N24211	EWR	ORD	104	719	6	0	2013-05-01 06:00:00
2013	5	1	558	600	-2	855	929	-34	UA	206	N830UA	EWR	SFO	337	2565	6	0	2013-05-01 06:00:00
2013	5	1	559	600	-1	725	745	-20	WN	3938	N8313F	LGA	STL	123	888	6	0	2013-05-01 06:00:00
2013	5	1	559	600	-1	817	815	2	FL	345	N174AT	LGA	ATL	113	762	6	0	2013-05-01 06:00:00
2013	5	1	559	600	-1	842	914	-32	UA	1209	N36469	EWR	LAX	314	2454	6	0	2013-05-01 06:00:00
2013	5	1	600	600	0	844	850	-6	AA	707	N3BXAA	LGA	DFW	185	1389	6	0	2013-05-01 06:00:00
2013	5	1	601	604	-3	819	853	-34	UA	1506	N75426	EWR	LAS	293	2227	6	4	2013-05-01 06:00:00
2013	5	1	602	605	-3	855	910	-15	AA	1837	N3HGAA	LGA	MIA	141	1096	6	5	2013-05-01 06:00:00
2013	5	1	602	602	0	657	710	-13	B6	1170	N309JB	EWR	BOS	36	200	6	2	2013-05-01 06:00:00
2013	5	1	603	610	-7	844	906	-22	B6	315	N663JB	JFK	FLL	138	1069	6	10	2013-05-01 06:00:00
2013	5	1	603	610	-7	754	809	-15	DL	1919	N970DL	LGA	MSP	141	1020	6	10	2013-05-01 06:00:00
2013	5	1	603	559	4	805	828	-23	UA	1469	N17244	EWR	DEN	215	1605	5	59	2013-05-01 05:00:00
2013	5	1	604	610	-6	721	745	-24	AA	301	N479AA	LGA	ORD	106	733	6	10	2013-05-01 06:00:00
2013	5	1	605	600	5	853	916	-23	UA	1169	N17139	JFK	LAX	321	2475	6	0	2013-05-01 06:00:00
2013	5	1	605	613	-8	907	935	-28	UA	303	N510UA	JFK	SFO	340	2586	6	13	2013-05-01 06:00:00
2013	5	1	605	615	-10	817	810	7	US	1657	N751UW	JFK	CLT	88	541	6	15	2013-05-01 06:00:00
2013	5	1	606	610	-4	713	723	-10	EV	4196	N16954	EWR	IAD	45	212	6	10	2013-05-01 06:00:00
2013	5	1	607	615	-8	855	915	-20	AA	1895	N3JYAA	EWR	MIA	148	1085	6	15	2013-05-01 06:00:00
2013	5	1	608	615	-7	743	818	-35	EV	4901	N716EV	EWR	MSP	131	1008	6	15	2013-05-01 06:00:00
2013	5	1	608	600	8	744	755	-11	EV	5592	N612QX	LGA	MEM	128	963	6	0	2013-05-01 06:00:00
2013	5	1	608	611	-3	846	903	-17	UA	1115	N77520	EWR	TPA	138	997	6	11	2013-05-01 06:00:00
2013	5	1	614	601	13	720	720	0	EV	4252	N17169	EWR	MKE	98	725	6	1	2013-05-01 06:00:00
2013	5	1	620	624	-4	801	827	-26	EV	4557	N16987	EWR	CLT	84	529	6	24	2013-05-01 06:00:00
2013	5	1	620	625	-5	852	925	-33	WN	1794	N912WN	EWR	HOU	194	1411	6	25	2013-05-01 06:00:00
2013	5	1	620	624	-4	719	746	-27	UA	1686	N14704	EWR	BOS	36	200	6	24	2013-05-01 06:00:00
2013	5	1	620	624	-4	741	801	-20	UA	1153	N73291	EWR	CLE	60	404	6	24	2013-05-01 06:00:00
2013	5	1	621	627	-6	834	900	-26	B6	203	N794JB	JFK	LAS	290	2248	6	27	2013-05-01 06:00:00
2013	5	1	621	630	-9	814	830	-16	MQ	4576	N506MQ	LGA	CLT	90	544	6	30	2013-05-01 06:00:00
2013	5	1	621	630	-9	816	913	-57	US	195	N519UW	JFK	PHX	272	2153	6	30	2013-05-01 06:00:00
2013	5	1	622	630	-8	848	844	4	DL	575	N359NB	EWR	ATL	114	746	6	30	2013-05-01 06:00:00
2013	5	1	623	629	-6	831	825	6	US	1507	N564UW	EWR	CLT	83	529	6	29	2013-05-01 06:00:00
2013	5	1	623	630	-7	803	820	-17	MQ	4599	N531MQ	LGA	MSP	141	1020	6	30	2013-05-01 06:00:00
2013	5	1	624	630	-6	736	747	-11	B6	2	N353JB	JFK	BUF	53	301	6	30	2013-05-01 06:00:00
2013	5	1	624	630	-6	854	906	-12	B6	389	N612JB	LGA	MCO	124	950	6	30	2013-05-01 06:00:00
2013	5	1	625	630	-5	734	805	-31	AA	303	N4XVAA	LGA	ORD	106	733	6	30	2013-05-01 06:00:00
2013	5	1	625	630	-5	824	832	-8	US	1433	N555AY	LGA	CLT	88	544	6	30	2013-05-01 06:00:00
2013	5	1	627	630	-3	900	916	-16	B6	27	N566JB	JFK	TPA	135	1005	6	30	2013-05-01 06:00:00
2013	5	1	628	630	-2	803	811	-8	EV	4334	N17560	EWR	CMH	69	463	6	30	2013-05-01 06:00:00
2013	5	1	630	630	0	931	918	13	UA	842	N482UA	LGA	IAH	197	1416	6	30	2013-05-01 06:00:00
2013	5	1	631	635	-4	819	844	-25	EV	4393	N27200	EWR	IND	86	645	6	35	2013-05-01 06:00:00
2013	5	1	631	635	-4	839	909	-30	UA	589	N421UA	EWR	PHX	278	2133	6	35	2013-05-01 06:00:00
2013	5	1	632	625	7	745	745	0	WN	3493	N8602F	LGA	MDW	106	725	6	25	2013-05-01 06:00:00
2013	5	1	632	636	-4	903	942	-39	UA	1627	N76528	EWR	PBI	131	1023	6	36	2013-05-01 06:00:00
2013	5	1	634	635	-1	900	905	-5	DL	1743	N916DE	JFK	ATL	115	760	6	35	2013-05-01 06:00:00
2013	5	1	635	640	-5	1019	1040	-21	AA	413	N3AXAA	JFK	SJU	194	1598	6	40	2013-05-01 06:00:00
2013	5	1	636	640	-4	750	806	-16	EV	4422	N14568	EWR	PIT	53	319	6	40	2013-05-01 06:00:00
2013	5	1	637	640	-3	743	756	-13	EV	4533	N13538	EWR	BUF	44	282	6	40	2013-05-01 06:00:00
2013	5	1	637	643	-6	824	849	-25	EV	4150	N12924	EWR	CVG	84	569	6	43	2013-05-01 06:00:00
2013	5	1	639	630	9	830	803	27	EV	3821	N13550	EWR	RDU	72	416	6	30	2013-05-01 06:00:00
2013	5	1	639	645	-6	838	853	-15	B6	117	N516JB	JFK	MSY	155	1182	6	45	2013-05-01 06:00:00
2013	5	1	639	645	-6	843	841	2	US	1621	N539UW	EWR	CLT	84	529	6	45	2013-05-01 06:00:00
2013	5	1	640	645	-5	933	946	-13	B6	135	N558JB	JFK	RSW	155	1074	6	45	2013-05-01 06:00:00
2013	5	1	642	644	-2	748	813	-25	UA	1659	N38268	EWR	ORD	104	719	6	44	2013-05-01 06:00:00
2013	5	1	643	650	-7	925	945	-20	AA	711	N3CCAA	LGA	DFW	193	1389	6	50	2013-05-01 06:00:00
2013	5	1	645	647	-2	746	759	-13	EV	4241	N48901	EWR	DCA	43	199	6	47	2013-05-01 06:00:00
2013	5	1	645	630	15	755	800	-5	B6	905	N193JB	JFK	ORD	107	740	6	30	2013-05-01 06:00:00
2013	5	1	647	649	-2	752	754	-2	B6	1010	N231JB	JFK	BOS	35	187	6	49	2013-05-01 06:00:00
2013	5	1	647	655	-8	845	920	-35	UA	437	N551UA	LGA	DEN	213	1620	6	55	2013-05-01 06:00:00
2013	5	1	649	653	-4	833	859	-26	EV	4535	N17146	EWR	MSP	140	1008	6	53	2013-05-01 06:00:00
2013	5	1	650	700	-10	838	920	-42	MQ	4534	N711MQ	LGA	XNA	153	1147	7	0	2013-05-01 07:00:00
2013	5	1	650	653	-3	939	1003	-24	UA	1405	N27722	EWR	SEA	331	2402	6	53	2013-05-01 06:00:00
2013	5	1	652	640	12	842	851	-9	EV	4122	N23139	EWR	SDF	95	642	6	40	2013-05-01 06:00:00
2013	5	1	652	655	-3	754	820	-26	WN	404	N714CB	LGA	MKE	106	738	6	55	2013-05-01 06:00:00
2013	5	1	653	700	-7	938	945	-7	AA	1949	N3CBAA	JFK	LAS	302	2248	7	0	2013-05-01 07:00:00
2013	5	1	653	700	-7	923	950	-27	AA	2083	N544AA	EWR	DFW	183	1372	7	0	2013-05-01 07:00:00
2013	5	1	654	700	-6	934	1019	-45	B6	671	N807JB	JFK	LAX	309	2475	7	0	2013-05-01 07:00:00
2013	5	1	654	700	-6	931	950	-19	DL	2285	N370NW	LGA	MCO	123	950	7	0	2013-05-01 07:00:00
2013	5	1	655	700	-5	957	1010	-13	AA	2279	N3BLAA	LGA	MIA	148	1096	7	0	2013-05-01 07:00:00
2013	5	1	655	655	0	934	935	-1	AA	1815	N5CNAA	JFK	MCO	126	944	6	55	2013-05-01 06:00:00
2013	5	1	655	700	-5	944	1007	-23	DL	2003	N904DL	LGA	MIA	144	1096	7	0	2013-05-01 07:00:00
2013	5	1	655	645	10	903	914	-11	UA	1409	N17245	EWR	DEN	221	1605	6	45	2013-05-01 06:00:00
2013	5	1	655	700	-5	801	805	-4	US	2116	N946UW	LGA	BOS	34	184	7	0	2013-05-01 07:00:00
2013	5	1	655	700	-5	811	808	3	US	2163	N750UW	LGA	DCA	36	214	7	0	2013-05-01 07:00:00
2013	5	1	656	659	-3	956	951	5	B6	49	N580JB	JFK	PBI	134	1028	6	59	2013-05-01 06:00:00
2013	5	1	656	705	-9	1005	1011	-6	DL	1879	N362NW	LGA	FLL	151	1076	7	5	2013-05-01 07:00:00
2013	5	1	657	705	-8	927	932	-5	B6	611	N508JB	JFK	JAX	111	828	7	5	2013-05-01 07:00:00
2013	5	1	657	700	-3	957	1015	-18	VX	399	N630VA	JFK	LAX	313	2475	7	0	2013-05-01 07:00:00
2013	5	1	657	653	4	958	1002	-4	UA	1516	N57862	EWR	LAX	312	2454	6	53	2013-05-01 06:00:00
2013	5	1	658	705	-7	924	929	-5	EV	4137	N14173	EWR	ATL	109	746	7	5	2013-05-01 07:00:00
2013	5	1	658	700	-2	1016	1016	0	DL	1415	N389DA	JFK	SLC	274	1990	7	0	2013-05-01 07:00:00
2013	5	1	658	700	-2	925	928	-3	DL	1547	N985DL	LGA	ATL	113	762	7	0	2013-05-01 07:00:00
2013	5	1	700	700	0	1008	1034	-26	DL	1865	N624AG	JFK	SFO	334	2586	7	0	2013-05-01 07:00:00
2013	5	1	707	717	-10	851	912	-21	EV	4704	N14960	EWR	GSP	83	594	7	17	2013-05-01 07:00:00
2013	5	1	708	710	-2	812	840	-28	WN	1171	N735SA	EWR	BNA	104	748	7	10	2013-05-01 07:00:00
2013	5	1	708	710	-2	931	1029	-58	UA	571	N461UA	EWR	SNA	304	2434	7	10	2013-05-01 07:00:00
2013	5	1	715	722	-7	1002	1010	-8	UA	1025	N14731	LGA	IAH	202	1416	7	22	2013-05-01 07:00:00
2013	5	1	718	729	-11	1002	1020	-18	B6	361	N655JB	LGA	PBI	135	1035	7	29	2013-05-01 07:00:00
2013	5	1	718	720	-2	918	935	-17	WN	35	N295WN	EWR	DEN	221	1605	7	20	2013-05-01 07:00:00
2013	5	1	720	727	-7	907	925	-18	EV	4246	N12922	EWR	DTW	77	488	7	27	2013-05-01 07:00:00
2013	5	1	720	726	-6	1023	1057	-34	UA	1668	N37287	EWR	SFO	338	2565	7	26	2013-05-01 07:00:00
2013	5	1	721	725	-4	838	905	-27	AA	305	N557AA	LGA	ORD	107	733	7	25	2013-05-01 07:00:00
2013	5	1	721	725	-4	948	1015	-27	AS	21	N413AS	EWR	SEA	312	2402	7	25	2013-05-01 07:00:00
2013	5	1	721	700	21	1007	1011	-4	DL	763	N722TW	JFK	LAX	308	2475	7	0	2013-05-01 07:00:00
2013	5	1	722	725	-3	1008	1040	-32	AA	443	N327AA	JFK	MIA	140	1089	7	25	2013-05-01 07:00:00
2013	5	1	722	725	-3	953	1010	-17	UA	1592	N79521	EWR	MCO	132	937	7	25	2013-05-01 07:00:00
2013	5	1	723	730	-7	1012	1105	-53	VX	183	N843VA	EWR	SFO	338	2565	7	30	2013-05-01 07:00:00
2013	5	1	724	731	-7	1006	1015	-9	UA	364	N584UA	EWR	IAH	195	1400	7	31	2013-05-01 07:00:00
2013	5	1	725	730	-5	1100	1128	-28	B6	215	N589JB	EWR	SJU	194	1608	7	30	2013-05-01 07:00:00
2013	5	1	726	736	-10	838	854	-16	EV	4218	N27962	EWR	BNA	103	748	7	36	2013-05-01 07:00:00
2013	5	1	728	730	-2	1011	1050	-39	AA	33	N323AA	JFK	LAX	310	2475	7	30	2013-05-01 07:00:00
2013	5	1	729	700	29	835	830	5	UA	1430	N78501	LGA	ORD	101	733	7	0	2013-05-01 07:00:00
2013	5	1	732	739	-7	821	841	-20	EV	3822	N15555	EWR	BDL	23	116	7	39	2013-05-01 07:00:00
2013	5	1	732	735	-3	941	1005	-24	WN	2870	N907WN	LGA	DEN	224	1620	7	35	2013-05-01 07:00:00
2013	5	1	735	735	0	1046	1110	-24	VX	11	N839VA	JFK	SFO	340	2586	7	35	2013-05-01 07:00:00
2013	5	1	738	740	-2	1010	1040	-30	AA	715	N468AA	LGA	DFW	192	1389	7	40	2013-05-01 07:00:00
2013	5	1	739	745	-6	1015	1046	-31	DL	183	N3754A	JFK	SEA	311	2422	7	45	2013-05-01 07:00:00
2013	5	1	739	740	-1	851	900	-9	WN	3052	N499WN	EWR	MDW	101	711	7	40	2013-05-01 07:00:00
2013	5	1	740	746	-6	1037	1109	-32	UA	1735	N38727	EWR	LAX	315	2454	7	46	2013-05-01 07:00:00
2013	5	1	741	745	-4	856	928	-32	EV	4099	N13949	EWR	STL	117	872	7	45	2013-05-01 07:00:00
2013	5	1	742	745	-3	935	956	-21	EV	4237	N13132	EWR	CHS	93	628	7	45	2013-05-01 07:00:00
2013	5	1	743	750	-7	1017	1035	-18	B6	983	N565JB	LGA	TPA	138	1010	7	50	2013-05-01 07:00:00
2013	5	1	743	745	-2	1014	1004	10	DL	807	N999DN	EWR	ATL	107	746	7	45	2013-05-01 07:00:00
2013	5	1	744	746	-2	906	927	-21	EV	4125	N11535	EWR	GSO	67	445	7	46	2013-05-01 07:00:00
2013	5	1	744	744	0	1026	1046	-20	UA	1547	N36207	EWR	FLL	142	1065	7	44	2013-05-01 07:00:00
2013	5	1	746	755	-9	945	1004	-19	9E	3879	N8587E	EWR	CVG	81	569	7	55	2013-05-01 07:00:00
2013	5	1	747	800	-13	1048	1106	-18	B6	553	N643JB	EWR	RSW	150	1068	8	0	2013-05-01 08:00:00
2013	5	1	748	755	-7	857	920	-23	MQ	3737	N515MQ	EWR	ORD	101	719	7	55	2013-05-01 07:00:00
2013	5	1	749	750	-1	1127	1155	-28	AA	655	N5FKAA	JFK	STT	199	1623	7	50	2013-05-01 07:00:00
2013	5	1	749	750	-1	1128	1148	-20	UA	1216	N76526	EWR	SJU	199	1608	7	50	2013-05-01 07:00:00
2013	5	1	749	755	-6	929	949	-20	US	1733	N188US	LGA	CLT	78	544	7	55	2013-05-01 07:00:00
2013	5	1	750	755	-5	928	1005	-37	9E	3353	N906XJ	JFK	DTW	79	509	7	55	2013-05-01 07:00:00
2013	5	1	750	756	-6	1046	1037	9	B6	281	N586JB	JFK	MCO	126	944	7	56	2013-05-01 07:00:00
2013	5	1	750	755	-5	1027	1045	-18	B6	341	N706JB	JFK	SRQ	144	1041	7	55	2013-05-01 07:00:00
2013	5	1	751	756	-5	923	931	-8	B6	1103	N178JB	JFK	RDU	69	427	7	56	2013-05-01 07:00:00
2013	5	1	752	800	-8	941	1013	-32	EV	4462	N14116	EWR	OMA	151	1134	8	0	2013-05-01 08:00:00
2013	5	1	752	755	-3	913	910	3	MQ	4418	N852MQ	JFK	DCA	44	213	7	55	2013-05-01 07:00:00
2013	5	1	753	800	-7	1042	1135	-53	AA	59	N328AA	JFK	SFO	331	2586	8	0	2013-05-01 08:00:00
2013	5	1	754	801	-7	900	917	-17	EV	3843	N15912	EWR	BTV	47	266	8	1	2013-05-01 08:00:00
2013	5	1	754	800	-6	849	908	-19	US	2118	N950UW	LGA	BOS	36	184	8	0	2013-05-01 08:00:00
2013	5	1	755	800	-5	921	945	-24	9E	3611	N8969A	JFK	PIT	60	340	8	0	2013-05-01 08:00:00
2013	5	1	755	800	-5	929	1001	-32	DL	2245	N315NB	EWR	MSP	133	1008	8	0	2013-05-01 08:00:00
2013	5	1	756	800	-4	953	1017	-24	DL	715	N360NB	LGA	MSY	155	1183	8	0	2013-05-01 08:00:00
2013	5	1	756	759	-3	1019	1028	-9	DL	2047	N676DL	LGA	ATL	111	762	7	59	2013-05-01 07:00:00
2013	5	1	756	800	-4	901	914	-13	US	2165	N768US	LGA	DCA	43	214	8	0	2013-05-01 08:00:00
2013	5	1	757	804	-7	1013	1019	-6	EV	4712	N11121	EWR	MSY	160	1167	8	4	2013-05-01 08:00:00
2013	5	1	757	759	-2	1040	1104	-24	B6	25	N760JB	JFK	FLL	137	1069	7	59	2013-05-01 07:00:00
2013	5	1	757	800	-3	1052	1127	-35	UA	397	N512UA	JFK	SFO	335	2586	8	0	2013-05-01 08:00:00
2013	5	1	758	806	-8	946	1003	-17	EV	4691	N17138	EWR	DAY	81	533	8	6	2013-05-01 08:00:00
2013	5	1	758	800	-2	948	958	-10	B6	1273	N328JB	JFK	CHS	90	636	8	0	2013-05-01 08:00:00
2013	5	1	759	759	0	1047	1109	-22	AA	2267	N3GXAA	LGA	MIA	145	1096	7	59	2013-05-01 07:00:00
2013	5	1	800	810	-10	907	936	-29	B6	1204	N298JB	JFK	BUF	50	301	8	10	2013-05-01 08:00:00
2013	5	1	802	807	-5	1027	1100	-33	UA	465	N464UA	EWR	DFW	180	1372	8	7	2013-05-01 08:00:00
2013	5	1	803	804	-1	943	954	-11	EV	4548	N16541	EWR	RDU	67	416	8	4	2013-05-01 08:00:00
2013	5	1	803	805	-2	1052	1102	-10	DL	1109	N914DL	LGA	TPA	140	1010	8	5	2013-05-01 08:00:00
2013	5	1	803	758	5	912	931	-19	UA	1135	N76514	EWR	ORD	102	719	7	58	2013-05-01 07:00:00
2013	5	1	804	800	4	1025	1050	-25	B6	625	N355JB	JFK	HOU	184	1428	8	0	2013-05-01 08:00:00
2013	5	1	804	715	49	941	912	29	DL	831	N328NW	LGA	DTW	74	502	7	15	2013-05-01 07:00:00
2013	5	1	805	810	-5	951	1027	-36	9E	3538	N927XJ	JFK	MSP	142	1029	8	10	2013-05-01 08:00:00
2013	5	1	805	805	0	1103	1103	0	DL	2395	N355NW	LGA	PBI	147	1035	8	5	2013-05-01 08:00:00
2013	5	1	806	810	-4	1138	1201	-23	B6	717	N651JB	JFK	SJU	190	1598	8	10	2013-05-01 08:00:00
2013	5	1	806	810	-4	1024	1049	-25	DL	1429	N614DL	JFK	LAS	294	2248	8	10	2013-05-01 08:00:00
2013	5	1	807	815	-8	923	941	-18	EV	3848	N13913	EWR	ORF	56	284	8	15	2013-05-01 08:00:00
2013	5	1	807	805	2	1048	1117	-29	DL	1271	N310NW	JFK	FLL	140	1069	8	5	2013-05-01 08:00:00
2013	5	1	807	815	-8	1023	1038	-15	FL	346	N951AT	LGA	ATL	111	762	8	15	2013-05-01 08:00:00
2013	5	1	809	811	-2	918	921	-3	EV	4696	N12996	EWR	MHT	39	209	8	11	2013-05-01 08:00:00
2013	5	1	811	815	-4	1059	1122	-23	DL	269	N991DL	JFK	MIA	144	1089	8	15	2013-05-01 08:00:00
2013	5	1	812	815	-3	1032	1047	-15	DL	914	N335NW	LGA	DEN	224	1620	8	15	2013-05-01 08:00:00
2013	5	1	812	815	-3	1014	1010	4	US	675	N642AW	EWR	CLT	83	529	8	15	2013-05-01 08:00:00
2013	5	1	814	815	-1	1008	1018	-10	DL	2119	N324US	LGA	MSP	147	1020	8	15	2013-05-01 08:00:00
2013	5	1	815	820	-5	916	930	-14	AA	1838	N3AAAA	JFK	BOS	34	187	8	20	2013-05-01 08:00:00
2013	5	1	815	825	-10	1040	1023	17	B6	219	N317JB	JFK	CLT	93	541	8	25	2013-05-01 08:00:00
2013	5	1	816	822	-6	928	940	-12	UA	428	N827UA	EWR	BOS	37	200	8	22	2013-05-01 08:00:00
2013	5	1	816	820	-4	1135	1150	-15	UA	557	N534UA	EWR	SFO	349	2565	8	20	2013-05-01 08:00:00
2013	5	1	818	820	-2	1101	1116	-15	DL	1167	N302DQ	JFK	TPA	141	1005	8	20	2013-05-01 08:00:00
2013	5	1	818	820	-2	1054	1110	-16	DL	1959	N925DL	JFK	MCO	126	944	8	20	2013-05-01 08:00:00
2013	5	1	818	829	-11	1013	1034	-21	MQ	4478	N738MQ	LGA	DTW	80	502	8	29	2013-05-01 08:00:00
2013	5	1	818	820	-2	953	1000	-7	MQ	4521	N720MQ	LGA	RDU	74	431	8	20	2013-05-01 08:00:00
2013	5	1	818	820	-2	937	940	-3	MQ	4655	N525MQ	LGA	BNA	104	764	8	20	2013-05-01 08:00:00
2013	5	1	819	825	-6	1023	1049	-26	DL	2170	N717TW	JFK	PHX	275	2153	8	25	2013-05-01 08:00:00
2013	5	1	821	836	-15	920	947	-27	B6	1172	N296JB	EWR	BOS	37	200	8	36	2013-05-01 08:00:00
2013	5	1	821	825	-4	1024	1026	-2	US	487	N604AW	JFK	CLT	88	541	8	25	2013-05-01 08:00:00
2013	5	1	822	830	-8	929	1015	-46	9E	3521	N930XJ	JFK	ORD	104	740	8	30	2013-05-01 08:00:00
2013	5	1	822	830	-8	1058	1128	-30	DL	857	N374DA	JFK	SAN	313	2446	8	30	2013-05-01 08:00:00
2013	5	1	823	830	-7	952	1015	-23	AA	309	N589AA	LGA	ORD	107	733	8	30	2013-05-01 08:00:00
2013	5	1	823	835	-12	1016	1020	-4	MQ	4558	N717MQ	LGA	CLE	65	419	8	35	2013-05-01 08:00:00
2013	5	1	824	831	-7	939	1001	-22	EV	4409	N34111	EWR	RIC	47	277	8	31	2013-05-01 08:00:00
2013	5	1	825	830	-5	1014	1041	-27	EV	4138	N27190	EWR	CVG	83	569	8	30	2013-05-01 08:00:00
2013	5	1	825	830	-5	1041	1049	-8	DL	27	N305DQ	JFK	ATL	111	760	8	30	2013-05-01 08:00:00
2013	5	1	825	830	-5	1059	1117	-18	UA	1436	N76519	EWR	MCO	128	937	8	30	2013-05-01 08:00:00
2013	5	1	826	834	-8	1021	1100	-39	EV	4103	N21144	EWR	XNA	148	1131	8	34	2013-05-01 08:00:00
2013	5	1	826	833	-7	1123	1139	-16	B6	181	N821JB	JFK	SAN	308	2446	8	33	2013-05-01 08:00:00
2013	5	1	827	829	-2	1016	1024	-8	MQ	4607	N508MQ	LGA	CMH	69	479	8	29	2013-05-01 08:00:00
2013	5	1	828	840	-12	1034	1038	-4	EV	4297	N14153	EWR	DTW	87	488	8	40	2013-05-01 08:00:00
2013	5	1	828	835	-7	1102	1102	0	F9	835	N210FR	LGA	DEN	220	1620	8	35	2013-05-01 08:00:00
2013	5	1	829	835	-6	1113	1135	-22	AA	717	N3AEAA	LGA	DFW	186	1389	8	35	2013-05-01 08:00:00
2013	5	1	832	841	-9	1019	1039	-20	EV	4175	N11109	EWR	AVL	82	583	8	41	2013-05-01 08:00:00
2013	5	1	832	835	-3	1024	1037	-13	EV	4634	N12921	EWR	GRR	85	605	8	35	2013-05-01 08:00:00
2013	5	1	835	838	-3	1036	1045	-9	EV	4304	N16112	EWR	MCI	144	1092	8	38	2013-05-01 08:00:00
2013	5	1	839	839	0	1125	1149	-24	UA	400	N455UA	EWR	LAX	304	2454	8	39	2013-05-01 08:00:00
2013	5	1	840	845	-5	1049	1047	2	US	1429	N103US	LGA	CLT	89	544	8	45	2013-05-01 08:00:00
2013	5	1	841	800	41	1055	1029	26	UA	733	N855UA	LGA	DEN	214	1620	8	0	2013-05-01 08:00:00
2013	5	1	841	845	-4	1144	1156	-12	UA	1401	N73445	EWR	MIA	149	1085	8	45	2013-05-01 08:00:00
2013	5	1	843	834	9	1030	1018	12	EV	4529	N11565	EWR	MEM	130	946	8	34	2013-05-01 08:00:00
2013	5	1	843	847	-4	1123	1132	-9	UA	401	N594UA	LGA	IAH	181	1416	8	47	2013-05-01 08:00:00
2013	5	1	844	840	4	1128	1150	-22	UA	1291	N19136	JFK	LAX	312	2475	8	40	2013-05-01 08:00:00
2013	5	1	847	850	-3	1014	1025	-11	MQ	4406	N838MQ	JFK	RDU	65	427	8	50	2013-05-01 08:00:00
2013	5	1	848	850	-2	947	1014	-27	9E	3465	N936XJ	JFK	BOS	34	187	8	50	2013-05-01 08:00:00
2013	5	1	848	850	-2	1220	1248	-28	DL	301	N721TW	JFK	SJU	189	1598	8	50	2013-05-01 08:00:00
2013	5	1	849	850	-1	1228	1300	-32	AA	1357	N5FEAA	JFK	SJU	198	1598	8	50	2013-05-01 08:00:00
2013	5	1	851	900	-9	1146	1210	-24	UA	112	N37427	EWR	SEA	321	2402	9	0	2013-05-01 09:00:00
2013	5	1	852	900	-8	1015	1025	-10	US	2167	N769US	LGA	DCA	43	214	9	0	2013-05-01 09:00:00
2013	5	1	853	900	-7	1112	1121	-9	DL	485	N928DL	EWR	ATL	107	746	9	0	2013-05-01 09:00:00
2013	5	1	853	855	-2	1134	1120	14	MQ	4619	N3AEMQ	LGA	ATL	115	762	8	55	2013-05-01 08:00:00
2013	5	1	854	900	-6	1121	1120	1	EV	4940	N713EV	LGA	CHS	90	641	9	0	2013-05-01 09:00:00
2013	5	1	854	900	-6	1206	1219	-13	DL	923	N320NB	LGA	MIA	151	1096	9	0	2013-05-01 09:00:00
2013	5	1	854	855	-1	1041	1100	-19	DL	2179	N782NC	EWR	DTW	73	488	8	55	2013-05-01 08:00:00
2013	5	1	855	900	-5	1148	1210	-22	DL	120	N723TW	JFK	LAX	327	2475	9	0	2013-05-01 09:00:00
2013	5	1	855	900	-5	1014	1038	-24	UA	544	N841UA	LGA	ORD	101	733	9	0	2013-05-01 09:00:00
2013	5	1	855	900	-5	1019	1019	0	US	2120	N957UW	LGA	BOS	35	184	9	0	2013-05-01 09:00:00
2013	5	1	856	900	-4	1029	1042	-13	EV	5025	N615QX	LGA	BTV	44	258	9	0	2013-05-01 09:00:00
2013	5	1	856	900	-4	1140	1215	-35	AA	647	N5EUAA	JFK	MIA	140	1089	9	0	2013-05-01 09:00:00
2013	5	1	856	900	-4	1117	1116	1	DL	181	N945DL	LGA	DTW	76	502	9	0	2013-05-01 09:00:00
2013	5	1	856	900	-4	1159	1201	-2	DL	1885	N374NW	LGA	MCO	130	950	9	0	2013-05-01 09:00:00
2013	5	1	856	900	-4	1108	1126	-18	UA	1643	N19130	EWR	DEN	215	1605	9	0	2013-05-01 09:00:00
2013	5	1	857	859	-2	1144	1138	6	DL	1747	N673DL	LGA	ATL	105	762	8	59	2013-05-01 08:00:00
2013	5	1	858	900	-2	1127	1225	-58	AA	1	N320AA	JFK	LAX	306	2475	9	0	2013-05-01 09:00:00
2013	5	1	858	901	-3	1211	1234	-23	B6	641	N763JB	JFK	SFO	350	2586	9	1	2013-05-01 09:00:00
2013	5	1	858	900	-2	1021	1033	-12	UA	1267	N76523	EWR	ORD	101	719	9	0	2013-05-01 09:00:00
2013	5	1	859	906	-7	1153	1205	-12	UA	1594	N27213	EWR	IAH	194	1400	9	6	2013-05-01 09:00:00
2013	5	1	902	840	22	1003	1012	-9	9E	3300	N924XJ	JFK	DCA	37	213	8	40	2013-05-01 08:00:00
2013	5	1	902	909	-7	1141	1218	-37	UA	1626	N17229	EWR	SAN	305	2425	9	9	2013-05-01 09:00:00
2013	5	1	907	900	7	1136	1128	8	EV	4388	N14907	EWR	JAX	112	820	9	0	2013-05-01 09:00:00
2013	5	1	907	909	-2	1010	1022	-12	B6	600	N304JB	JFK	PWM	48	273	9	9	2013-05-01 09:00:00
2013	5	1	909	830	39	1038	1022	16	9E	3609	N8775A	JFK	RDU	71	427	8	30	2013-05-01 08:00:00
2013	5	1	912	915	-3	1155	1235	-40	VX	161	N637VA	EWR	LAX	309	2454	9	15	2013-05-01 09:00:00
2013	5	1	913	915	-2	1046	1105	-19	AA	313	N4XHAA	LGA	ORD	105	733	9	15	2013-05-01 09:00:00
2013	5	1	913	910	3	1120	1110	10	MQ	4582	N511MQ	LGA	CLT	82	544	9	10	2013-05-01 09:00:00
2013	5	1	914	923	-9	1105	1126	-21	EV	4229	N14174	EWR	CLT	82	529	9	23	2013-05-01 09:00:00
2013	5	1	915	920	-5	1201	1225	-24	AA	1739	N4YGAA	EWR	DFW	180	1372	9	20	2013-05-01 09:00:00
2013	5	1	915	918	-3	1158	1204	-6	B6	183	N506JB	JFK	MCO	129	944	9	18	2013-05-01 09:00:00
2013	5	1	916	915	1	1240	1234	6	DL	2379	N339NW	LGA	FLL	154	1076	9	15	2013-05-01 09:00:00
2013	5	1	916	924	-8	1226	1259	-33	UA	1281	N33286	EWR	SFO	336	2565	9	24	2013-05-01 09:00:00
2013	5	1	920	925	-5	1106	1110	-4	AA	1855	N474AA	LGA	STL	122	888	9	25	2013-05-01 09:00:00
2013	5	1	921	923	-2	1037	1046	-9	EV	4636	N15980	EWR	DCA	38	199	9	23	2013-05-01 09:00:00
2013	5	1	921	925	-4	1220	1235	-15	AA	1097	N542AA	LGA	DFW	186	1389	9	25	2013-05-01 09:00:00
2013	5	1	922	925	-3	1125	1134	-9	EV	4227	N17984	EWR	IND	88	645	9	25	2013-05-01 09:00:00
2013	5	1	922	925	-3	1204	1227	-23	B6	1061	N584JB	JFK	AUS	196	1521	9	25	2013-05-01 09:00:00
2013	5	1	923	930	-7	1210	1255	-45	AA	179	N335AA	JFK	SFO	329	2586	9	30	2013-05-01 09:00:00
2013	5	1	924	925	-1	1203	1240	-37	VX	407	N642VA	JFK	LAX	318	2475	9	25	2013-05-01 09:00:00
2013	5	1	926	930	-4	1222	1240	-18	WN	972	N262WN	EWR	AUS	198	1504	9	30	2013-05-01 09:00:00
2013	5	1	927	935	-8	1148	1208	-20	EV	4140	N11547	EWR	ATL	109	746	9	35	2013-05-01 09:00:00
2013	5	1	929	930	-1	1031	1042	-11	B6	42	N236JB	JFK	SYR	41	209	9	30	2013-05-01 09:00:00
2013	5	1	930	932	-2	1215	1236	-21	B6	77	N809JB	JFK	FLL	146	1069	9	32	2013-05-01 09:00:00
2013	5	1	931	935	-4	1049	1054	-5	B6	20	N306JB	JFK	ROC	51	264	9	35	2013-05-01 09:00:00
2013	5	1	935	940	-5	1101	1055	6	9E	3608	N8710A	JFK	PHL	33	94	9	40	2013-05-01 09:00:00
2013	5	1	936	945	-9	1224	1240	-16	B6	393	N536JB	LGA	MCO	127	950	9	45	2013-05-01 09:00:00
2013	5	1	936	935	1	1057	1055	2	WN	3676	N740SW	LGA	MDW	101	725	9	35	2013-05-01 09:00:00
2013	5	1	937	938	-1	1206	1204	2	9E	4065	N8932C	LGA	SDF	95	659	9	38	2013-05-01 09:00:00
2013	5	1	941	948	-7	1224	1259	-35	UA	1574	N36280	EWR	FLL	149	1065	9	48	2013-05-01 09:00:00
2013	5	1	943	945	-2	1228	1224	4	B6	197	N531JB	JFK	LAS	290	2248	9	45	2013-05-01 09:00:00
2013	5	1	945	929	16	1220	1241	-21	B6	679	N638JB	JFK	LAX	312	2475	9	29	2013-05-01 09:00:00
2013	5	1	948	956	-8	1104	1140	-36	EV	4711	N15574	EWR	STL	115	872	9	56	2013-05-01 09:00:00
2013	5	1	948	955	-7	1106	1140	-34	AA	319	N4YNAA	LGA	ORD	102	733	9	55	2013-05-01 09:00:00
2013	5	1	948	945	3	1108	1120	-12	WN	1720	N469WN	LGA	MKE	103	738	9	45	2013-05-01 09:00:00
2013	5	1	948	930	18	1214	1209	5	UA	595	N539UA	EWR	LAS	293	2227	9	30	2013-05-01 09:00:00
2013	5	1	949	955	-6	1250	1310	-20	AA	1871	N3HPAA	LGA	MIA	141	1096	9	55	2013-05-01 09:00:00
2013	5	1	949	950	-1	1210	1235	-25	VX	251	N836VA	JFK	LAS	295	2248	9	50	2013-05-01 09:00:00
2013	5	1	949	1000	-11	1209	1220	-11	MQ	4654	N521MQ	LGA	ATL	103	762	10	0	2013-05-01 10:00:00
2013	5	1	950	950	0	1150	1159	-9	EV	4298	N13123	EWR	SAV	103	708	9	50	2013-05-01 09:00:00
2013	5	1	950	955	-5	1213	1210	3	9E	4060	N840AY	LGA	DAY	83	549	9	55	2013-05-01 09:00:00
2013	5	1	951	900	51	1227	1204	23	B6	507	N624JB	EWR	FLL	145	1065	9	0	2013-05-01 09:00:00
2013	5	1	953	958	-5	1303	1309	-6	B6	375	N534JB	LGA	FLL	143	1076	9	58	2013-05-01 09:00:00
2013	5	1	953	1000	-7	1239	1231	8	DL	1847	N6705Y	LGA	ATL	107	762	10	0	2013-05-01 10:00:00
2013	5	1	953	955	-2	1115	1110	5	MQ	4670	N527MQ	LGA	BNA	100	764	9	55	2013-05-01 09:00:00
2013	5	1	953	1000	-7	1112	1137	-25	UA	1688	N78511	LGA	ORD	105	733	10	0	2013-05-01 10:00:00
2013	5	1	954	959	-5	1202	1200	2	US	1277	N702UW	LGA	CLT	84	544	9	59	2013-05-01 09:00:00
2013	5	1	954	1000	-6	1252	1319	-27	UA	642	N555UA	JFK	SFO	320	2586	10	0	2013-05-01 10:00:00
2013	5	1	954	1000	-6	1132	1112	20	US	2122	N967UW	LGA	BOS	36	184	10	0	2013-05-01 10:00:00
2013	5	1	955	1000	-5	1118	1115	3	US	2169	N763US	LGA	DCA	39	214	10	0	2013-05-01 10:00:00
2013	5	1	956	930	26	1104	1044	20	B6	56	N279JB	JFK	BTV	50	266	9	30	2013-05-01 09:00:00
2013	5	1	956	1003	-7	1144	1134	10	FL	353	N993AT	LGA	CAK	59	397	10	3	2013-05-01 10:00:00
2013	5	1	957	1000	-3	1300	1329	-29	DL	1765	N176DN	JFK	SFO	339	2586	10	0	2013-05-01 10:00:00
2013	5	1	1000	1000	0	1430	1500	-30	HA	51	N389HA	JFK	HNL	607	4983	10	0	2013-05-01 10:00:00
2013	5	1	1000	1005	-5	1233	1257	-24	UA	1414	N76503	EWR	TPA	138	997	10	5	2013-05-01 10:00:00
2013	5	1	1002	1003	-1	1115	1121	-6	EV	4107	N14902	EWR	BNA	102	748	10	3	2013-05-01 10:00:00
2013	5	1	1003	1010	-7	1253	1219	34	B6	577	N281JB	JFK	MSY	194	1182	10	10	2013-05-01 10:00:00
2013	5	1	1004	1004	0	1218	1215	3	DL	2319	N329NW	LGA	MSP	141	1020	10	4	2013-05-01 10:00:00
2013	5	1	1004	1010	-6	1056	1125	-29	MQ	3795	N0EGMQ	EWR	ORD	98	719	10	10	2013-05-01 10:00:00
2013	5	1	1008	1015	-7	1205	1230	-25	US	75	N675AW	EWR	PHX	272	2133	10	15	2013-05-01 10:00:00
2013	5	1	1009	1015	-6	1205	1212	-7	US	1427	N748UW	JFK	CLT	87	541	10	15	2013-05-01 10:00:00
2013	5	1	1009	1000	9	1108	1134	-26	UA	275	N498UA	EWR	ORD	103	719	10	0	2013-05-01 10:00:00
2013	5	1	1010	1020	-10	1142	1216	-34	9E	3341	N912XJ	EWR	DTW	76	488	10	20	2013-05-01 10:00:00
2013	5	1	1011	1005	6	1147	1131	16	EV	5736	N909EV	LGA	IAD	46	229	10	5	2013-05-01 10:00:00
2013	5	1	1011	1015	-4	1251	1310	-19	AA	731	N3CGAA	LGA	DFW	180	1389	10	15	2013-05-01 10:00:00
2013	5	1	1013	1015	-2	1216	1205	11	US	1435	N128UW	EWR	CLT	81	529	10	15	2013-05-01 10:00:00
2013	5	1	1013	1015	-2	1218	1241	-23	US	29	N551UW	JFK	PHX	274	2153	10	15	2013-05-01 10:00:00
2013	5	1	1015	1019	-4	1111	1128	-17	B6	1004	N353JB	JFK	BOS	35	187	10	19	2013-05-01 10:00:00
2013	5	1	1017	1014	3	1156	1151	5	EV	4342	N48901	EWR	RDU	70	416	10	14	2013-05-01 10:00:00
2013	5	1	1017	959	18	1124	1110	14	EV	5711	N830AS	JFK	IAD	41	228	9	59	2013-05-01 09:00:00
2013	5	1	1018	1021	-3	1240	1247	-7	DL	1529	N393DA	JFK	LAS	291	2248	10	21	2013-05-01 10:00:00
2013	5	1	1021	1004	17	1209	1200	9	EV	4255	N27152	EWR	CHS	93	628	10	4	2013-05-01 10:00:00
2013	5	1	1021	1030	-9	1201	1230	-29	EV	4398	N14204	EWR	DSM	132	1017	10	30	2013-05-01 10:00:00
2013	5	1	1021	1030	-9	1200	1210	-10	AA	321	N4WLAA	LGA	ORD	108	733	10	30	2013-05-01 10:00:00
2013	5	1	1022	1029	-7	1119	1145	-26	UA	809	N828UA	EWR	BOS	35	200	10	29	2013-05-01 10:00:00
2013	5	1	1023	1030	-7	1344	1344	0	UA	220	N556UA	EWR	SFO	337	2565	10	30	2013-05-01 10:00:00
2013	5	1	1025	1037	-12	1141	1153	-12	EV	3826	N15555	EWR	BUF	44	282	10	37	2013-05-01 10:00:00
2013	5	1	1026	1030	-4	1343	1325	18	UA	1078	N37293	LGA	IAH	203	1416	10	30	2013-05-01 10:00:00
2013	5	1	1027	1030	-3	1237	1243	-6	DL	2343	N307DQ	EWR	ATL	108	746	10	30	2013-05-01 10:00:00
2013	5	1	1027	1030	-3	1319	1336	-17	UA	1183	N16701	EWR	RSW	150	1068	10	30	2013-05-01 10:00:00
2013	5	1	1031	1030	1	1313	1340	-27	AA	19	N338AA	JFK	LAX	313	2475	10	30	2013-05-01 10:00:00
2013	5	1	1031	1000	31	1311	1246	25	B6	65	N505JB	JFK	TPA	141	1005	10	0	2013-05-01 10:00:00
2013	5	1	1038	1046	-8	1139	1205	-26	EV	4510	N17560	EWR	MKE	102	725	10	46	2013-05-01 10:00:00
2013	5	1	1042	1030	12	1329	1400	-31	VX	187	N635VA	EWR	SFO	330	2565	10	30	2013-05-01 10:00:00
2013	5	1	1043	1051	-8	1353	1405	-12	DL	1903	N968DL	LGA	SRQ	157	1047	10	51	2013-05-01 10:00:00
2013	5	1	1046	1045	1	1358	1420	-22	VX	23	N842VA	JFK	SFO	335	2586	10	45	2013-05-01 10:00:00
2013	5	1	1048	1055	-7	1202	1228	-26	UA	1284	N16703	EWR	ORD	102	719	10	55	2013-05-01 10:00:00
2013	5	1	1049	1050	-1	1158	1209	-11	B6	4	N203JB	JFK	BUF	52	301	10	50	2013-05-01 10:00:00
2013	5	1	1049	1046	3	1317	1327	-10	B6	41	N594JB	JFK	MCO	128	944	10	46	2013-05-01 10:00:00
2013	5	1	1050	1021	29	1153	1135	18	EV	4487	N36915	EWR	IAD	37	212	10	21	2013-05-01 10:00:00
2013	5	1	1053	1055	-2	1328	1403	-35	DL	1275	N3742C	JFK	SLC	258	1990	10	55	2013-05-01 10:00:00
2013	5	1	1053	1100	-7	1239	1245	-6	MQ	4471	N723MQ	LGA	RDU	66	431	11	0	2013-05-01 11:00:00
2013	5	1	1053	1100	-7	1154	1212	-18	US	2124	N947UW	LGA	BOS	35	184	11	0	2013-05-01 11:00:00
2013	5	1	1054	1052	2	1355	1406	-11	B6	1471	N607JB	LGA	FLL	134	1076	10	52	2013-05-01 10:00:00
2013	5	1	1054	1100	-6	1303	1307	-4	DL	1031	N338NW	LGA	DTW	76	502	11	0	2013-05-01 11:00:00
2013	5	1	1054	1100	-6	1201	1210	-9	MQ	3792	N530MQ	JFK	DCA	46	213	11	0	2013-05-01 11:00:00
2013	5	1	1055	1100	-5	1243	1303	-20	EV	5596	N744EV	LGA	MEM	136	963	11	0	2013-05-01 11:00:00
2013	5	1	1055	1101	-6	1305	1334	-29	B6	711	N519JB	JFK	LAS	289	2248	11	1	2013-05-01 11:00:00
2013	5	1	1056	1021	35	1322	1306	16	B6	57	N627JB	JFK	PBI	130	1028	10	21	2013-05-01 10:00:00
2013	5	1	1057	1059	-2	1330	1329	1	DL	1647	N6702	LGA	ATL	111	762	10	59	2013-05-01 10:00:00
2013	5	1	1058	1100	-2	1329	1405	-36	UA	1259	N77530	EWR	LAX	310	2454	11	0	2013-05-01 11:00:00
2013	5	1	1058	1100	-2	1221	1213	8	US	2171	N750UW	LGA	DCA	39	214	11	0	2013-05-01 11:00:00
2013	5	1	1059	1059	0	1347	1340	7	UA	521	N838UA	EWR	IAH	196	1400	10	59	2013-05-01 10:00:00
2013	5	1	1101	1105	-4	1416	1418	-2	DL	930	N929DL	LGA	FLL	149	1076	11	5	2013-05-01 11:00:00
2013	5	1	1102	1115	-13	1317	1305	12	MQ	4485	N722MQ	LGA	CMH	76	479	11	15	2013-05-01 11:00:00
2013	5	1	1103	1110	-7	1328	1356	-28	DL	695	N331NW	JFK	MCO	125	944	11	10	2013-05-01 11:00:00
2013	5	1	1106	1110	-4	1238	1251	-13	EV	5273	N724EV	LGA	PIT	51	335	11	10	2013-05-01 11:00:00
2013	5	1	1106	1115	-9	1403	1410	-7	AA	739	N3GLAA	LGA	DFW	182	1389	11	15	2013-05-01 11:00:00
2013	5	1	1110	1120	-10	1202	1225	-23	EV	4157	N12900	EWR	SYR	35	195	11	20	2013-05-01 11:00:00
2013	5	1	1111	1114	-3	1336	1349	-13	B6	523	N659JB	EWR	MCO	122	937	11	14	2013-05-01 11:00:00
2013	5	1	1111	1115	-4	1334	1341	-7	UA	448	N479UA	LGA	DEN	217	1620	11	15	2013-05-01 11:00:00
2013	5	1	1113	1129	-16	1210	1235	-25	B6	1174	N238JB	EWR	BOS	38	200	11	29	2013-05-01 11:00:00
2013	5	1	1113	1115	-2	1242	1250	-8	WN	3421	N271LV	LGA	BNA	103	764	11	15	2013-05-01 11:00:00
2013	5	1	1113	1110	3	1238	1235	3	WN	137	N763SW	LGA	MDW	102	725	11	10	2013-05-01 11:00:00
2013	5	1	1118	1125	-7	1247	1305	-18	AA	327	N4XRAA	LGA	ORD	105	733	11	25	2013-05-01 11:00:00
2013	5	1	1119	1107	12	1208	1212	-4	EV	4120	N12175	EWR	ALB	33	143	11	7	2013-05-01 11:00:00
2013	5	1	1120	1130	-10	1324	1350	-26	EV	4990	N719EV	LGA	MCI	138	1107	11	30	2013-05-01 11:00:00
2013	5	1	1121	1130	-9	1434	1431	3	DL	1875	N953DL	LGA	TPA	137	1010	11	30	2013-05-01 11:00:00
2013	5	1	1121	1125	-4	NA	1427	NA	UA	703	N560UA	JFK	LAX	NA	2475	11	25	2013-05-01 11:00:00
2013	5	1	1124	1129	-5	1412	1438	-26	UA	310	N565UA	EWR	SFO	330	2565	11	29	2013-05-01 11:00:00
2013	5	1	1126	1130	-4	1344	1330	14	US	1625	N562UW	LGA	CLT	87	544	11	30	2013-05-01 11:00:00
2013	5	1	1128	1130	-2	1346	1406	-20	UA	1605	N37462	EWR	LAS	294	2227	11	30	2013-05-01 11:00:00
2013	5	1	1129	1125	4	1302	1321	-19	EV	5386	N582CA	EWR	MSP	128	1008	11	25	2013-05-01 11:00:00
2013	5	1	1130	1135	-5	1337	1340	-3	DL	2219	N321US	LGA	MSP	136	1020	11	35	2013-05-01 11:00:00
2013	5	1	1130	1135	-5	1300	1255	5	MQ	4661	N542MQ	LGA	BNA	98	764	11	35	2013-05-01 11:00:00
2013	5	1	1131	1136	-5	1217	1234	-17	EV	3830	N15912	EWR	PVD	30	160	11	36	2013-05-01 11:00:00
2013	5	1	1134	1140	-6	1442	1455	-13	AA	2099	N3EWAA	LGA	MIA	144	1096	11	40	2013-05-01 11:00:00
2013	5	1	1137	1145	-8	1359	1425	-26	UA	1519	N12109	EWR	MCO	122	937	11	45	2013-05-01 11:00:00
2013	5	1	1138	1145	-7	1342	1340	2	MQ	4646	N506MQ	LGA	MSP	139	1020	11	45	2013-05-01 11:00:00
2013	5	1	1140	1145	-5	1339	1403	-24	9E	4194	N170PQ	EWR	ATL	105	746	11	45	2013-05-01 11:00:00
2013	5	1	1143	1131	12	1440	1424	16	UA	350	N473UA	EWR	TPA	130	997	11	31	2013-05-01 11:00:00
2013	5	1	1144	1135	9	1510	1449	21	DL	2044	N909DL	LGA	MIA	144	1096	11	35	2013-05-01 11:00:00
2013	5	1	1145	1150	-5	1247	1305	-18	MQ	3697	N518MQ	EWR	ORD	100	719	11	50	2013-05-01 11:00:00
2013	5	1	1149	1155	-6	1252	1310	-18	MQ	4425	N852MQ	JFK	DCA	47	213	11	55	2013-05-01 11:00:00
2013	5	1	1150	1151	-1	1435	1414	21	FL	347	N996AT	LGA	ATL	120	762	11	51	2013-05-01 11:00:00
2013	5	1	1151	1200	-9	1436	1510	-34	AA	977	N3FXAA	EWR	MIA	144	1085	12	0	2013-05-01 12:00:00
2013	5	1	1153	1159	-6	1407	1427	-20	EV	4666	N12922	EWR	JAX	114	820	11	59	2013-05-01 11:00:00
2013	5	1	1153	1200	-7	1247	1314	-27	9E	3381	N918XJ	JFK	BOS	34	187	12	0	2013-05-01 12:00:00
2013	5	1	1153	1200	-7	1251	1313	-22	B6	1303	N298JB	JFK	IAD	42	228	12	0	2013-05-01 12:00:00
2013	5	1	1153	1200	-7	1427	1458	-31	DL	863	N723TW	JFK	LAX	311	2475	12	0	2013-05-01 12:00:00
2013	5	1	1153	1205	-12	1448	1425	23	MQ	4658	N520MQ	LGA	ATL	118	762	12	5	2013-05-01 12:00:00
2013	5	1	1155	1200	-5	1432	1505	-33	AA	3	N319AA	JFK	LAX	316	2475	12	0	2013-05-01 12:00:00
2013	5	1	1155	1200	-5	1342	1354	-12	US	1443	N740UW	JFK	CLT	83	541	12	0	2013-05-01 12:00:00
2013	5	1	1155	1200	-5	1317	1311	6	US	2173	N768US	LGA	DCA	38	214	12	0	2013-05-01 12:00:00
2013	5	1	1156	1200	-4	1449	1434	15	DL	1947	N679DA	LGA	ATL	115	762	12	0	2013-05-01 12:00:00
2013	5	1	1156	1200	-4	1318	1310	8	US	2126	N950UW	LGA	BOS	35	184	12	0	2013-05-01 12:00:00
2013	5	1	1157	1210	-13	1400	1355	5	MQ	4431	N735MQ	LGA	RDU	77	431	12	10	2013-05-01 12:00:00
2013	5	1	1158	1200	-2	1358	1345	13	MQ	4553	N725MQ	LGA	CLE	60	419	12	0	2013-05-01 12:00:00
2013	5	1	1201	1150	11	1310	1312	-2	EV	4143	N13124	EWR	RIC	51	277	11	50	2013-05-01 11:00:00
2013	5	1	1202	1210	-8	1335	1407	-32	EV	4640	N11535	EWR	DAY	74	533	12	10	2013-05-01 12:00:00
2013	5	1	1202	1210	-8	1506	1510	-4	AA	743	N539AA	LGA	DFW	184	1389	12	10	2013-05-01 12:00:00
2013	5	1	1204	1211	-7	1321	1323	-2	EV	3844	N13913	EWR	BUF	51	282	12	11	2013-05-01 12:00:00
2013	5	1	1205	1201	4	1454	1447	7	UA	1057	N14704	EWR	IAH	211	1400	12	1	2013-05-01 12:00:00
2013	5	1	1206	1210	-4	1452	1529	-37	UA	257	N502UA	JFK	SFO	327	2586	12	10	2013-05-01 12:00:00
2013	5	1	1207	1210	-3	1307	1325	-18	WN	149	N270WN	EWR	MDW	95	711	12	10	2013-05-01 12:00:00
2013	5	1	1209	1215	-6	1316	1325	-9	B6	74	N178JB	JFK	BTV	47	266	12	15	2013-05-01 12:00:00
2013	5	1	1209	1212	-3	1414	1439	-25	UA	1715	N76502	EWR	PHX	279	2133	12	12	2013-05-01 12:00:00
2013	5	1	1212	1145	27	1342	1322	20	EV	4376	N34111	EWR	RDU	68	416	11	45	2013-05-01 11:00:00
2013	5	1	1212	1214	-2	1503	1520	-17	UA	1424	N13716	EWR	SNA	326	2434	12	14	2013-05-01 12:00:00
2013	5	1	1214	1210	4	1425	1421	4	UA	1625	N37465	EWR	DEN	220	1605	12	10	2013-05-01 12:00:00
2013	5	1	1214	1009	125	1446	1308	98	UA	700	N536UA	EWR	LAX	299	2454	10	9	2013-05-01 10:00:00
2013	5	1	1215	1215	0	1329	1350	-21	WN	529	N523SW	EWR	STL	117	872	12	15	2013-05-01 12:00:00
2013	5	1	1218	1220	-2	1415	1414	1	EV	3846	N13566	EWR	CLT	84	529	12	20	2013-05-01 12:00:00
2013	5	1	1218	1225	-7	1352	1405	-13	AA	329	N479AA	LGA	ORD	103	733	12	25	2013-05-01 12:00:00
2013	5	1	1218	1221	-3	1520	1537	-17	UA	1266	N76529	EWR	SFO	323	2565	12	21	2013-05-01 12:00:00
2013	5	1	1220	1200	20	1400	1338	22	UA	394	N437UA	LGA	ORD	101	733	12	0	2013-05-01 12:00:00
2013	5	1	1222	1225	-3	1359	1408	-9	EV	4316	N11164	EWR	CMH	67	463	12	25	2013-05-01 12:00:00
2013	5	1	1223	1228	-5	1337	1347	-10	B6	66	N258JB	JFK	BUF	53	301	12	28	2013-05-01 12:00:00
2013	5	1	1231	1235	-4	1500	1520	-20	AA	1033	N487AA	EWR	DFW	177	1372	12	35	2013-05-01 12:00:00
2013	5	1	1231	1235	-4	1515	1540	-25	DL	1375	N3744F	JFK	SLC	258	1990	12	35	2013-05-01 12:00:00
2013	5	1	1233	1159	34	1524	1459	25	DL	1174	N931DL	LGA	PBI	132	1035	11	59	2013-05-01 11:00:00
2013	5	1	1235	1240	-5	1359	1415	-16	WN	163	N961WN	LGA	MKE	101	738	12	40	2013-05-01 12:00:00
2013	5	1	1238	1241	-3	1342	1357	-15	EV	4243	N14904	EWR	BTV	47	266	12	41	2013-05-01 12:00:00
2013	5	1	1239	1245	-6	1332	1350	-18	AA	1850	N3AAAA	JFK	BOS	34	187	12	45	2013-05-01 12:00:00
2013	5	1	1242	1245	-3	1336	1353	-17	UA	587	N827UA	EWR	BOS	36	200	12	45	2013-05-01 12:00:00
2013	5	1	1243	1250	-7	1532	1540	-8	AA	745	N3HTAA	LGA	DFW	184	1389	12	50	2013-05-01 12:00:00
2013	5	1	1243	1245	-2	1347	1354	-7	B6	658	N304JB	JFK	SYR	43	209	12	45	2013-05-01 12:00:00
2013	5	1	1244	1245	-1	1507	1525	-18	WN	2497	N916WN	LGA	DEN	223	1620	12	45	2013-05-01 12:00:00
2013	5	1	1245	1248	-3	1521	1532	-11	UA	1130	N17122	EWR	MCO	129	937	12	48	2013-05-01 12:00:00
2013	5	1	1246	1240	6	1422	1432	-10	DL	1689	N337NW	EWR	DTW	74	488	12	40	2013-05-01 12:00:00
2013	5	1	1247	1221	26	1431	1416	15	EV	4178	N21197	EWR	DTW	75	488	12	21	2013-05-01 12:00:00
2013	5	1	1247	1245	2	1520	1543	-23	B6	505	N597JB	EWR	FLL	138	1065	12	45	2013-05-01 12:00:00
2013	5	1	1247	1250	-3	1513	1535	-22	WN	1791	N238WN	EWR	HOU	191	1411	12	50	2013-05-01 12:00:00
2013	5	1	1248	1250	-2	1447	1502	-15	UA	1264	N76269	EWR	MSY	154	1167	12	50	2013-05-01 12:00:00
2013	5	1	1249	1256	-7	1411	1434	-23	UA	522	N837UA	LGA	ORD	104	733	12	56	2013-05-01 12:00:00
2013	5	1	1251	1259	-8	1535	1530	5	DL	781	N921DL	LGA	ATL	119	762	12	59	2013-05-01 12:00:00
2013	5	1	1253	1300	-7	1559	1556	3	UA	532	N452UA	LGA	IAH	194	1416	13	0	2013-05-01 13:00:00
2013	5	1	1253	1300	-7	1412	1410	2	US	2175	N769US	LGA	DCA	44	214	13	0	2013-05-01 13:00:00
2013	5	1	1254	1250	4	1411	1408	3	EV	4104	N11539	EWR	BNA	107	748	12	50	2013-05-01 12:00:00
2013	5	1	1254	1300	-6	1536	1610	-34	VX	165	N846VA	EWR	LAX	323	2454	13	0	2013-05-01 13:00:00
2013	5	1	1255	1259	-4	1447	1508	-21	EV	4395	N13132	EWR	IND	87	645	12	59	2013-05-01 12:00:00
2013	5	1	1255	1305	-10	1452	1455	-3	MQ	4426	N720MQ	LGA	CMH	73	479	13	5	2013-05-01 13:00:00
2013	5	1	1255	1300	-5	1409	1410	-1	US	2128	N957UW	LGA	BOS	34	184	13	0	2013-05-01 13:00:00
2013	5	1	1257	1300	-3	1553	1550	3	DL	1685	N909DE	LGA	MCO	125	950	13	0	2013-05-01 13:00:00
2013	5	1	1257	1301	-4	1358	1412	-14	B6	1008	N328JB	JFK	BOS	41	187	13	1	2013-05-01 13:00:00
2013	5	1	1257	1259	-2	1515	1456	19	US	1459	N543UW	LGA	CLT	89	544	12	59	2013-05-01 12:00:00
2013	5	1	1257	1300	-3	1547	1615	-28	VX	411	N626VA	JFK	LAX	322	2475	13	0	2013-05-01 13:00:00
2013	5	1	1258	1300	-2	1430	1435	-5	MQ	4404	N838MQ	JFK	RDU	74	427	13	0	2013-05-01 13:00:00
2013	5	1	1259	1300	-1	1516	1519	-3	EV	4898	N195PQ	EWR	ATL	114	746	13	0	2013-05-01 13:00:00
2013	5	1	1259	1300	-1	1410	1431	-21	UA	1476	N14107	EWR	ORD	104	719	13	0	2013-05-01 13:00:00
2013	5	1	1300	1300	0	1630	1645	-15	DL	315	N391DA	JFK	SJU	185	1598	13	0	2013-05-01 13:00:00
2013	5	1	1300	1300	0	1404	1420	-16	WN	2152	N624SW	EWR	BNA	105	748	13	0	2013-05-01 13:00:00
2013	5	1	1300	1310	-10	1459	1510	-11	MQ	4564	N717MQ	LGA	DTW	76	502	13	10	2013-05-01 13:00:00
2013	5	1	1302	1305	-3	1427	1437	-10	EV	4233	N14916	EWR	GSO	70	445	13	5	2013-05-01 13:00:00
2013	5	1	1303	1315	-12	1636	1616	20	B6	1601	N612JB	LGA	RSW	163	1080	13	15	2013-05-01 13:00:00
2013	5	1	1304	1309	-5	1417	1424	-7	B6	604	N236JB	JFK	PWM	50	273	13	9	2013-05-01 13:00:00
2013	5	1	1305	1315	-10	1548	1538	10	FL	348	N966AT	LGA	ATL	112	762	13	15	2013-05-01 13:00:00
2013	5	1	1307	1315	-8	1443	1501	-18	US	1895	N540UW	EWR	CLT	77	529	13	15	2013-05-01 13:00:00
2013	5	1	1311	1320	-9	1528	1524	4	EV	5148	N615QX	LGA	CVG	86	585	13	20	2013-05-01 13:00:00
2013	5	1	1313	1318	-5	1600	1619	-19	UA	1217	N17105	EWR	LAX	317	2454	13	18	2013-05-01 13:00:00
2013	5	1	1315	1329	-14	1500	1526	-26	9E	3867	N8611A	EWR	CVG	80	569	13	29	2013-05-01 13:00:00
2013	5	1	1316	1309	7	1419	1414	5	EV	4129	N15980	EWR	DCA	38	199	13	9	2013-05-01 13:00:00
2013	5	1	1320	1325	-5	1454	1500	-6	AA	331	N466AA	LGA	ORD	102	733	13	25	2013-05-01 13:00:00
2013	5	1	1321	1329	-8	1432	1445	-13	EV	4281	N14153	EWR	BTV	45	266	13	29	2013-05-01 13:00:00
2013	5	1	1321	1328	-7	1443	1512	-29	EV	4628	N11109	EWR	STL	117	872	13	28	2013-05-01 13:00:00
2013	5	1	1323	1329	-6	1518	1504	14	MQ	4605	N508MQ	LGA	RDU	68	431	13	29	2013-05-01 13:00:00
2013	5	1	1323	1329	-6	1542	1624	-42	UA	1276	N77520	EWR	DFW	180	1372	13	29	2013-05-01 13:00:00
2013	5	1	1325	1245	40	1505	1455	10	EV	4567	N14173	EWR	MCI	142	1092	12	45	2013-05-01 12:00:00
2013	5	1	1325	1335	-10	1445	1500	-15	B6	8	N183JB	JFK	BUF	54	301	13	35	2013-05-01 13:00:00
2013	5	1	1325	1250	35	1538	1455	43	DL	1131	N334NB	LGA	DTW	85	502	12	50	2013-05-01 12:00:00
2013	5	1	1326	1310	16	1423	1423	0	EV	4681	N15572	EWR	IAD	38	212	13	10	2013-05-01 13:00:00
2013	5	1	1326	1329	-3	1739	1811	-32	UA	15	N76065	EWR	HNL	589	4963	13	29	2013-05-01 13:00:00
2013	5	1	1334	1327	7	1606	1545	21	F9	507	N205FR	LGA	DEN	220	1620	13	27	2013-05-01 13:00:00
2013	5	1	1334	1329	5	1605	1618	-13	UA	1122	N33266	EWR	PBI	133	1023	13	29	2013-05-01 13:00:00
2013	5	1	1335	1345	-10	1519	1457	22	9E	3638	N8936A	JFK	PHL	33	94	13	45	2013-05-01 13:00:00
2013	5	1	1337	1340	-3	1635	1640	-5	AA	753	N3HMAA	LGA	DFW	183	1389	13	40	2013-05-01 13:00:00
2013	5	1	1337	1345	-8	1534	1530	4	MQ	4491	N738MQ	LGA	CLE	63	419	13	45	2013-05-01 13:00:00
2013	5	1	1338	1345	-7	1735	1700	35	AA	1073	N3HGAA	LGA	MIA	182	1096	13	45	2013-05-01 13:00:00
2013	5	1	1339	1330	9	1631	1622	9	B6	431	N523JB	LGA	SRQ	138	1047	13	30	2013-05-01 13:00:00
2013	5	1	1342	1342	0	1459	1449	10	EV	3832	N14972	EWR	PWM	49	284	13	42	2013-05-01 13:00:00
2013	5	1	1343	1345	-2	1624	1700	-36	AA	117	N329AA	JFK	LAX	318	2475	13	45	2013-05-01 13:00:00
2013	5	1	1345	1345	0	1508	1505	3	WN	2226	N252WN	LGA	MDW	98	725	13	45	2013-05-01 13:00:00
2013	5	1	1351	1359	-8	1511	1520	-9	EV	4171	N13970	EWR	MSN	112	799	13	59	2013-05-01 13:00:00
2013	5	1	1351	1358	-7	1742	1715	27	DL	1331	N370NW	LGA	MIA	169	1096	13	58	2013-05-01 13:00:00
2013	5	1	1352	1355	-3	1541	1559	-18	EV	4687	N12924	EWR	CVG	83	569	13	55	2013-05-01 13:00:00
2013	5	1	1352	1400	-8	1640	1730	-50	DL	1565	N707TW	JFK	SFO	327	2586	14	0	2013-05-01 14:00:00
2013	5	1	1352	1359	-7	1555	1554	1	MQ	4577	N1EAMQ	LGA	CLT	79	544	13	59	2013-05-01 13:00:00
2013	5	1	1353	1409	-16	1456	1517	-21	B6	1180	N353JB	EWR	BOS	39	200	14	9	2013-05-01 14:00:00
2013	5	1	1353	1359	-6	1639	1630	9	DL	2247	N602DL	LGA	ATL	111	762	13	59	2013-05-01 13:00:00
2013	5	1	1353	1355	-2	1603	1615	-12	WN	1638	N741SA	EWR	PHX	283	2133	13	55	2013-05-01 13:00:00
2013	5	1	1354	1401	-7	1449	1515	-26	B6	1002	N279JB	JFK	BOS	35	187	14	1	2013-05-01 14:00:00
2013	5	1	1354	1400	-6	1513	1513	0	US	2177	N763US	LGA	DCA	38	214	14	0	2013-05-01 14:00:00
2013	5	1	1355	1355	0	1602	1604	-2	EV	4115	N13949	EWR	SAV	101	708	13	55	2013-05-01 13:00:00
2013	5	1	1355	1344	11	1630	1621	9	B6	525	N605JB	EWR	MCO	124	937	13	44	2013-05-01 13:00:00
2013	5	1	1355	1400	-5	1526	1506	20	US	2130	N967UW	LGA	BOS	37	184	14	0	2013-05-01 14:00:00
2013	5	1	1401	1359	2	1735	1714	21	AA	677	N5CNAA	JFK	MIA	183	1089	13	59	2013-05-01 13:00:00
2013	5	1	1405	1412	-7	1643	1635	8	FL	366	N993AT	LGA	ATL	108	762	14	12	2013-05-01 14:00:00
2013	5	1	1407	1410	-3	1700	1725	-25	UA	1606	N16234	EWR	SFO	327	2565	14	10	2013-05-01 14:00:00
2013	5	1	1409	1415	-6	1513	1535	-22	EV	5712	N830AS	JFK	IAD	43	228	14	15	2013-05-01 14:00:00
2013	5	1	1410	1415	-5	1621	1619	2	B6	1275	N309JB	JFK	CHS	92	636	14	15	2013-05-01 14:00:00
2013	5	1	1410	1415	-5	1608	1610	-2	MQ	4588	N6EAMQ	LGA	MSP	133	1020	14	15	2013-05-01 14:00:00
2013	5	1	1411	1358	13	1652	1704	-12	B6	209	N516JB	JFK	LGB	321	2465	13	58	2013-05-01 13:00:00
2013	5	1	1412	1415	-3	1637	1633	4	DL	935	N305DQ	EWR	ATL	110	746	14	15	2013-05-01 14:00:00
2013	5	1	1414	1415	-1	1538	1555	-17	AA	337	N4XMAA	LGA	ORD	103	733	14	15	2013-05-01 14:00:00
2013	5	1	1415	1420	-5	1521	1538	-17	EV	4284	N14570	EWR	ROC	41	246	14	20	2013-05-01 14:00:00
2013	5	1	1415	1359	16	1700	1649	11	UA	1028	N76528	EWR	IAH	198	1400	13	59	2013-05-01 13:00:00
2013	5	1	1417	1430	-13	1608	1640	-32	EV	4181	N12175	EWR	MCI	145	1092	14	30	2013-05-01 14:00:00
2013	5	1	1420	1430	-10	1554	1601	-7	FL	721	N956AT	LGA	CAK	58	397	14	30	2013-05-01 14:00:00
2013	5	1	1421	1355	26	1712	1643	29	B6	1783	N558JB	JFK	MCO	125	944	13	55	2013-05-01 13:00:00
2013	5	1	1422	1359	23	1652	1631	21	DL	2043	N351NB	JFK	ATL	106	760	13	59	2013-05-01 13:00:00
2013	5	1	1423	1435	-12	1530	1600	-30	9E	4205	N823AY	JFK	BWI	38	184	14	35	2013-05-01 14:00:00
2013	5	1	1423	1426	-3	1822	1729	53	B6	71	N579JB	JFK	FLL	193	1069	14	26	2013-05-01 14:00:00
2013	5	1	1425	1130	175	1751	1428	203	B6	61	N508JB	JFK	FLL	165	1069	11	30	2013-05-01 11:00:00
2013	5	1	1425	1425	0	1546	1545	1	B6	36	N306JB	JFK	ROC	49	264	14	25	2013-05-01 14:00:00
2013	5	1	1426	1430	-4	1800	1845	-45	AA	1635	N5FRAA	JFK	SJU	186	1598	14	30	2013-05-01 14:00:00
2013	5	1	1428	1433	-5	1613	1629	-16	EV	4558	N16151	EWR	CHS	85	628	14	33	2013-05-01 14:00:00
2013	5	1	1429	1420	9	1742	1727	15	UA	1164	N12218	EWR	FLL	153	1065	14	20	2013-05-01 14:00:00
2013	5	1	1430	1435	-5	1549	1612	-23	UA	1719	N21723	EWR	CLE	57	404	14	35	2013-05-01 14:00:00
2013	5	1	1433	1435	-2	1724	1754	-30	UA	434	N508UA	JFK	SFO	315	2586	14	35	2013-05-01 14:00:00
2013	5	1	1434	1440	-6	1629	1645	-16	DL	1819	N904DL	LGA	MSP	140	1020	14	40	2013-05-01 14:00:00
2013	5	1	1437	1445	-8	1826	1805	21	AA	1925	N3DTAA	LGA	MIA	187	1096	14	45	2013-05-01 14:00:00
2013	5	1	1438	1446	-8	1607	1623	-16	EV	4085	N12900	EWR	RDU	66	416	14	46	2013-05-01 14:00:00
2013	5	1	1438	1255	103	1712	1542	90	B6	141	N503JB	JFK	PBI	134	1028	12	55	2013-05-01 12:00:00
2013	5	1	1438	1440	-2	1630	1630	0	MQ	4429	N840MQ	LGA	CMH	73	479	14	40	2013-05-01 14:00:00
2013	5	1	1440	1430	10	1601	1555	6	EV	5699	N909EV	LGA	IAD	43	229	14	30	2013-05-01 14:00:00
2013	5	1	1440	1429	11	1829	1738	51	DL	1779	N323US	LGA	FLL	195	1076	14	29	2013-05-01 14:00:00
2013	5	1	1441	1329	72	1603	1513	50	EV	4100	N19966	EWR	MEM	126	946	13	29	2013-05-01 13:00:00
2013	5	1	1441	1445	-4	1625	1625	0	AA	2223	N200AA	LGA	STL	120	888	14	45	2013-05-01 14:00:00
2013	5	1	1441	1435	6	1716	1710	6	B6	615	N590JB	JFK	JAX	116	828	14	35	2013-05-01 14:00:00
2013	5	1	1442	1445	-3	1737	1802	-25	DL	127	N705TW	JFK	LAX	320	2475	14	45	2013-05-01 14:00:00
2013	5	1	1444	1445	-1	1652	1645	7	US	1445	N195UW	LGA	CLT	88	544	14	45	2013-05-01 14:00:00
2013	5	1	1446	1451	-5	1558	1605	-7	EV	3829	N15912	EWR	IAD	39	212	14	51	2013-05-01 14:00:00
2013	5	1	1446	1445	1	1547	1612	-25	9E	3404	N936XJ	JFK	BOS	34	187	14	45	2013-05-01 14:00:00
2013	5	1	1446	1452	-6	1705	1709	-4	B6	119	N203JB	JFK	MSY	164	1182	14	52	2013-05-01 14:00:00
2013	5	1	1447	1450	-3	1633	1635	-2	MQ	4403	N804MQ	JFK	RDU	71	427	14	50	2013-05-01 14:00:00
2013	5	1	1448	1455	-7	1724	1805	-41	AA	759	N3BXAA	LGA	DFW	179	1389	14	55	2013-05-01 14:00:00
2013	5	1	1448	1440	8	1755	1742	13	DL	1902	N362NW	LGA	PBI	154	1035	14	40	2013-05-01 14:00:00
2013	5	1	1448	1455	-7	1633	1640	-7	MQ	4172	N621MQ	JFK	CLE	66	425	14	55	2013-05-01 14:00:00
2013	5	1	1449	1450	-1	1733	1746	-13	B6	629	N334JB	JFK	HOU	192	1428	14	50	2013-05-01 14:00:00
2013	5	1	1451	1455	-4	1621	1638	-17	9E	3318	N907XJ	JFK	BUF	51	301	14	55	2013-05-01 14:00:00
2013	5	1	1453	1459	-6	1636	1702	-26	EV	4667	N13123	EWR	MSP	144	1008	14	59	2013-05-01 14:00:00
2013	5	1	1453	1459	-6	1615	1635	-20	9E	4105	N8891A	JFK	IAD	41	228	14	59	2013-05-01 14:00:00
2013	5	1	1453	1444	9	1858	1844	14	B6	705	N586JB	JFK	SJU	187	1598	14	44	2013-05-01 14:00:00
2013	5	1	1453	1455	-2	1757	1753	4	UA	572	N494UA	LGA	IAH	201	1416	14	55	2013-05-01 14:00:00
2013	5	1	1454	1500	-6	1716	1800	-44	AA	883	N484AA	EWR	DFW	177	1372	15	0	2013-05-01 15:00:00
2013	5	1	1454	1458	-4	1603	1615	-12	UA	1570	N76515	EWR	BOS	47	200	14	58	2013-05-01 14:00:00
2013	5	1	1454	1450	4	1737	1739	-2	UA	1618	N35204	EWR	TPA	135	997	14	50	2013-05-01 14:00:00
2013	5	1	1454	1500	-6	1608	1612	-4	US	2132	N947UW	LGA	BOS	39	184	15	0	2013-05-01 15:00:00
2013	5	1	1455	1455	0	1814	1801	13	B6	377	N565JB	LGA	FLL	157	1076	14	55	2013-05-01 14:00:00
2013	5	1	1455	1500	-5	1608	1638	-30	UA	378	N476UA	LGA	ORD	103	733	15	0	2013-05-01 15:00:00
2013	5	1	1456	1459	-3	1612	1635	-23	9E	3393	N923XJ	JFK	DCA	43	213	14	59	2013-05-01 14:00:00
2013	5	1	1456	1500	-4	1630	1640	-10	MQ	4333	N900MQ	JFK	PIT	61	340	15	0	2013-05-01 15:00:00
2013	5	1	1457	1459	-2	1722	1732	-10	DL	2347	N659DL	LGA	ATL	102	762	14	59	2013-05-01 14:00:00
2013	5	1	1457	1350	67	1638	1607	31	US	186	N651AW	EWR	PHX	265	2133	13	50	2013-05-01 13:00:00
2013	5	1	1458	1420	38	1549	1550	-1	UA	423	N824UA	EWR	ORD	97	719	14	20	2013-05-01 14:00:00
2013	5	1	1458	1500	-2	1644	1653	-9	US	720	N459UW	EWR	CLT	84	529	15	0	2013-05-01 15:00:00
2013	5	1	1459	1500	-1	1623	1645	-22	AA	341	N557AA	LGA	ORD	105	733	15	0	2013-05-01 15:00:00
2013	5	1	1500	1415	45	1602	1525	37	EV	3833	N12921	EWR	MHT	43	209	14	15	2013-05-01 14:00:00
2013	5	1	1500	1500	0	1712	1722	-10	EV	4971	N713EV	LGA	CHS	91	641	15	0	2013-05-01 15:00:00
2013	5	1	1503	1455	8	1829	1820	9	AA	1769	N374AA	JFK	MIA	152	1089	14	55	2013-05-01 14:00:00
2013	5	1	1503	1510	-7	1722	1815	-53	UA	997	N828UA	EWR	AUS	183	1504	15	10	2013-05-01 15:00:00
2013	5	1	1504	1210	174	1823	1510	193	B6	143	N564JB	JFK	RSW	160	1074	12	10	2013-05-01 12:00:00
2013	5	1	1504	1505	-1	1653	1630	23	MQ	3823	N513MQ	JFK	DCA	50	213	15	5	2013-05-01 15:00:00
2013	5	1	1506	1515	-9	1714	1740	-26	MQ	4309	N686MQ	JFK	IND	92	665	15	15	2013-05-01 15:00:00
2013	5	1	1507	1510	-3	1754	1825	-31	UA	1172	N78438	EWR	SFO	325	2565	15	10	2013-05-01 15:00:00
2013	5	1	1508	1515	-7	1757	1806	-9	DL	2181	N914DL	LGA	MCO	125	950	15	15	2013-05-01 15:00:00
2013	5	1	1509	1509	0	1717	1704	13	EV	4572	N27152	EWR	GSP	85	594	15	9	2013-05-01 15:00:00
2013	5	1	1509	1450	19	1747	1745	2	AA	1813	N5ETAA	JFK	MCO	128	944	14	50	2013-05-01 14:00:00
2013	5	1	1510	1315	115	1619	1435	104	MQ	3765	N544MQ	EWR	ORD	98	719	13	15	2013-05-01 13:00:00
2013	5	1	1512	1520	-8	1735	1745	-10	MQ	4669	N502MQ	LGA	ATL	104	762	15	20	2013-05-01 15:00:00
2013	5	1	1514	1457	17	1824	1751	33	B6	151	N706JB	JFK	MCO	128	944	14	57	2013-05-01 14:00:00
2013	5	1	1514	1435	39	1815	1735	40	UA	1534	N35260	EWR	MIA	155	1085	14	35	2013-05-01 14:00:00
2013	5	1	1517	1525	-8	1701	1715	-14	MQ	4447	N721MQ	LGA	RDU	68	431	15	25	2013-05-01 15:00:00
2013	5	1	1518	1521	-3	1640	1705	-25	EV	4596	N13903	EWR	STL	123	872	15	21	2013-05-01 15:00:00
2013	5	1	1518	1522	-4	1642	1700	-18	UA	559	N408UA	EWR	CLE	56	404	15	22	2013-05-01 15:00:00
2013	5	1	1518	1530	-12	1729	1732	-3	US	1899	N748UW	LGA	CLT	90	544	15	30	2013-05-01 15:00:00
2013	5	1	1519	1455	24	1815	1752	23	B6	63	N537JB	JFK	TPA	138	1005	14	55	2013-05-01 14:00:00
2013	5	1	1519	1445	34	1714	1651	23	DL	1231	N323NB	LGA	DTW	73	502	14	45	2013-05-01 14:00:00
2013	5	1	1519	1515	4	1808	1816	-8	UA	1584	N29129	EWR	LAX	316	2454	15	15	2013-05-01 15:00:00
2013	5	1	1520	1524	-4	1629	1643	-14	EV	4141	N13978	EWR	MKE	97	725	15	24	2013-05-01 15:00:00
2013	5	1	1520	1520	0	1731	1809	-38	UA	1289	N37290	EWR	LAS	283	2227	15	20	2013-05-01 15:00:00
2013	5	1	1522	1530	-8	1830	1905	-35	AA	85	N396AA	JFK	SFO	340	2586	15	30	2013-05-01 15:00:00
2013	5	1	1523	1525	-2	1726	1730	-4	MQ	4579	N511MQ	LGA	CLT	85	544	15	25	2013-05-01 15:00:00
2013	5	1	1523	1529	-6	1810	1810	0	UA	563	N821UA	EWR	IAH	190	1400	15	29	2013-05-01 15:00:00
2013	5	1	1524	1529	-5	1727	1740	-13	EV	4555	N11547	EWR	SDF	96	642	15	29	2013-05-01 15:00:00
2013	5	1	1524	1530	-6	1754	1837	-43	9E	3325	N914XJ	JFK	DFW	182	1391	15	30	2013-05-01 15:00:00
2013	5	1	1526	1532	-6	1715	1736	-21	EV	5678	N13124	EWR	CVG	84	569	15	32	2013-05-01 15:00:00
2013	5	1	1529	1459	30	1710	1654	16	EV	4381	N11565	EWR	DTW	74	488	14	59	2013-05-01 14:00:00
2013	5	1	1529	1530	-1	1729	1804	-35	9E	4203	N8918B	JFK	IND	88	665	15	30	2013-05-01 15:00:00
2013	5	1	1531	1525	6	1724	1727	-3	EV	4576	N11121	EWR	GRR	85	605	15	25	2013-05-01 15:00:00
2013	5	1	1531	1535	-4	1636	1655	-19	WN	1153	N282WN	EWR	MDW	97	711	15	35	2013-05-01 15:00:00
2013	5	1	1532	1445	47	1745	1708	37	EV	4096	N16961	EWR	ATL	108	746	14	45	2013-05-01 14:00:00
2013	5	1	1533	1535	-2	1732	1759	-27	UA	1107	N77518	EWR	DEN	213	1605	15	35	2013-05-01 15:00:00
2013	5	1	1535	1535	0	1739	1800	-21	MQ	4525	N711MQ	LGA	XNA	156	1147	15	35	2013-05-01 15:00:00
2013	5	1	1536	1529	7	1813	1820	-7	B6	537	N643JB	EWR	TPA	132	997	15	29	2013-05-01 15:00:00
2013	5	1	1537	1530	7	1817	1831	-14	DL	1935	N355NW	LGA	TPA	134	1010	15	30	2013-05-01 15:00:00
2013	5	1	1538	1500	38	1647	1619	28	US	2179	N750UW	LGA	DCA	38	214	15	0	2013-05-01 15:00:00
2013	5	1	1540	1530	10	1642	1635	7	EV	4133	N11193	EWR	PVD	33	160	15	30	2013-05-01 15:00:00
2013	5	1	1540	1545	-5	1820	1910	-50	AA	133	N327AA	JFK	LAX	313	2475	15	45	2013-05-01 15:00:00
2013	5	1	1540	1545	-5	1746	1802	-16	DL	1942	N371NB	EWR	ATL	98	746	15	45	2013-05-01 15:00:00
2013	5	1	1541	1545	-4	1752	1812	-20	DL	1705	N360NB	LGA	MSY	159	1183	15	45	2013-05-01 15:00:00
2013	5	1	1542	1550	-8	1711	1750	-39	UA	1290	N36247	LGA	CLE	60	419	15	50	2013-05-01 15:00:00
2013	5	1	1543	1545	-2	1831	1916	-45	DL	1773	N3768	JFK	SLC	258	1990	15	45	2013-05-01 15:00:00
2013	5	1	1543	1540	3	1838	1855	-17	UA	1248	N57111	JFK	LAX	323	2475	15	40	2013-05-01 15:00:00
2013	5	1	1544	1507	37	1805	1735	30	EV	4377	N13956	EWR	JAX	112	820	15	7	2013-05-01 15:00:00
2013	5	1	1544	1550	-6	1910	1907	3	DL	1982	N939DL	LGA	MIA	155	1096	15	50	2013-05-01 15:00:00
2013	5	1	1545	1550	-5	1834	1900	-26	AA	763	N3CCAA	LGA	DFW	190	1389	15	50	2013-05-01 15:00:00
2013	5	1	1547	1555	-8	1709	1715	-6	MQ	4622	N525MQ	LGA	BNA	99	764	15	55	2013-05-01 15:00:00
2013	5	1	1547	1518	29	1811	1738	33	UA	296	N559UA	LGA	DEN	217	1620	15	18	2013-05-01 15:00:00
2013	5	1	1548	1550	-2	1834	1857	-23	UA	1200	N33284	EWR	SAN	323	2425	15	50	2013-05-01 15:00:00
2013	5	1	1549	1545	4	1803	1823	-20	DL	2143	N3739P	JFK	ATL	100	760	15	45	2013-05-01 15:00:00
2013	5	1	1549	1555	-6	1759	1815	-16	WN	3952	N461WN	EWR	DEN	224	1605	15	55	2013-05-01 15:00:00
2013	5	1	1549	1555	-6	1653	1715	-22	MQ	3695	N507MQ	EWR	ORD	96	719	15	55	2013-05-01 15:00:00
2013	5	1	1550	1610	-20	1704	1807	-63	9E	3400	N918XJ	JFK	MKE	98	745	16	10	2013-05-01 16:00:00
2013	5	1	1551	1555	-4	1704	1749	-45	B6	915	N317JB	JFK	ORD	107	740	15	55	2013-05-01 15:00:00
2013	5	1	1552	1600	-8	1706	1719	-13	US	2134	N950UW	LGA	BOS	33	184	16	0	2013-05-01 16:00:00
2013	5	1	1553	1555	-2	1716	1727	-11	UA	317	N833UA	EWR	ORD	104	719	15	55	2013-05-01 15:00:00
2013	5	1	1554	1600	-6	1720	1748	-28	9E	3459	N915XJ	JFK	BNA	99	765	16	0	2013-05-01 16:00:00
2013	5	1	1554	1555	-1	1703	1727	-24	B6	44	N298JB	JFK	BTV	48	266	15	55	2013-05-01 15:00:00
2013	5	1	1554	1600	-6	1854	1951	-57	DL	2065	N711ZX	JFK	SFO	326	2586	16	0	2013-05-01 16:00:00
2013	5	1	1556	1559	-3	1708	1745	-37	B6	6	N178JB	JFK	BUF	52	301	15	59	2013-05-01 15:00:00
2013	5	1	1557	1557	0	1858	1914	-16	DL	1043	N660DL	JFK	SEA	317	2422	15	57	2013-05-01 15:00:00
2013	5	1	1557	1559	-2	1851	1919	-28	UA	1151	N39423	EWR	SEA	319	2402	15	59	2013-05-01 15:00:00
2013	5	1	1557	1540	17	1755	1650	65	US	1607	N945UW	LGA	PHL	38	96	15	40	2013-05-01 15:00:00
2013	5	1	1558	1600	-2	1703	1720	-17	AA	854	N3JJAA	JFK	BOS	39	187	16	0	2013-05-01 16:00:00
2013	5	1	1558	1600	-2	1841	1837	4	DL	847	N639DL	LGA	ATL	106	762	16	0	2013-05-01 16:00:00
2013	5	1	1558	1545	13	1736	1745	-9	MQ	4146	N687MQ	JFK	CMH	72	483	15	45	2013-05-01 15:00:00
2013	5	1	1559	1559	0	1753	1814	-21	MQ	3985	N644MQ	JFK	CVG	88	589	15	59	2013-05-01 15:00:00
2013	5	1	1559	1600	-1	1730	1720	10	US	2181	N724UW	LGA	DCA	40	214	16	0	2013-05-01 16:00:00
2013	5	1	1602	1600	2	1750	1833	-43	9E	3315	N906XJ	JFK	MSP	138	1029	16	0	2013-05-01 16:00:00
2013	5	1	1603	1610	-7	1806	1825	-19	EV	4328	N14171	EWR	MSY	155	1167	16	10	2013-05-01 16:00:00
2013	5	1	1603	1600	3	1818	1846	-28	DL	1621	N37700	JFK	DEN	224	1626	16	0	2013-05-01 16:00:00
2013	5	1	1605	1555	10	1750	1813	-23	DL	95	N343NB	JFK	DTW	73	509	15	55	2013-05-01 15:00:00
2013	5	1	1605	1555	10	1710	1712	-2	UA	719	N524UA	EWR	BOS	41	200	15	55	2013-05-01 15:00:00
2013	5	1	1606	1610	-4	1739	1749	-10	EV	4974	N600QX	LGA	BNA	103	764	16	10	2013-05-01 16:00:00
2013	5	1	1606	1608	-2	1743	1815	-32	9E	3412	N931XJ	JFK	RDU	69	427	16	8	2013-05-01 16:00:00
2013	5	1	1606	1603	3	1735	1730	5	YV	3791	N502MJ	LGA	IAD	41	229	16	3	2013-05-01 16:00:00
2013	5	1	1607	1540	27	1724	1736	-12	9E	3523	N937XJ	JFK	ORD	104	740	15	40	2013-05-01 15:00:00
2013	5	1	1608	1545	23	1933	1901	32	DL	141	N310NW	JFK	FLL	163	1069	15	45	2013-05-01 15:00:00
2013	5	1	1610	1610	0	1719	1751	-32	9E	3410	N934XJ	JFK	BOS	37	187	16	10	2013-05-01 16:00:00
2013	5	1	1614	1610	4	1856	1911	-15	B6	369	N547JB	LGA	PBI	133	1035	16	10	2013-05-01 16:00:00
2013	5	1	1614	1600	14	1906	1856	10	UA	1593	N38443	EWR	MCO	130	937	16	0	2013-05-01 16:00:00
2013	5	1	1618	1629	-11	1808	1814	-6	MQ	4415	N725MQ	LGA	RDU	73	431	16	29	2013-05-01 16:00:00
2013	5	1	1618	1615	3	1857	1840	17	MQ	4657	N521MQ	LGA	ATL	114	762	16	15	2013-05-01 16:00:00
2013	5	1	1619	1625	-6	1823	1834	-11	EV	4571	N11548	EWR	SAV	101	708	16	25	2013-05-01 16:00:00
2013	5	1	1619	1520	59	1744	1702	42	9E	3968	N8775A	JFK	ROC	49	264	15	20	2013-05-01 15:00:00
2013	5	1	1620	1600	20	1930	1924	6	DL	1373	N991DL	JFK	MIA	149	1089	16	0	2013-05-01 16:00:00
2013	5	1	1620	1620	0	1833	1856	-23	US	35	N535UW	JFK	PHX	279	2153	16	20	2013-05-01 16:00:00
2013	5	1	1621	1629	-8	1816	1820	-4	EV	4411	N14907	EWR	MEM	133	946	16	29	2013-05-01 16:00:00
2013	5	1	1621	1550	31	1732	1708	24	EV	3824	N13913	EWR	BNA	104	748	15	50	2013-05-01 15:00:00
2013	5	1	1622	1611	11	1836	1808	28	EV	4092	N15574	EWR	DAY	78	533	16	11	2013-05-01 16:00:00
2013	5	1	1622	1538	44	1914	1856	18	B6	133	N535JB	JFK	RSW	151	1074	15	38	2013-05-01 15:00:00
2013	5	1	1622	1630	-8	1804	1851	-47	US	140	N677AW	EWR	PHX	269	2133	16	30	2013-05-01 16:00:00
2013	5	1	1624	1630	-6	1818	1840	-22	DL	2231	N338NW	LGA	DTW	77	502	16	30	2013-05-01 16:00:00
2013	5	1	1624	1630	-6	1855	1853	2	FL	716	N986AT	LGA	ATL	113	762	16	30	2013-05-01 16:00:00
2013	5	1	1625	1635	-10	1752	1814	-22	EV	4230	N15980	EWR	GSO	69	445	16	35	2013-05-01 16:00:00
2013	5	1	1625	1552	33	1936	1900	36	UA	763	N488UA	EWR	FLL	165	1065	15	52	2013-05-01 15:00:00
2013	5	1	1626	1625	1	1821	1835	-14	DL	1619	N319US	LGA	MSP	139	1020	16	25	2013-05-01 16:00:00
2013	5	1	1628	1629	-1	1930	1938	-8	UA	466	N570UA	EWR	LAX	323	2454	16	29	2013-05-01 16:00:00
2013	5	1	1628	1630	-2	1903	1918	-15	UA	1672	N14120	EWR	IAH	191	1400	16	30	2013-05-01 16:00:00
2013	5	1	1631	1630	1	1948	2010	-22	VX	27	N838VA	JFK	SFO	341	2586	16	30	2013-05-01 16:00:00
2013	5	1	1632	1632	0	1925	1956	-31	B6	675	N646JB	JFK	LAX	319	2475	16	32	2013-05-01 16:00:00
2013	5	1	1633	1639	-6	1929	1930	-1	B6	547	N655JB	EWR	PBI	129	1023	16	39	2013-05-01 16:00:00
2013	5	1	1635	1640	-5	1926	1956	-30	B6	185	N709JB	JFK	SAN	318	2446	16	40	2013-05-01 16:00:00
2013	5	1	1636	1555	41	1903	1849	14	DL	161	N3731T	JFK	LAS	291	2248	15	55	2013-05-01 15:00:00
2013	5	1	1638	1645	-7	1759	1813	-14	B6	1012	N355JB	JFK	BOS	41	187	16	45	2013-05-01 16:00:00
2013	5	1	1641	1650	-9	1828	1901	-33	9E	4120	N8745B	JFK	CLE	67	425	16	50	2013-05-01 16:00:00
2013	5	1	1643	1650	-7	1851	1919	-28	9E	3383	N919XJ	JFK	CVG	85	589	16	50	2013-05-01 16:00:00
2013	5	1	1643	1645	-2	1817	1851	-34	DL	1473	N320NB	LGA	MEM	127	963	16	45	2013-05-01 16:00:00
2013	5	1	1646	1600	46	2005	1925	40	AA	1467	N3GXAA	LGA	MIA	159	1096	16	0	2013-05-01 16:00:00
2013	5	1	1648	1635	13	1956	1954	2	B6	15	N639JB	JFK	FLL	156	1069	16	35	2013-05-01 16:00:00
2013	5	1	1650	1654	-4	1912	1928	-16	EV	4705	N11535	EWR	ATL	113	746	16	54	2013-05-01 16:00:00
2013	5	1	1651	1700	-9	1833	1832	1	B6	618	N328JB	JFK	PWM	51	273	17	0	2013-05-01 17:00:00
2013	5	1	1651	1629	22	1942	1927	15	B6	985	N624JB	LGA	TPA	140	1010	16	29	2013-05-01 16:00:00
2013	5	1	1651	1650	1	1815	1845	-30	WN	197	N923WN	LGA	STL	125	888	16	50	2013-05-01 16:00:00
2013	5	1	1652	1622	30	1749	1735	14	EV	4299	N13994	EWR	DCA	38	199	16	22	2013-05-01 16:00:00
2013	5	1	1652	1700	-8	1751	1819	-28	US	2136	N957UW	LGA	BOS	36	184	17	0	2013-05-01 17:00:00
2013	5	1	1653	1659	-6	1846	1906	-20	9E	3881	N8980A	EWR	CVG	83	569	16	59	2013-05-01 16:00:00
2013	5	1	1654	1700	-6	1927	1955	-28	AA	257	N3AAAA	JFK	LAS	301	2248	17	0	2013-05-01 17:00:00
2013	5	1	1654	1700	-6	1846	1911	-25	B6	1085	N304JB	JFK	CLT	84	541	17	0	2013-05-01 17:00:00
2013	5	1	1654	1700	-6	1829	1830	-1	MQ	4323	N683MQ	JFK	ORF	54	290	17	0	2013-05-01 17:00:00
2013	5	1	1654	1700	-6	1759	1821	-22	US	2183	N769US	LGA	DCA	44	214	17	0	2013-05-01 17:00:00
2013	5	1	1655	1610	45	1809	1800	9	AA	343	N4YJAA	LGA	ORD	101	733	16	10	2013-05-01 16:00:00
2013	5	1	1655	1700	-5	1804	1850	-46	AA	345	N508AA	LGA	ORD	104	733	17	0	2013-05-01 17:00:00
2013	5	1	1655	1545	70	1954	1849	65	DL	4	N398DA	JFK	MCO	140	944	15	45	2013-05-01 15:00:00
2013	5	1	1655	1700	-5	2038	2054	-16	DL	329	N3765	JFK	SJU	187	1598	17	0	2013-05-01 17:00:00
2013	5	1	1655	1600	55	1943	1926	17	DL	1461	N718TW	JFK	LAX	308	2475	16	0	2013-05-01 16:00:00
2013	5	1	1655	1640	15	1847	1845	2	MQ	4540	N713MQ	LGA	DTW	77	502	16	40	2013-05-01 16:00:00
2013	5	1	1656	1700	-4	1824	1827	-3	B6	24	N236JB	JFK	SYR	41	209	17	0	2013-05-01 17:00:00
2013	5	1	1656	1659	-3	1815	1842	-27	UA	1253	N33714	EWR	ORD	101	719	16	59	2013-05-01 16:00:00
2013	5	1	1657	1700	-3	2004	2025	-21	AA	181	N339AA	JFK	LAX	321	2475	17	0	2013-05-01 17:00:00
2013	5	1	1657	1659	-2	1923	1959	-36	AA	1905	N468AA	EWR	DFW	174	1372	16	59	2013-05-01 16:00:00
2013	5	1	1658	1659	-1	1829	1843	-14	EV	4560	N27962	EWR	STL	122	872	16	59	2013-05-01 16:00:00
2013	5	1	1658	1700	-2	2031	2102	-31	B6	703	N536JB	JFK	SJU	185	1598	17	0	2013-05-01 17:00:00
2013	5	1	1658	1700	-2	1833	1835	-2	MQ	4255	N603MQ	JFK	BNA	103	765	17	0	2013-05-01 17:00:00
2013	5	1	1658	1648	10	1908	1918	-10	UA	485	N430UA	EWR	DEN	217	1605	16	48	2013-05-01 16:00:00
2013	5	1	1659	1700	-1	1952	1956	-4	UA	1251	N77295	LGA	IAH	203	1416	17	0	2013-05-01 17:00:00
2013	5	1	1700	1700	0	1829	1830	-1	MQ	4410	N842MQ	JFK	DCA	50	213	17	0	2013-05-01 17:00:00
2013	5	1	1704	1709	-5	1857	1905	-8	EV	4658	N14204	EWR	CHS	87	628	17	9	2013-05-01 17:00:00
2013	5	1	1705	1710	-5	1919	1934	-15	DL	2042	N307DQ	EWR	ATL	116	746	17	10	2013-05-01 17:00:00
2013	5	1	1706	1715	-9	1841	1900	-19	AA	2019	N594AA	LGA	STL	126	888	17	15	2013-05-01 17:00:00
2013	5	1	1707	1710	-3	1840	1915	-35	AA	1351	N3ECAA	JFK	ORD	106	740	17	10	2013-05-01 17:00:00
2013	5	1	1710	1700	10	1945	1939	6	DL	1499	N633DL	LGA	ATL	120	762	17	0	2013-05-01 17:00:00
2013	5	1	1711	1715	-4	1828	1829	-1	B6	1176	N296JB	EWR	BOS	42	200	17	15	2013-05-01 17:00:00
2013	5	1	1711	1715	-4	1959	2012	-13	DL	503	N3769L	JFK	SAN	314	2446	17	15	2013-05-01 17:00:00
2013	5	1	1712	1706	6	1856	1907	-11	EV	4517	N14972	EWR	MSP	140	1008	17	6	2013-05-01 17:00:00
2013	5	1	1713	1650	23	1830	1817	13	EV	3815	N11551	EWR	RIC	56	277	16	50	2013-05-01 16:00:00
2013	5	1	1716	1629	47	1951	1939	12	AA	565	N3FWAA	JFK	DFW	176	1391	16	29	2013-05-01 16:00:00
2013	5	1	1716	1659	17	2002	2005	-3	UA	497	N851UA	EWR	MIA	145	1085	16	59	2013-05-01 16:00:00
2013	5	1	1717	1722	-5	1955	2024	-29	UA	1437	N37253	EWR	AUS	200	1504	17	22	2013-05-01 17:00:00
2013	5	1	1719	1725	-6	2024	2020	4	AA	1901	N3CFAA	JFK	IAH	202	1417	17	25	2013-05-01 17:00:00
2013	5	1	1720	1730	-10	1907	1940	-33	EV	4682	N14153	EWR	CVG	86	569	17	30	2013-05-01 17:00:00
2013	5	1	1721	1729	-8	2019	2044	-25	AA	1999	N3FHAA	EWR	MIA	137	1085	17	29	2013-05-01 17:00:00
2013	5	1	1721	1720	1	2001	2020	-19	UA	1712	N75435	EWR	IAH	190	1400	17	20	2013-05-01 17:00:00
2013	5	1	1722	1720	2	2026	2025	1	AA	695	N3HVAA	JFK	AUS	200	1521	17	20	2013-05-01 17:00:00
2013	5	1	1723	1725	-2	2022	2040	-18	AA	145	N3EUAA	JFK	SAN	324	2446	17	25	2013-05-01 17:00:00
2013	5	1	1723	1715	8	2004	2000	4	WN	717	N750SA	EWR	HOU	193	1411	17	15	2013-05-01 17:00:00
2013	5	1	1724	1730	-6	2021	2039	-18	B6	83	N729JB	JFK	SEA	316	2422	17	30	2013-05-01 17:00:00
2013	5	1	1725	1724	1	1910	1929	-19	EV	3828	N14916	EWR	DTW	75	488	17	24	2013-05-01 17:00:00
2013	5	1	1725	1725	0	2019	2034	-15	DL	1185	N334NW	EWR	SLC	254	1969	17	25	2013-05-01 17:00:00
2013	5	1	1725	1728	-3	2017	2040	-23	UA	752	N573UA	EWR	LAX	312	2454	17	28	2013-05-01 17:00:00
2013	5	1	1726	1700	26	2015	2011	4	DL	706	N336NB	JFK	AUS	184	1521	17	0	2013-05-01 17:00:00
2013	5	1	1727	1730	-3	1913	1919	-6	US	449	N648AW	EWR	CLT	81	529	17	30	2013-05-01 17:00:00
2013	5	1	1727	1709	18	2033	2039	-6	UA	512	N596UA	JFK	SFO	333	2586	17	9	2013-05-01 17:00:00
2013	5	1	1728	1731	-3	2034	2044	-10	B6	359	N708JB	JFK	BUR	324	2465	17	31	2013-05-01 17:00:00
2013	5	1	1728	1729	-1	2025	2110	-45	VX	193	N524VA	EWR	SFO	327	2565	17	29	2013-05-01 17:00:00
2013	5	1	1728	1728	0	2023	2055	-32	UA	318	N464UA	EWR	SAT	201	1569	17	28	2013-05-01 17:00:00
2013	5	1	1728	1705	23	1829	1843	-14	UA	689	N843UA	LGA	ORD	99	733	17	5	2013-05-01 17:00:00
2013	5	1	1729	1732	-3	2056	2114	-18	B6	647	N775JB	JFK	SFO	334	2586	17	32	2013-05-01 17:00:00
2013	5	1	1729	1730	-1	1914	1935	-21	DL	2331	N368NW	LGA	DTW	74	502	17	30	2013-05-01 17:00:00
2013	5	1	1730	1730	0	1853	1904	-11	B6	38	N258JB	JFK	ROC	47	264	17	30	2013-05-01 17:00:00
2013	5	1	1731	1720	11	2002	2021	-19	UA	1731	N36447	EWR	LAS	288	2227	17	20	2013-05-01 17:00:00
2013	5	1	1732	1745	-13	2031	2031	0	B6	527	N594JB	EWR	MCO	125	937	17	45	2013-05-01 17:00:00
2013	5	1	1732	1735	-3	1840	1902	-22	DL	2383	N329NW	LGA	PWM	46	269	17	35	2013-05-01 17:00:00
2013	5	1	1732	1739	-7	2006	2002	4	FL	722	N281AT	LGA	ATL	124	762	17	39	2013-05-01 17:00:00
2013	5	1	1732	1729	3	2037	2104	-27	UA	789	N520UA	EWR	SFO	326	2565	17	29	2013-05-01 17:00:00
2013	5	1	1733	1715	18	2029	2041	-12	DL	1863	N340NB	JFK	SAT	201	1587	17	15	2013-05-01 17:00:00
2013	5	1	1734	1730	4	2020	2017	3	UA	1109	N18112	EWR	MCO	129	937	17	30	2013-05-01 17:00:00
2013	5	1	1735	1740	-5	1920	1935	-15	WN	1596	N468WN	EWR	STL	122	872	17	40	2013-05-01 17:00:00
2013	5	1	1736	1735	1	2108	2105	3	AA	543	N5EYAA	JFK	MIA	161	1089	17	35	2013-05-01 17:00:00
2013	5	1	1738	1740	-2	1904	1908	-4	B6	1307	N183JB	JFK	IAD	44	228	17	40	2013-05-01 17:00:00
2013	5	1	1738	1730	8	2103	2119	-16	DL	31	N709TW	JFK	SFO	333	2586	17	30	2013-05-01 17:00:00
2013	5	1	1739	1720	19	2040	2019	21	UA	1269	N37471	EWR	PBI	139	1023	17	20	2013-05-01 17:00:00
2013	5	1	1740	1745	-5	2005	2050	-45	AA	785	N3AEAA	LGA	DFW	182	1389	17	45	2013-05-01 17:00:00
2013	5	1	1740	1745	-5	1935	2021	-46	DL	884	N339NW	LGA	DEN	210	1620	17	45	2013-05-01 17:00:00
2013	5	1	1743	1747	-4	1858	1900	-2	EV	3840	N16571	EWR	DCA	41	199	17	47	2013-05-01 17:00:00
2013	5	1	1747	1759	-12	2014	2049	-35	B6	391	N561JB	LGA	MCO	131	950	17	59	2013-05-01 17:00:00
2013	5	1	1748	1755	-7	2045	2103	-18	UA	535	N505UA	JFK	LAX	316	2475	17	55	2013-05-01 17:00:00
2013	5	1	1751	1755	-4	1911	1930	-19	MQ	4601	N531MQ	LGA	RDU	66	431	17	55	2013-05-01 17:00:00
2013	5	1	1752	1800	-8	2022	2034	-12	DL	61	N675DL	LGA	ATL	111	762	18	0	2013-05-01 18:00:00
2013	5	1	1753	1800	-7	2111	2140	-29	AA	177	N332AA	JFK	SFO	333	2586	18	0	2013-05-01 18:00:00
2013	5	1	1753	1740	13	1941	1943	-2	YV	2705	N924FJ	LGA	CLT	85	544	17	40	2013-05-01 17:00:00
2013	5	1	1753	1800	-7	1945	2025	-40	MQ	4413	N720MQ	LGA	XNA	154	1147	18	0	2013-05-01 18:00:00
2013	5	1	1754	1800	-6	1858	1950	-52	AA	353	N425AA	LGA	ORD	102	733	18	0	2013-05-01 18:00:00
2013	5	1	1754	1755	-1	2052	2115	-23	DL	1394	N3772H	JFK	PDX	311	2454	17	55	2013-05-01 17:00:00
2013	5	1	1755	1800	-5	1855	1938	-43	UA	691	N497UA	LGA	ORD	102	733	18	0	2013-05-01 18:00:00
2013	5	1	1756	1736	20	1943	1924	19	B6	1111	N281JB	JFK	RDU	68	427	17	36	2013-05-01 17:00:00
2013	5	1	1756	1705	51	1944	1906	38	US	894	N196UW	LGA	CLT	79	544	17	5	2013-05-01 17:00:00
2013	5	1	1757	1805	-8	1924	1936	-12	EV	4663	N14570	EWR	BNA	100	748	18	5	2013-05-01 18:00:00
2013	5	1	1758	1655	63	2029	2010	19	AA	773	N576AA	LGA	DFW	179	1389	16	55	2013-05-01 16:00:00
2013	5	1	1758	1800	-2	1911	1915	-4	US	2185	N704US	LGA	DCA	43	214	18	0	2013-05-01 18:00:00
2013	5	1	1801	1805	-4	1958	1954	4	UA	1053	N38403	EWR	CLE	56	404	18	5	2013-05-01 18:00:00
2013	5	1	1802	1803	-1	1915	1948	-33	UA	1524	N26208	EWR	ORD	97	719	18	3	2013-05-01 18:00:00
2013	5	1	1804	1800	4	2059	2108	-9	UA	1637	N36280	EWR	TPA	139	997	18	0	2013-05-01 18:00:00
2013	5	1	1805	1805	0	2106	2128	-22	B6	217	N559JB	JFK	LGB	324	2465	18	5	2013-05-01 18:00:00
2013	5	1	1806	1815	-9	2029	2039	-10	9E	3691	N8936A	JFK	CHS	87	636	18	15	2013-05-01 18:00:00
2013	5	1	1808	1810	-2	2111	2114	-3	DL	2370	N392DA	LGA	PBI	156	1035	18	10	2013-05-01 18:00:00
2013	5	1	1809	1730	39	2005	1956	9	F9	419	N202FR	LGA	DEN	213	1620	17	30	2013-05-01 17:00:00
2013	5	1	1810	1815	-5	2021	2039	-18	9E	3285	N910XJ	JFK	DTW	78	509	18	15	2013-05-01 18:00:00
2013	5	1	1810	1820	-10	2050	2131	-41	AS	7	N546AS	EWR	SEA	306	2402	18	20	2013-05-01 18:00:00
2013	5	1	1811	1755	16	2112	2120	-8	AA	1611	N3HPAA	LGA	MIA	153	1096	17	55	2013-05-01 17:00:00
2013	5	1	1811	1815	-4	2127	2135	-8	DL	1433	N331NW	JFK	MIA	159	1089	18	15	2013-05-01 18:00:00
2013	5	1	1811	1629	102	2106	1955	71	UA	398	N852UA	EWR	SFO	321	2565	16	29	2013-05-01 16:00:00
2013	5	1	1812	1815	-3	1935	1955	-20	MQ	3730	N5PBMQ	EWR	ORD	99	719	18	15	2013-05-01 18:00:00
2013	5	1	1812	1800	12	1917	1919	-2	US	2138	N967UW	LGA	BOS	36	184	18	0	2013-05-01 18:00:00
2013	5	1	1815	1820	-5	1951	2001	-10	9E	4277	N8646A	JFK	ORF	57	290	18	20	2013-05-01 18:00:00
2013	5	1	1815	1818	-3	2110	2120	-10	B6	35	N591JB	JFK	PBI	138	1028	18	18	2013-05-01 18:00:00
2013	5	1	1815	1830	-15	1922	1955	-33	MQ	4484	N735MQ	LGA	BNA	105	764	18	30	2013-05-01 18:00:00
2013	5	1	1816	1835	-19	2012	2049	-37	9E	4059	N8688C	LGA	DAY	78	549	18	35	2013-05-01 18:00:00
2013	5	1	1816	1815	1	2058	2043	15	DL	926	N359NB	EWR	ATL	101	746	18	15	2013-05-01 18:00:00
2013	5	1	1816	1821	-5	2015	2041	-26	DL	1715	N354NW	LGA	MSY	158	1183	18	21	2013-05-01 18:00:00
2013	5	1	1820	1830	-10	2133	2200	-27	AA	119	N3KHAA	EWR	LAX	329	2454	18	30	2013-05-01 18:00:00
2013	5	1	1821	1829	-8	2032	2031	1	US	1973	N105UW	EWR	CLT	79	529	18	29	2013-05-01 18:00:00
2013	5	1	1823	1830	-7	2115	2200	-45	AA	269	N3JMAA	JFK	SEA	317	2422	18	30	2013-05-01 18:00:00
2013	5	1	1824	1829	-5	2011	2035	-24	DL	2131	N969DL	LGA	DTW	72	502	18	29	2013-05-01 18:00:00
2013	5	1	1825	1825	0	1944	2005	-21	WN	1354	N474WN	LGA	BNA	108	764	18	25	2013-05-01 18:00:00
2013	5	1	1825	1830	-5	2130	2200	-30	UA	389	N557UA	JFK	SFO	329	2586	18	30	2013-05-01 18:00:00
2013	5	1	1825	1805	20	2104	2107	-3	UA	1431	N34222	EWR	DFW	177	1372	18	5	2013-05-01 18:00:00
2013	5	1	1827	1830	-3	1940	2010	-30	MQ	4674	N508MQ	LGA	CLE	57	419	18	30	2013-05-01 18:00:00
2013	5	1	1828	1829	-1	1959	2039	-40	DL	2019	N325US	LGA	MSP	131	1020	18	29	2013-05-01 18:00:00
2013	5	1	1828	1829	-1	2027	2032	-5	US	297	N549UW	JFK	CLT	81	541	18	29	2013-05-01 18:00:00
2013	5	1	1829	1830	-1	1929	1940	-11	MQ	3944	N635MQ	JFK	BWI	33	184	18	30	2013-05-01 18:00:00
2013	5	1	1829	1830	-1	2145	2152	-7	UA	346	N538UA	EWR	LAX	311	2454	18	30	2013-05-01 18:00:00
2013	5	1	1829	1830	-1	2142	2204	-22	UA	1127	N37273	EWR	SFO	322	2565	18	30	2013-05-01 18:00:00
2013	5	1	1830	1835	-5	2134	2213	-39	B6	173	N613JB	JFK	SJC	329	2569	18	35	2013-05-01 18:00:00
2013	5	1	1830	1830	0	2054	2121	-27	UA	444	N564UA	EWR	LAS	297	2227	18	30	2013-05-01 18:00:00
2013	5	1	1831	1745	46	2106	2043	23	DL	1585	N979DL	LGA	MCO	125	950	17	45	2013-05-01 17:00:00
2013	5	1	1832	1836	-4	1959	2015	-16	B6	130	N306JB	JFK	BUF	50	301	18	36	2013-05-01 18:00:00
2013	5	1	1838	1847	-9	2004	2034	-30	9E	4019	N8933B	JFK	RIC	51	288	18	47	2013-05-01 18:00:00
2013	5	1	1840	1845	-5	2138	2150	-12	B6	509	N607JB	EWR	FLL	139	1065	18	45	2013-05-01 18:00:00
2013	5	1	1841	1810	31	2010	2000	10	MQ	4626	N520MQ	LGA	CMH	69	479	18	10	2013-05-01 18:00:00
2013	5	1	1841	1825	16	2144	2146	-2	UA	1075	N16701	EWR	SNA	322	2434	18	25	2013-05-01 18:00:00
2013	5	1	1842	1850	-8	1949	2035	-46	AA	359	N479AA	LGA	ORD	101	733	18	50	2013-05-01 18:00:00
2013	5	1	1844	1845	-1	2005	2030	-25	MQ	4517	N717MQ	LGA	CRW	63	444	18	45	2013-05-01 18:00:00
2013	5	1	1845	1840	5	2102	2050	12	EV	4348	N12142	EWR	MCI	153	1092	18	40	2013-05-01 18:00:00
2013	5	1	1845	1845	0	2129	2156	-27	DL	2391	N953DL	JFK	TPA	135	1005	18	45	2013-05-01 18:00:00
2013	5	1	1847	1830	17	2105	2100	5	WN	1545	N218WN	EWR	MSY	159	1167	18	30	2013-05-01 18:00:00
2013	5	1	1848	1855	-7	2211	2220	-9	VX	169	N529VA	EWR	LAX	319	2454	18	55	2013-05-01 18:00:00
2013	5	1	1849	1855	-6	2016	2041	-25	EV	5562	N615QX	LGA	BGR	60	378	18	55	2013-05-01 18:00:00
2013	5	1	1851	1800	51	2041	1935	66	WN	504	N795SW	EWR	MDW	97	711	18	0	2013-05-01 18:00:00
2013	5	1	1851	1859	-8	2113	2122	-9	FL	645	N956AT	LGA	ATL	102	762	18	59	2013-05-01 18:00:00
2013	5	1	1851	1900	-9	1949	2015	-26	US	2140	N947UW	LGA	BOS	39	184	19	0	2013-05-01 19:00:00
2013	5	1	1854	1900	-6	2110	2135	-25	DL	947	N679DA	LGA	ATL	107	762	19	0	2013-05-01 19:00:00
2013	5	1	1854	1900	-6	2152	2203	-11	UA	1569	N79521	EWR	SEA	307	2402	19	0	2013-05-01 19:00:00
2013	5	1	1854	1900	-6	1959	2037	-38	UA	1112	N87512	LGA	ORD	100	733	19	0	2013-05-01 19:00:00
2013	5	1	1855	1905	-10	2106	2132	-26	9E	3367	N928XJ	JFK	CVG	82	589	19	5	2013-05-01 19:00:00
2013	5	1	1855	1859	-4	2052	2134	-42	9E	3403	N904XJ	JFK	MCI	151	1113	18	59	2013-05-01 18:00:00
2013	5	1	1855	1905	-10	2141	2209	-28	B6	75	N705JB	JFK	TPA	132	1005	19	5	2013-05-01 19:00:00
2013	5	1	1857	1900	-3	2204	2238	-34	DL	87	N702TW	JFK	LAX	328	2475	19	0	2013-05-01 19:00:00
2013	5	1	1858	1910	-12	2012	2045	-33	9E	3413	N908XJ	JFK	BWI	39	184	19	10	2013-05-01 19:00:00
2013	5	1	1858	1908	-10	2030	2053	-23	UA	1408	N14250	EWR	ORD	96	719	19	8	2013-05-01 19:00:00
2013	5	1	1859	1900	-1	2115	2147	-32	DL	73	N16065	JFK	ATL	105	760	19	0	2013-05-01 19:00:00
2013	5	1	1859	1855	4	2045	2056	-11	US	1491	N181UW	LGA	CLT	84	544	18	55	2013-05-01 18:00:00
2013	5	1	1903	1905	-2	2127	2144	-17	DL	2457	N322NB	JFK	MSY	155	1182	19	5	2013-05-01 19:00:00
2013	5	1	1904	1905	-1	2154	2224	-30	B6	111	N634JB	JFK	FLL	139	1069	19	5	2013-05-01 19:00:00
2013	5	1	1904	1900	4	2209	2251	-42	DL	1465	N721TW	JFK	SFO	324	2586	19	0	2013-05-01 19:00:00
2013	5	1	1907	1910	-3	2128	2117	11	EV	5675	N12924	EWR	CLT	83	529	19	10	2013-05-01 19:00:00
2013	5	1	1907	1910	-3	2148	2240	-52	AA	21	N324AA	JFK	LAX	310	2475	19	10	2013-05-01 19:00:00
2013	5	1	1908	1821	47	2217	2126	51	UA	1587	N54711	EWR	RSW	142	1068	18	21	2013-05-01 18:00:00
2013	5	1	1909	1823	46	2148	2055	53	UA	1236	N75425	EWR	DEN	213	1605	18	23	2013-05-01 18:00:00
2013	5	1	1910	1900	10	2021	2048	-27	EV	5038	N738EV	LGA	BHM	115	866	19	0	2013-05-01 19:00:00
2013	5	1	1910	1909	1	2209	2235	-26	B6	87	N584JB	JFK	SLC	264	1990	19	9	2013-05-01 19:00:00
2013	5	1	1913	1915	-2	2035	2112	-37	EV	5168	N708EV	LGA	GSO	68	461	19	15	2013-05-01 19:00:00
2013	5	1	1915	1850	25	2212	2225	-13	VX	29	N621VA	JFK	SFO	324	2586	18	50	2013-05-01 18:00:00
2013	5	1	1916	1919	-3	2204	2220	-16	B6	155	N510JB	JFK	MCO	126	944	19	19	2013-05-01 19:00:00
2013	5	1	1917	1859	18	2100	2059	1	9E	3455	N936XJ	JFK	PIT	59	340	18	59	2013-05-01 18:00:00
2013	5	1	1918	1900	18	2058	2022	36	EV	4131	N15973	EWR	RIC	55	277	19	0	2013-05-01 19:00:00
2013	5	1	1918	1929	-11	2212	2229	-17	AA	2075	N518AA	EWR	DFW	173	1372	19	29	2013-05-01 19:00:00
2013	5	1	1919	1925	-6	2159	2255	-56	DL	1643	N3766	JFK	SEA	306	2422	19	25	2013-05-01 19:00:00
2013	5	1	1920	1930	-10	2017	2054	-37	EV	5769	N835AS	LGA	IAD	42	229	19	30	2013-05-01 19:00:00
2013	5	1	1921	1929	-8	2048	2109	-21	MQ	4569	N840MQ	LGA	RDU	69	431	19	29	2013-05-01 19:00:00
2013	5	1	1922	1925	-3	2044	2129	-45	9E	3525	N923XJ	JFK	ORD	100	740	19	25	2013-05-01 19:00:00
2013	5	1	1923	1929	-6	2301	2310	-9	UA	1600	N27239	EWR	SFO	331	2565	19	29	2013-05-01 19:00:00
2013	5	1	1924	1930	-6	2109	2139	-30	9E	3416	N605LR	JFK	RDU	70	427	19	30	2013-05-01 19:00:00
2013	5	1	1924	1930	-6	2039	2117	-38	DL	975	N341NB	LGA	PIT	52	335	19	30	2013-05-01 19:00:00
2013	5	1	1924	1927	-3	2106	2057	9	UA	1703	N77430	EWR	BOS	39	200	19	27	2013-05-01 19:00:00
2013	5	1	1925	1925	0	2224	2303	-39	DL	6	N6712B	JFK	SLC	262	1990	19	25	2013-05-01 19:00:00
2013	5	1	1926	1930	-4	2138	2155	-17	EV	4998	N719EV	LGA	MCI	149	1107	19	30	2013-05-01 19:00:00
2013	5	1	1926	1607	199	2051	1758	173	EV	5486	N748EV	LGA	PIT	54	335	16	7	2013-05-01 16:00:00
2013	5	1	1926	1925	1	2221	2230	-9	AA	1787	N3CBAA	JFK	TPA	141	1005	19	25	2013-05-01 19:00:00
2013	5	1	1926	1925	1	2018	2105	-47	WN	3135	N491WN	LGA	MKE	102	738	19	25	2013-05-01 19:00:00
2013	5	1	1927	1930	-3	2128	2130	-2	EV	4543	N11193	EWR	DSM	130	1017	19	30	2013-05-01 19:00:00
2013	5	1	1927	1930	-3	2049	2050	-1	EV	5714	N833AS	JFK	IAD	41	228	19	30	2013-05-01 19:00:00
2013	5	1	1927	1930	-3	2153	2230	-37	AA	791	N3CGAA	LGA	DFW	184	1389	19	30	2013-05-01 19:00:00
2013	5	1	1929	1931	-2	2213	2216	-3	EV	4204	N11107	EWR	OKC	172	1325	19	31	2013-05-01 19:00:00
2013	5	1	1930	1935	-5	2137	2155	-18	9E	3798	N8891A	JFK	CLT	80	541	19	35	2013-05-01 19:00:00
2013	5	1	1930	1925	5	2227	2243	-16	DL	2139	N909DL	LGA	MIA	142	1096	19	25	2013-05-01 19:00:00
2013	5	1	1932	1925	7	2236	2219	17	DL	1485	N929DL	LGA	MCO	130	950	19	25	2013-05-01 19:00:00
2013	5	1	1934	1900	34	2035	2015	20	US	2187	N750UW	LGA	DCA	41	214	19	0	2013-05-01 19:00:00
2013	5	1	1935	1940	-5	2213	2130	43	MQ	4423	N804MQ	JFK	RDU	69	427	19	40	2013-05-01 19:00:00
2013	5	1	1936	1945	-9	2222	2300	-38	AA	1709	N3EWAA	LGA	MIA	141	1096	19	45	2013-05-01 19:00:00
2013	5	1	1937	1937	0	2241	2244	-3	UA	1041	N37267	EWR	SAN	314	2425	19	37	2013-05-01 19:00:00
2013	5	1	1938	1940	-2	2224	2243	-19	DL	1435	N924DL	LGA	TPA	142	1010	19	40	2013-05-01 19:00:00
2013	5	1	1938	1755	103	2037	1930	67	WN	3962	N268WN	LGA	MDW	99	725	17	55	2013-05-01 17:00:00
2013	5	1	1939	1945	-6	2050	2125	-35	AA	361	N521AA	LGA	ORD	97	733	19	45	2013-05-01 19:00:00
2013	5	1	1940	1940	0	2142	2130	12	MQ	3783	N513MQ	JFK	CMH	66	483	19	40	2013-05-01 19:00:00
2013	5	1	1941	1935	6	2204	2159	5	EV	4333	N16151	EWR	TUL	158	1215	19	35	2013-05-01 19:00:00
2013	5	1	1941	1840	61	2247	2132	75	DL	1629	N3735D	JFK	LAS	300	2248	18	40	2013-05-01 18:00:00
2013	5	1	1941	1949	-8	2312	2324	-12	UA	612	N847UA	EWR	LAX	315	2454	19	49	2013-05-01 19:00:00
2013	5	1	1941	1929	12	2216	2159	17	UA	659	N580UA	EWR	PHX	282	2133	19	29	2013-05-01 19:00:00
2013	5	1	1942	1943	-1	2134	2100	34	EV	3267	N13949	EWR	PWM	54	284	19	43	2013-05-01 19:00:00
2013	5	1	1942	1910	32	2243	2231	12	DL	83	N3757D	JFK	FLL	137	1069	19	10	2013-05-01 19:00:00
2013	5	1	1942	1915	27	2208	2154	14	DL	245	N3747D	JFK	PHX	278	2153	19	15	2013-05-01 19:00:00
2013	5	1	1945	1955	-10	2125	2108	17	EV	4312	N13958	EWR	DCA	41	199	19	55	2013-05-01 19:00:00
2013	5	1	1947	2000	-13	2100	2119	-19	US	2189	N724UW	LGA	DCA	38	214	20	0	2013-05-01 20:00:00
2013	5	1	1948	1955	-7	2133	2139	-6	EV	4088	N12195	LGA	CLE	60	419	19	55	2013-05-01 19:00:00
2013	5	1	1948	2000	-12	2233	2258	-25	9E	3450	N907XJ	JFK	JAX	116	828	20	0	2013-05-01 20:00:00
2013	5	1	1948	1855	53	2243	2146	57	B6	195	N621JB	JFK	LAS	304	2248	18	55	2013-05-01 18:00:00
2013	5	1	1949	1955	-6	2107	2110	-3	AA	1762	N3GDAA	JFK	BOS	37	187	19	55	2013-05-01 19:00:00
2013	5	1	1949	1900	49	2243	2159	44	DL	2159	N390DA	JFK	MCO	121	944	19	0	2013-05-01 19:00:00
2013	5	1	1950	1951	-1	2311	2259	12	UA	614	N409UA	EWR	FLL	145	1065	19	51	2013-05-01 19:00:00
2013	5	1	1952	2000	-8	2118	2112	6	EV	4117	N13968	EWR	ALB	37	143	20	0	2013-05-01 20:00:00
2013	5	1	1952	2000	-8	2109	2113	-4	US	2142	N950UW	LGA	BOS	36	184	20	0	2013-05-01 20:00:00
2013	5	1	1953	2000	-7	2108	2138	-30	UA	695	N815UA	LGA	ORD	101	733	20	0	2013-05-01 20:00:00
2013	5	1	1955	1935	20	2226	2140	46	EV	4361	N14562	EWR	TYS	87	631	19	35	2013-05-01 19:00:00
2013	5	1	1955	2005	-10	2150	2200	-10	MQ	4555	N721MQ	LGA	CMH	72	479	20	5	2013-05-01 20:00:00
2013	5	1	1957	1820	97	2202	2048	74	9E	3542	N913XJ	JFK	MSP	128	1029	18	20	2013-05-01 18:00:00
2013	5	1	1957	2001	-4	2245	2308	-23	B6	1505	N504JB	JFK	ABQ	246	1826	20	1	2013-05-01 20:00:00
2013	5	1	1957	2000	-3	2121	2130	-9	DL	985	N336NW	JFK	BOS	36	187	20	0	2013-05-01 20:00:00
2013	5	1	1957	2000	-3	2224	2237	-13	DL	1147	N348NW	LGA	ATL	105	762	20	0	2013-05-01 20:00:00
2013	5	1	2000	2003	-3	2214	2214	0	EV	4536	N13994	EWR	CVG	84	569	20	3	2013-05-01 20:00:00
2013	5	1	2000	1940	20	2306	2252	14	DL	1854	N931DL	LGA	FLL	143	1076	19	40	2013-05-01 19:00:00
2013	5	1	2007	2020	-13	2251	2322	-31	UA	489	N842UA	EWR	DFW	177	1372	20	20	2013-05-01 20:00:00
2013	5	1	2008	2015	-7	2223	2220	3	EV	4370	N27152	EWR	CHS	87	628	20	15	2013-05-01 20:00:00
2013	5	1	2008	2015	-7	2219	2240	-21	9E	4033	N8587E	LGA	TYS	92	647	20	15	2013-05-01 20:00:00
2013	5	1	2008	2013	-5	2304	2304	0	UA	1611	N24729	EWR	IAH	183	1400	20	13	2013-05-01 20:00:00
2013	5	1	2009	1935	34	2132	2121	11	9E	4127	N8696C	JFK	IAD	39	228	19	35	2013-05-01 19:00:00
2013	5	1	2009	2020	-11	2239	2245	-6	MQ	4662	N530MQ	LGA	ATL	104	762	20	20	2013-05-01 20:00:00
2013	5	1	2010	2015	-5	2329	2358	-29	B6	649	N627JB	JFK	SFO	332	2586	20	15	2013-05-01 20:00:00
2013	5	1	2017	2015	2	2128	2139	-11	B6	1016	N298JB	JFK	BOS	36	187	20	15	2013-05-01 20:00:00
2013	5	1	2017	2030	-13	2149	2201	-12	FL	354	N993AT	LGA	CAK	57	397	20	30	2013-05-01 20:00:00
2013	5	1	2017	2025	-8	2316	2333	-17	UA	771	N510UA	JFK	LAX	321	2475	20	25	2013-05-01 20:00:00
2013	5	1	2018	2025	-7	2226	2226	0	EV	4292	N48901	EWR	GSP	88	594	20	25	2013-05-01 20:00:00
2013	5	1	2019	2015	4	2304	2308	-4	B6	43	N662JB	JFK	MCO	126	944	20	15	2013-05-01 20:00:00
2013	5	1	2021	2030	-9	2148	2217	-29	B6	917	N309JB	JFK	ORD	107	740	20	30	2013-05-01 20:00:00
2013	5	1	2022	2031	-9	2312	2348	-36	B6	1069	N563JB	JFK	AUS	189	1521	20	31	2013-05-01 20:00:00
2013	5	1	2023	1800	143	2313	2115	118	DL	17	N184DN	JFK	LAX	309	2475	18	0	2013-05-01 18:00:00
2013	5	1	2023	2001	22	2323	2320	3	VX	415	N624VA	JFK	LAX	318	2475	20	1	2013-05-01 20:00:00
2013	5	1	2023	2028	-5	2322	2336	-14	UA	1241	N39416	EWR	TPA	132	997	20	28	2013-05-01 20:00:00
2013	5	1	2025	2030	-5	2157	2150	7	WN	490	N752SW	EWR	MDW	101	711	20	30	2013-05-01 20:00:00
2013	5	1	2027	2030	-3	2347	2356	-9	B6	677	N807JB	JFK	LAX	322	2475	20	30	2013-05-01 20:00:00
2013	5	1	2027	2014	13	2346	2324	22	UA	729	N850UA	EWR	MIA	146	1085	20	14	2013-05-01 20:00:00
2013	5	1	2032	2045	-13	2154	2159	-5	B6	1178	N197JB	EWR	BOS	40	200	20	45	2013-05-01 20:00:00
2013	5	1	2032	2040	-8	2207	2200	7	MQ	4449	N850MQ	JFK	DCA	52	213	20	40	2013-05-01 20:00:00
2013	5	1	2034	2048	-14	2228	2227	1	EV	4459	N13124	EWR	GSO	68	445	20	48	2013-05-01 20:00:00
2013	5	1	2039	2045	-6	2247	2313	-26	B6	115	N178JB	JFK	MSY	155	1182	20	45	2013-05-01 20:00:00
2013	5	1	2042	2047	-5	2219	2235	-16	9E	3395	N934XJ	JFK	DCA	41	213	20	47	2013-05-01 20:00:00
2013	5	1	2043	2025	18	2326	2325	1	DL	1729	N3730B	JFK	LAS	307	2248	20	25	2013-05-01 20:00:00
2013	5	1	2045	2055	-10	2143	2230	-47	AA	371	N591AA	LGA	ORD	99	733	20	55	2013-05-01 20:00:00
2013	5	1	2046	2022	24	2321	2252	29	B6	179	N526JB	JFK	PHX	285	2153	20	22	2013-05-01 20:00:00
2013	5	1	2047	2055	-8	2140	2225	-45	WN	1731	N274WN	LGA	MDW	100	725	20	55	2013-05-01 20:00:00
2013	5	1	2047	2100	-13	2201	2215	-14	US	2191	N769US	LGA	DCA	37	214	21	0	2013-05-01 21:00:00
2013	5	1	2048	2050	-2	2208	2229	-21	EV	5057	N713EV	LGA	RIC	49	292	20	50	2013-05-01 20:00:00
2013	5	1	2048	2055	-7	2201	2215	-14	MQ	3744	N8EGMQ	EWR	ORD	96	719	20	55	2013-05-01 20:00:00
2013	5	1	2049	2100	-11	2324	2338	-14	B6	399	N523JB	LGA	MCO	129	950	21	0	2013-05-01 21:00:00
2013	5	1	2052	2045	7	2319	2313	6	EV	4655	N11194	EWR	JAX	107	820	20	45	2013-05-01 20:00:00
2013	5	1	2052	2100	-8	2148	2210	-22	US	2144	N957UW	LGA	BOS	37	184	21	0	2013-05-01 21:00:00
2013	5	1	2053	2040	13	35	38	-3	UA	1071	N78509	EWR	BQN	189	1585	20	40	2013-05-01 20:00:00
2013	5	1	2054	1930	84	2255	2143	72	9E	3899	N8932C	JFK	CLE	63	425	19	30	2013-05-01 19:00:00
2013	5	1	2054	2105	-11	2231	2305	-34	MQ	4573	N725MQ	LGA	DTW	76	502	21	5	2013-05-01 21:00:00
2013	5	1	2054	2045	9	2359	18	-19	UA	651	N807UA	EWR	SFO	328	2565	20	45	2013-05-01 20:00:00
2013	5	1	2056	2102	-6	2218	2227	-9	EV	4119	N36915	EWR	RIC	45	277	21	2	2013-05-01 21:00:00
2013	5	1	2059	2100	-1	2311	2327	-16	DL	1247	N908DE	LGA	ATL	105	762	21	0	2013-05-01 21:00:00
2013	5	1	2102	2100	2	27	30	-3	DL	2363	N624AG	JFK	LAX	321	2475	21	0	2013-05-01 21:00:00
2013	5	1	2105	2034	31	2217	2203	14	EV	4224	N16961	EWR	MKE	102	725	20	34	2013-05-01 20:00:00
2013	5	1	2107	2114	-7	2219	2244	-25	UA	1604	N17245	EWR	BOS	41	200	21	14	2013-05-01 21:00:00
2013	5	1	2108	2059	9	2253	2256	-3	EV	4368	N15912	EWR	DAY	71	533	20	59	2013-05-01 20:00:00
2013	5	1	2108	1900	128	2244	2031	133	EV	4226	N15980	EWR	BNA	98	748	19	0	2013-05-01 19:00:00
2013	5	1	2108	2110	-2	2244	2245	-1	B6	10	N328JB	JFK	BUF	52	301	21	10	2013-05-01 21:00:00
2013	5	1	2108	2115	-7	2333	2349	-16	B6	97	N804JB	JFK	DEN	216	1626	21	15	2013-05-01 21:00:00
2013	5	1	2111	2115	-4	2247	2310	-23	MQ	4584	N6EAMQ	LGA	CLT	78	544	21	15	2013-05-01 21:00:00
2013	5	1	2112	2120	-8	2352	2358	-6	B6	619	N236JB	JFK	JAX	109	828	21	20	2013-05-01 21:00:00
2013	5	1	2114	2125	-11	2211	2235	-24	MQ	4660	N511MQ	LGA	BNA	101	764	21	25	2013-05-01 21:00:00
2013	5	1	2114	2120	-6	2330	2359	-29	UA	1023	N33266	EWR	IAH	171	1400	21	20	2013-05-01 21:00:00
2013	5	1	2118	2124	-6	2246	2305	-19	EV	4672	N17984	EWR	STL	119	872	21	24	2013-05-01 21:00:00
2013	5	1	2124	2129	-5	2359	26	-27	UA	1692	N76254	EWR	MCO	128	937	21	29	2013-05-01 21:00:00
2013	5	1	2124	2129	-5	2318	2356	-38	UA	849	N820UA	EWR	MSY	153	1167	21	29	2013-05-01 21:00:00
2013	5	1	2126	2059	27	2233	2218	15	EV	4695	N13956	EWR	MHT	41	209	20	59	2013-05-01 20:00:00
2013	5	1	2126	2130	-4	2246	2300	-14	MQ	4617	N502MQ	LGA	RDU	67	431	21	30	2013-05-01 21:00:00
2013	5	1	2129	2136	-7	2249	2241	8	EV	4400	N13903	EWR	DCA	40	199	21	36	2013-05-01 21:00:00
2013	5	1	2130	2127	3	4	2337	27	EV	4419	N12175	EWR	MCI	172	1092	21	27	2013-05-01 21:00:00
2013	5	1	2130	1929	121	2340	2155	105	EV	5181	N751EV	EWR	ATL	96	746	19	29	2013-05-01 19:00:00
2013	5	1	2140	2148	-8	2351	2359	-8	EV	3834	N11548	EWR	SDF	94	642	21	48	2013-05-01 21:00:00
2013	5	1	2140	2124	16	2235	2234	1	EV	3807	N14952	EWR	PVD	35	160	21	24	2013-05-01 21:00:00
2013	5	1	2143	2100	43	2343	2253	50	EV	4700	N15574	EWR	CLT	81	529	21	0	2013-05-01 21:00:00
2013	5	1	2145	2145	0	31	105	-34	AA	185	N323AA	JFK	LAX	309	2475	21	45	2013-05-01 21:00:00
2013	5	1	2157	1935	142	50	2239	131	B6	381	N580JB	LGA	FLL	140	1076	19	35	2013-05-01 19:00:00
2013	5	1	2158	2159	-1	2342	2344	-2	B6	1109	N183JB	JFK	RDU	70	427	21	59	2013-05-01 21:00:00
2013	5	1	2209	2159	10	2305	2326	-21	UA	424	N459UA	EWR	BOS	37	200	21	59	2013-05-01 21:00:00
2013	5	1	2212	2159	13	2300	2304	-4	EV	4276	N13123	EWR	BDL	29	116	21	59	2013-05-01 21:00:00
2013	5	1	2212	2030	102	2344	2227	77	EV	4247	N15910	EWR	DTW	73	488	20	30	2013-05-01 20:00:00
2013	5	1	2216	2159	17	2321	2313	8	EV	3813	N14916	EWR	BTV	47	266	21	59	2013-05-01 21:00:00
2013	5	1	2220	2225	-5	2313	2337	-24	EV	5215	N600QX	LGA	SYR	35	198	22	25	2013-05-01 22:00:00
2013	5	1	2220	1821	239	52	2130	202	UA	593	N534UA	EWR	PDX	297	2434	18	21	2013-05-01 18:00:00
2013	5	1	2237	2245	-8	1	1	0	B6	128	N179JB	JFK	BTV	51	266	22	45	2013-05-01 22:00:00
2013	5	1	2238	2245	-7	2343	1	-18	B6	30	N353JB	JFK	ROC	46	264	22	45	2013-05-01 22:00:00
2013	5	1	2238	2130	68	113	17	56	B6	383	N564JB	LGA	FLL	136	1076	21	30	2013-05-01 21:00:00
2013	5	1	2240	2245	-5	2339	2357	-18	B6	22	N203JB	JFK	SYR	40	209	22	45	2013-05-01 22:00:00
2013	5	1	2244	2245	-1	2351	2	-11	B6	608	N306JB	JFK	PWM	47	273	22	45	2013-05-01 22:00:00
2013	5	1	2251	2255	-4	4	19	-15	B6	112	N258JB	JFK	BUF	52	301	22	55	2013-05-01 22:00:00
2013	5	1	2253	2255	-2	2356	4	-8	B6	1018	N821JB	JFK	BOS	35	187	22	55	2013-05-01 22:00:00
2013	5	1	2312	2148	84	138	100	38	UA	1159	N81449	EWR	PBI	132	1023	21	48	2013-05-01 21:00:00
2013	5	1	2353	2359	-6	317	345	-28	B6	701	N503JB	JFK	SJU	182	1598	23	59	2013-05-01 23:00:00
2013	5	1	2355	2359	-4	326	350	-24	B6	739	N663JB	JFK	PSE	190	1617	23	59	2013-05-01 23:00:00
2013	5	1	2356	2359	-3	324	341	-17	B6	727	N593JB	JFK	BQN	184	1576	23	59	2013-05-01 23:00:00
2013	5	1	NA	1855	NA	NA	2050	NA	MQ	4649	N506MQ	LGA	MSP	NA	1020	18	55	2013-05-01 18:00:00
2013	7	1	1	2029	212	236	2359	157	B6	915	N653JB	JFK	SFO	315	2586	20	29	2013-07-01 20:00:00
2013	7	1	2	2359	3	344	344	0	B6	1503	N805JB	JFK	SJU	200	1598	23	59	2013-07-01 23:00:00
2013	7	1	29	2245	104	151	1	110	B6	234	N348JB	JFK	BTV	66	266	22	45	2013-07-01 22:00:00
2013	7	1	43	2130	193	322	14	188	B6	1371	N794JB	LGA	FLL	143	1076	21	30	2013-07-01 21:00:00
2013	7	1	44	2150	174	300	100	120	AA	185	N324AA	JFK	LAX	297	2475	21	50	2013-07-01 21:00:00
2013	7	1	46	2051	235	304	2358	186	B6	165	N640JB	JFK	PDX	304	2454	20	51	2013-07-01 20:00:00
2013	7	1	48	2001	287	308	2305	243	VX	415	N627VA	JFK	LAX	298	2475	20	1	2013-07-01 20:00:00
2013	7	1	58	2155	183	335	43	172	B6	425	N535JB	JFK	TPA	140	1005	21	55	2013-07-01 21:00:00
2013	7	1	100	2146	194	327	30	177	B6	1183	N531JB	JFK	MCO	126	944	21	46	2013-07-01 21:00:00
2013	7	1	100	2245	135	337	135	122	B6	623	N663JB	JFK	LAX	304	2475	22	45	2013-07-01 22:00:00
2013	7	1	107	2245	142	158	2359	119	B6	1816	N249JB	JFK	SYR	39	209	22	45	2013-07-01 22:00:00
2013	7	1	111	2359	72	448	340	68	B6	839	N608JB	JFK	BQN	199	1576	23	59	2013-07-01 23:00:00
2013	7	1	114	2135	219	310	8	182	B6	611	N584JB	JFK	LAS	276	2248	21	35	2013-07-01 21:00:00
2013	7	1	459	500	-1	642	640	2	US	1431	N167US	EWR	CLT	87	529	5	0	2013-07-01 05:00:00
2013	7	1	538	540	-2	800	810	-10	UA	332	N442UA	EWR	IAH	185	1400	5	40	2013-07-01 05:00:00
2013	7	1	540	540	0	841	840	1	AA	701	N5ENAA	JFK	MIA	155	1089	5	40	2013-07-01 05:00:00
2013	7	1	543	545	-2	932	921	11	B6	939	N708JB	JFK	BQN	198	1576	5	45	2013-07-01 05:00:00
2013	7	1	547	548	-1	903	851	12	UA	651	N545UA	EWR	SFO	343	2565	5	48	2013-07-01 05:00:00
2013	7	1	548	545	3	815	819	-4	UA	1714	N14237	LGA	IAH	188	1416	5	45	2013-07-01 05:00:00
2013	7	1	549	600	-11	645	655	-10	US	1629	N959UW	LGA	PHL	37	96	6	0	2013-07-01 06:00:00
2013	7	1	551	600	-9	721	700	21	US	2114	N751UW	LGA	BOS	38	184	6	0	2013-07-01 06:00:00
2013	7	1	554	600	-6	707	659	8	US	2161	N752US	LGA	DCA	45	214	6	0	2013-07-01 06:00:00
2013	7	1	556	600	-4	820	825	-5	DL	461	N915DL	LGA	ATL	119	762	6	0	2013-07-01 06:00:00
2013	7	1	557	600	-3	817	802	15	EV	4372	N21129	EWR	MSP	154	1008	6	0	2013-07-01 06:00:00
2013	7	1	557	600	-3	727	730	-3	EV	4424	N18101	EWR	RDU	69	416	6	0	2013-07-01 06:00:00
2013	7	1	557	600	-3	719	716	3	EV	6177	N13908	EWR	IAD	47	212	6	0	2013-07-01 06:00:00
2013	7	1	557	600	-3	712	725	-13	AA	301	N496AA	LGA	ORD	110	733	6	0	2013-07-01 06:00:00
2013	7	1	557	605	-8	838	820	18	MQ	3550	N521MQ	LGA	ATL	123	762	6	5	2013-07-01 06:00:00
2013	7	1	557	600	-3	828	907	-39	UA	1209	N11206	EWR	LAX	300	2454	6	0	2013-07-01 06:00:00
2013	7	1	559	605	-6	748	735	13	MQ	3525	N721MQ	LGA	RDU	72	431	6	5	2013-07-01 06:00:00
2013	7	1	600	600	0	836	830	6	AA	707	N3DBAA	LGA	DFW	186	1389	6	0	2013-07-01 06:00:00
2013	7	1	600	600	0	839	834	5	B6	27	N559JB	EWR	MCO	136	937	6	0	2013-07-01 06:00:00
2013	7	1	600	600	0	848	840	8	WN	488	N253WN	EWR	HOU	201	1411	6	0	2013-07-01 06:00:00
2013	7	1	600	559	1	700	720	-20	UA	597	N428UA	EWR	BOS	40	200	5	59	2013-07-01 05:00:00
2013	7	1	601	600	1	753	724	29	UA	350	N487UA	LGA	ORD	126	733	6	0	2013-07-01 06:00:00
2013	7	1	602	605	-3	752	745	7	DL	1279	N363NB	LGA	MEM	140	963	6	5	2013-07-01 06:00:00
2013	7	1	603	608	-5	713	719	-6	B6	2180	N304JB	EWR	BOS	44	200	6	8	2013-07-01 06:00:00
2013	7	1	604	605	-1	909	905	4	AA	1837	N3EYAA	LGA	MIA	159	1096	6	5	2013-07-01 06:00:00
2013	7	1	605	609	-4	901	859	2	B6	601	N613JB	JFK	FLL	151	1069	6	9	2013-07-01 06:00:00
2013	7	1	605	600	5	717	727	-10	UA	569	N498UA	EWR	ORD	109	719	6	0	2013-07-01 06:00:00
2013	7	1	606	605	1	925	909	16	UA	774	N811UA	EWR	RSW	154	1068	6	5	2013-07-01 06:00:00
2013	7	1	606	610	-4	847	924	-37	UA	303	N555UA	JFK	SFO	324	2586	6	10	2013-07-01 06:00:00
2013	7	1	607	611	-4	948	954	-6	B6	1403	N634JB	JFK	SJU	199	1598	6	11	2013-07-01 06:00:00
2013	7	1	607	610	-3	823	807	16	DL	1919	N356NW	LGA	MSP	145	1020	6	10	2013-07-01 06:00:00
2013	7	1	609	600	9	902	851	11	B6	371	N584JB	LGA	FLL	150	1076	6	0	2013-07-01 06:00:00
2013	7	1	610	605	5	713	720	-7	WN	3574	N556WN	EWR	MDW	103	711	6	5	2013-07-01 06:00:00
2013	7	1	611	620	-9	820	817	3	EV	4963	N186PQ	EWR	MSP	150	1008	6	20	2013-07-01 06:00:00
2013	7	1	611	610	1	723	725	-2	WN	273	N8317M	LGA	MDW	107	725	6	10	2013-07-01 06:00:00
2013	7	1	611	615	-4	842	857	-15	UA	1144	N87513	EWR	MCO	130	937	6	15	2013-07-01 06:00:00
2013	7	1	614	600	14	732	715	17	MQ	3267	N505MQ	EWR	ORD	106	719	6	0	2013-07-01 06:00:00
2013	7	1	615	615	0	923	910	13	AA	1895	N3HJAA	EWR	MIA	158	1085	6	15	2013-07-01 06:00:00
2013	7	1	615	615	0	809	808	1	US	1447	N103US	JFK	CLT	87	541	6	15	2013-07-01 06:00:00
2013	7	1	617	620	-3	848	842	6	DL	1743	N646DL	JFK	ATL	113	760	6	20	2013-07-01 06:00:00
2013	7	1	618	615	3	803	806	-3	US	1965	N118US	EWR	CLT	75	529	6	15	2013-07-01 06:00:00
2013	7	1	620	620	0	914	904	10	UA	1115	N28457	EWR	TPA	155	997	6	20	2013-07-01 06:00:00
2013	7	1	623	629	-6	726	750	-24	UA	428	N479UA	EWR	BOS	39	200	6	29	2013-07-01 06:00:00
2013	7	1	625	630	-5	902	905	-3	UA	329	N419UA	LGA	IAH	188	1416	6	30	2013-07-01 06:00:00
2013	7	1	626	630	-4	838	847	-9	B6	211	N589JB	JFK	LAS	280	2248	6	30	2013-07-01 06:00:00
2013	7	1	626	625	1	742	805	-23	WN	526	N244WN	LGA	STL	121	888	6	25	2013-07-01 06:00:00
2013	7	1	628	630	-2	819	829	-10	EV	4471	N12552	EWR	CLT	88	529	6	30	2013-07-01 06:00:00
2013	7	1	628	630	-2	806	755	11	AA	303	N3JXAA	LGA	ORD	111	733	6	30	2013-07-01 06:00:00
2013	7	1	628	630	-2	926	904	22	B6	1099	N520JB	LGA	MCO	143	950	6	30	2013-07-01 06:00:00
2013	7	1	628	610	18	848	805	43	MQ	3351	N720MQ	LGA	DTW	80	502	6	10	2013-07-01 06:00:00
2013	7	1	629	630	-1	740	801	-21	EV	4422	N14158	EWR	PIT	53	319	6	30	2013-07-01 06:00:00
2013	7	1	629	634	-5	834	840	-6	EV	4091	N13975	EWR	IND	102	645	6	34	2013-07-01 06:00:00
2013	7	1	630	634	-4	838	845	-7	EV	4122	N14558	EWR	SDF	105	642	6	34	2013-07-01 06:00:00
2013	7	1	630	630	0	840	835	5	US	1433	N153UW	LGA	CLT	91	544	6	30	2013-07-01 06:00:00
2013	7	1	633	630	3	935	924	11	B6	929	N516JB	JFK	RSW	161	1074	6	30	2013-07-01 06:00:00
2013	7	1	634	635	-1	755	745	10	EV	4241	N11155	EWR	DCA	57	199	6	35	2013-07-01 06:00:00
2013	7	1	634	630	4	919	930	-11	UA	1402	N33103	JFK	LAX	309	2475	6	30	2013-07-01 06:00:00
2013	7	1	635	640	-5	1034	1040	-6	AA	413	N3DRAA	JFK	SJU	203	1598	6	40	2013-07-01 06:00:00
2013	7	1	639	645	-6	851	835	16	MQ	3599	N501MQ	LGA	MSP	151	1020	6	45	2013-07-01 06:00:00
2013	7	1	641	641	0	935	940	-5	UA	1701	N37408	EWR	FLL	159	1065	6	41	2013-07-01 06:00:00
2013	7	1	643	641	2	909	842	27	EV	4150	N11107	EWR	CVG	109	569	6	41	2013-07-01 06:00:00
2013	7	1	643	643	0	825	901	-36	UA	485	N469UA	EWR	DEN	200	1605	6	43	2013-07-01 06:00:00
2013	7	1	646	645	1	754	752	2	B6	318	N298JB	JFK	BOS	41	187	6	45	2013-07-01 06:00:00
2013	7	1	646	644	2	801	812	-11	UA	1094	N77296	EWR	ORD	109	719	6	44	2013-07-01 06:00:00
2013	7	1	646	645	1	907	912	-5	UA	327	N489UA	EWR	ATL	116	746	6	45	2013-07-01 06:00:00
2013	7	1	647	648	-1	924	936	-12	UA	1269	N37267	EWR	PBI	141	1023	6	48	2013-07-01 06:00:00
2013	7	1	649	655	-6	935	930	5	AA	711	N3EGAA	LGA	DFW	191	1389	6	55	2013-07-01 06:00:00
2013	7	1	651	700	-9	822	835	-13	AA	305	N543AA	LGA	ORD	111	733	7	0	2013-07-01 07:00:00
2013	7	1	651	650	1	926	933	-7	B6	453	N794JB	JFK	PBI	140	1028	6	50	2013-07-01 06:00:00
2013	7	1	654	700	-6	905	951	-46	B6	23	N653JB	JFK	LAX	295	2475	7	0	2013-07-01 07:00:00
2013	7	1	654	700	-6	757	806	-9	US	2116	N952UW	LGA	BOS	39	184	7	0	2013-07-01 07:00:00
2013	7	1	654	700	-6	823	807	16	US	2163	N757UW	LGA	DCA	58	214	7	0	2013-07-01 07:00:00
2013	7	1	655	700	-5	902	900	2	9E	3879	N8646A	EWR	CVG	92	569	7	0	2013-07-01 07:00:00
2013	7	1	655	658	-3	855	915	-20	UA	1138	N38727	EWR	PHX	278	2133	6	58	2013-07-01 06:00:00
2013	7	1	657	700	-3	935	940	-5	AA	2083	N576AA	EWR	DFW	193	1372	7	0	2013-07-01 07:00:00
2013	7	1	657	700	-3	943	929	14	DL	1547	N645DL	LGA	ATL	124	762	7	0	2013-07-01 07:00:00
2013	7	1	657	700	-3	932	1000	-28	DL	1415	N371DA	JFK	SLC	254	1990	7	0	2013-07-01 07:00:00
2013	7	1	658	600	58	858	756	62	DL	731	N322NB	LGA	DTW	81	502	6	0	2013-07-01 06:00:00
2013	7	1	658	647	11	848	918	-30	UA	1506	N73406	EWR	LAS	269	2227	6	47	2013-07-01 06:00:00
2013	7	1	659	605	54	945	839	66	B6	583	N789JB	JFK	MCO	144	944	6	5	2013-07-01 06:00:00
2013	7	1	659	700	-1	944	945	-1	DL	2285	N949DL	LGA	MCO	139	950	7	0	2013-07-01 07:00:00
2013	7	1	659	705	-6	927	1004	-37	UA	1496	N14731	EWR	SNA	309	2434	7	5	2013-07-01 07:00:00
2013	7	1	700	700	0	940	1003	-23	DL	763	N187DN	JFK	LAX	300	2475	7	0	2013-07-01 07:00:00
2013	7	1	700	649	11	921	903	18	UA	343	N524UA	LGA	DEN	201	1620	6	49	2013-07-01 06:00:00
2013	7	1	700	655	5	904	906	-2	US	334	N648AW	EWR	PHX	280	2133	6	55	2013-07-01 06:00:00
2013	7	1	701	700	1	828	835	-7	WN	1696	N395SW	EWR	STL	121	872	7	0	2013-07-01 07:00:00
2013	7	1	701	700	1	906	833	33	UA	331	N478UA	LGA	ORD	138	733	7	0	2013-07-01 07:00:00
2013	7	1	702	700	2	808	811	-3	EV	5819	N13964	EWR	MHT	38	209	7	0	2013-07-01 07:00:00
2013	7	1	702	705	-3	1048	1058	-10	B6	3	N568JB	JFK	SJU	202	1598	7	5	2013-07-01 07:00:00
2013	7	1	703	705	-2	837	823	14	EV	4522	N13550	EWR	BNA	123	748	7	5	2013-07-01 07:00:00
2013	7	1	703	700	3	1016	1007	9	DL	1879	N923DL	LGA	FLL	160	1076	7	0	2013-07-01 07:00:00
2013	7	1	704	706	-2	925	1001	-36	UA	1665	N77430	EWR	LAX	302	2454	7	6	2013-07-01 07:00:00
2013	7	1	705	705	0	935	903	32	EV	4246	N15985	EWR	DTW	101	488	7	5	2013-07-01 07:00:00
2013	7	1	708	715	-7	1026	1030	-4	AA	443	N339AA	JFK	MIA	164	1089	7	15	2013-07-01 07:00:00
2013	7	1	710	630	40	845	749	56	EV	4533	N12564	EWR	BUF	68	282	6	30	2013-07-01 06:00:00
2013	7	1	711	650	21	1016	931	45	B6	525	N561JB	JFK	TPA	151	1005	6	50	2013-07-01 06:00:00
2013	7	1	711	655	16	1054	1058	-4	DL	315	N638DL	JFK	SJU	200	1598	6	55	2013-07-01 06:00:00
2013	7	1	711	715	-4	937	1010	-33	VX	399	N640VA	JFK	LAX	304	2475	7	15	2013-07-01 07:00:00
2013	7	1	713	655	18	843	815	28	WN	428	N7702A	LGA	MKE	109	738	6	55	2013-07-01 06:00:00
2013	7	1	714	705	9	1037	1015	22	AA	2279	N3EEAA	LGA	MIA	163	1096	7	5	2013-07-01 07:00:00
2013	7	1	715	705	10	819	819	0	UA	1160	N39463	EWR	BOS	42	200	7	5	2013-07-01 07:00:00
2013	7	1	715	645	30	924	908	16	US	15	N553UW	JFK	PHX	274	2153	6	45	2013-07-01 06:00:00
2013	7	1	717	720	-3	1005	953	12	UA	318	N572UA	LGA	IAH	191	1416	7	20	2013-07-01 07:00:00
2013	7	1	719	725	-6	1020	1010	10	AA	1815	N3FHAA	JFK	MCO	140	944	7	25	2013-07-01 07:00:00
2013	7	1	720	720	0	946	1022	-36	AS	15	N533AS	EWR	SEA	306	2402	7	20	2013-07-01 07:00:00
2013	7	1	721	700	21	1006	1015	-9	DL	269	N718TW	JFK	SFO	310	2586	7	0	2013-07-01 07:00:00
2013	7	1	724	600	84	1013	815	118	FL	345	N168AT	LGA	ATL	130	762	6	0	2013-07-01 06:00:00
2013	7	1	724	729	-5	1024	1019	5	B6	461	N784JB	LGA	PBI	142	1035	7	29	2013-07-01 07:00:00
2013	7	1	724	730	-6	1041	1031	10	DL	1771	N711ZX	JFK	SEA	315	2422	7	30	2013-07-01 07:00:00
2013	7	1	724	730	-6	922	928	-6	DL	831	N979DL	LGA	DTW	93	502	7	30	2013-07-01 07:00:00
2013	7	1	725	705	20	1020	1005	15	UA	1060	N17233	EWR	PDX	325	2434	7	5	2013-07-01 07:00:00
2013	7	1	726	730	-4	1003	1045	-42	VX	183	N849VA	EWR	SFO	316	2565	7	30	2013-07-01 07:00:00
2013	7	1	726	725	1	828	845	-17	WN	463	N281WN	EWR	BNA	97	748	7	25	2013-07-01 07:00:00
2013	7	1	727	710	17	939	915	24	MQ	3547	N722MQ	LGA	XNA	159	1147	7	10	2013-07-01 07:00:00
2013	7	1	727	720	7	1023	953	30	UA	1591	N37462	EWR	IAH	196	1400	7	20	2013-07-01 07:00:00
2013	7	1	727	730	-3	1028	1045	-17	UA	1668	N36444	EWR	SFO	340	2565	7	30	2013-07-01 07:00:00
2013	7	1	732	735	-3	1007	1005	2	AA	1949	N3DXAA	JFK	LAS	290	2248	7	35	2013-07-01 07:00:00
2013	7	1	733	735	-2	1034	1030	4	AA	1757	N3KFAA	JFK	TPA	151	1005	7	35	2013-07-01 07:00:00
2013	7	1	734	740	-6	1018	1055	-37	VX	11	N853VA	JFK	SFO	315	2586	7	40	2013-07-01 07:00:00
2013	7	1	735	735	0	1036	1020	16	WN	163	N906WN	LGA	HOU	209	1428	7	35	2013-07-01 07:00:00
2013	7	1	736	730	6	1059	1025	34	AA	33	N324AA	JFK	LAX	306	2475	7	30	2013-07-01 07:00:00
2013	7	1	737	700	37	1059	1004	55	DL	2003	N904DE	LGA	MIA	168	1096	7	0	2013-07-01 07:00:00
2013	7	1	739	745	-6	1015	1000	15	DL	807	N377NW	EWR	ATL	126	746	7	45	2013-07-01 07:00:00
2013	7	1	741	745	-4	900	900	0	B6	8	N346JB	JFK	PWM	48	273	7	45	2013-07-01 07:00:00
2013	7	1	741	746	-5	918	915	3	UA	759	N457UA	EWR	ORD	131	719	7	46	2013-07-01 07:00:00
2013	7	1	742	645	57	1031	845	106	B6	675	N229JB	JFK	MSY	173	1182	6	45	2013-07-01 06:00:00
2013	7	1	743	720	23	934	921	13	EV	3824	N14974	EWR	GRR	84	605	7	20	2013-07-01 07:00:00
2013	7	1	743	745	-2	1105	1034	31	B6	163	N266JB	JFK	SRQ	166	1041	7	45	2013-07-01 07:00:00
2013	7	1	744	746	-2	848	857	-9	EV	4224	N14991	EWR	ALB	38	143	7	46	2013-07-01 07:00:00
2013	7	1	745	725	20	1028	1010	18	UA	351	N466UA	EWR	MCO	137	937	7	25	2013-07-01 07:00:00
2013	7	1	746	752	-6	910	932	-22	EV	4099	N34111	EWR	STL	119	872	7	52	2013-07-01 07:00:00
2013	7	1	746	750	-4	903	911	-8	B6	2702	N273JB	JFK	BUF	54	301	7	50	2013-07-01 07:00:00
2013	7	1	749	755	-6	906	930	-24	AA	309	N4WMAA	LGA	ORD	114	733	7	55	2013-07-01 07:00:00
2013	7	1	750	755	-5	1050	1115	-25	AA	59	N329AA	JFK	SFO	321	2586	7	55	2013-07-01 07:00:00
2013	7	1	751	750	1	1218	1041	97	B6	1717	N624JB	LGA	TPA	176	1010	7	50	2013-07-01 07:00:00
2013	7	1	751	730	21	1137	1129	8	B6	1289	N806JB	EWR	SJU	206	1608	7	30	2013-07-01 07:00:00
2013	7	1	751	755	-4	959	955	4	MQ	3478	N738MQ	LGA	DTW	81	502	7	55	2013-07-01 07:00:00
2013	7	1	752	800	-8	1024	1021	3	B6	677	N178JB	JFK	JAX	122	828	8	0	2013-07-01 08:00:00
2013	7	1	752	755	-3	924	915	9	MQ	3709	N3AEMQ	EWR	ORD	129	719	7	55	2013-07-01 07:00:00
2013	7	1	753	755	-2	956	956	0	DL	2119	N968DL	LGA	MSP	136	1020	7	55	2013-07-01 07:00:00
2013	7	1	754	755	-1	1050	950	60	US	1733	N538UW	LGA	CLT	93	544	7	55	2013-07-01 07:00:00
2013	7	1	756	803	-7	954	1016	-22	EV	4407	N16178	EWR	OMA	151	1134	8	3	2013-07-01 08:00:00
2013	7	1	756	805	-9	1249	1054	115	DL	1109	N311US	LGA	TPA	168	1010	8	5	2013-07-01 08:00:00
2013	7	1	756	800	-4	1052	1101	-9	DL	2190	N352NW	JFK	MIA	148	1089	8	0	2013-07-01 08:00:00
2013	7	1	756	800	-4	923	913	10	US	2165	N724UW	LGA	DCA	59	214	8	0	2013-07-01 08:00:00
2013	7	1	757	800	-3	1120	1102	18	DL	1271	N383DN	JFK	FLL	151	1069	8	0	2013-07-01 08:00:00
2013	7	1	758	800	-2	1154	1200	-6	AA	655	N5FGAA	JFK	STT	198	1623	8	0	2013-07-01 08:00:00
2013	7	1	758	647	71	935	809	86	B6	905	N564JB	JFK	ORD	109	740	6	47	2013-07-01 06:00:00
2013	7	1	758	800	-2	1134	1053	41	B6	901	N763JB	JFK	FLL	157	1069	8	0	2013-07-01 08:00:00
2013	7	1	759	750	9	1011	944	27	B6	1273	N307JB	JFK	CHS	98	636	7	50	2013-07-01 07:00:00
2013	7	1	759	800	-1	917	909	8	B6	1491	N329JB	JFK	ACK	43	199	8	0	2013-07-01 08:00:00
2013	7	1	759	800	-1	1030	1014	16	DL	2457	N368NB	LGA	MSY	179	1183	8	0	2013-07-01 08:00:00
2013	7	1	800	800	0	1035	1019	16	9E	3507	N926XJ	JFK	MSY	167	1182	8	0	2013-07-01 08:00:00
2013	7	1	800	800	0	1025	938	47	B6	885	N231JB	JFK	RDU	73	427	8	0	2013-07-01 08:00:00
2013	7	1	801	802	-1	921	930	-9	EV	5463	N724EV	LGA	BNA	110	764	8	2	2013-07-01 08:00:00
2013	7	1	801	745	16	1005	920	45	EV	4125	N12126	EWR	GSO	75	445	7	45	2013-07-01 07:00:00
2013	7	1	802	805	-3	959	950	9	9E	3611	N8977A	JFK	PIT	65	340	8	5	2013-07-01 08:00:00
2013	7	1	802	750	12	1102	1029	33	UA	1547	N37263	EWR	DFW	194	1372	7	50	2013-07-01 07:00:00
2013	7	1	806	743	23	921	904	17	EV	3854	N24103	EWR	BTV	46	266	7	43	2013-07-01 07:00:00
2013	7	1	807	755	12	1021	1009	12	UA	561	N576UA	LGA	DEN	202	1620	7	55	2013-07-01 07:00:00
2013	7	1	810	810	0	1028	1026	2	DL	27	N3744F	JFK	ATL	110	760	8	10	2013-07-01 08:00:00
2013	7	1	811	815	-4	1059	1057	2	B6	281	N358JB	JFK	HOU	199	1428	8	15	2013-07-01 08:00:00
2013	7	1	811	800	11	1344	1100	164	DL	2395	N931DL	LGA	PBI	163	1035	8	0	2013-07-01 08:00:00
2013	7	1	812	815	-3	1053	1032	21	DL	1429	N674DL	JFK	LAS	278	2248	8	15	2013-07-01 08:00:00
2013	7	1	812	630	102	1222	825	237	MQ	3676	N511MQ	LGA	CLT	86	544	6	30	2013-07-01 06:00:00
2013	7	1	812	806	6	1049	1109	-20	UA	1223	N54241	EWR	LAX	304	2454	8	6	2013-07-01 08:00:00
2013	7	1	813	811	2	1140	1020	80	EV	4419	N18114	EWR	XNA	155	1131	8	11	2013-07-01 08:00:00
2013	7	1	814	816	-2	1047	1007	40	EV	4519	N36915	EWR	AVL	102	583	8	16	2013-07-01 08:00:00
2013	7	1	815	815	0	1038	1030	8	9E	3538	N928XJ	JFK	MSP	155	1029	8	15	2013-07-01 08:00:00
2013	7	1	815	815	0	1017	1031	-14	DL	914	N343NW	LGA	DEN	207	1620	8	15	2013-07-01 08:00:00
2013	7	1	815	815	0	1127	1107	20	DL	1167	N307DQ	JFK	TPA	157	1005	8	15	2013-07-01 08:00:00
2013	7	1	815	745	30	934	905	29	WN	3841	N792SW	EWR	MDW	103	711	7	45	2013-07-01 07:00:00
2013	7	1	817	820	-3	NA	1135	NA	AA	2267	N3FUAA	LGA	MIA	NA	1096	8	20	2013-07-01 08:00:00
2013	7	1	817	815	2	1207	1008	119	US	1231	N189UW	EWR	CLT	79	529	8	15	2013-07-01 08:00:00
2013	7	1	819	800	19	1144	954	110	EV	4691	N15910	EWR	DAY	94	533	8	0	2013-07-01 08:00:00
2013	7	1	821	825	-4	1141	1109	32	DL	1959	N723TW	JFK	MCO	141	944	8	25	2013-07-01 08:00:00
2013	7	1	821	822	-1	1106	1138	-32	UA	1193	N78438	EWR	SEA	302	2402	8	22	2013-07-01 08:00:00
2013	7	1	822	825	-3	1106	1101	5	DL	857	N378DA	JFK	SAN	295	2446	8	25	2013-07-01 08:00:00
2013	7	1	822	829	-7	1035	1026	9	DL	1157	N317NB	EWR	MSP	157	1008	8	29	2013-07-01 08:00:00
2013	7	1	823	829	-6	954	948	6	9E	4231	N835AY	JFK	MVY	36	173	8	29	2013-07-01 08:00:00
2013	7	1	823	825	-2	1048	1017	31	US	1831	N561UW	JFK	CLT	89	541	8	25	2013-07-01 08:00:00
2013	7	1	825	830	-5	1028	1028	0	EV	4297	N15572	EWR	DTW	80	488	8	30	2013-07-01 08:00:00
2013	7	1	825	830	-5	952	950	2	AA	1838	N3HTAA	JFK	BOS	42	187	8	30	2013-07-01 08:00:00
2013	7	1	825	829	-4	1151	1143	8	UA	397	N589UA	JFK	SFO	336	2586	8	29	2013-07-01 08:00:00
2013	7	1	825	831	-6	1237	1121	76	UA	408	N429UA	EWR	MCO	135	937	8	31	2013-07-01 08:00:00
2013	7	1	826	836	-10	941	949	-8	B6	2280	N265JB	EWR	BOS	44	200	8	36	2013-07-01 08:00:00
2013	7	1	827	815	12	1028	930	58	MQ	3370	N852MQ	JFK	DCA	61	213	8	15	2013-07-01 08:00:00
2013	7	1	829	833	-4	1141	1030	71	EV	4714	N11551	EWR	CLT	86	529	8	33	2013-07-01 08:00:00
2013	7	1	829	830	-1	1117	1010	67	9E	3521	N935XJ	JFK	ORD	115	740	8	30	2013-07-01 08:00:00
2013	7	1	833	840	-7	1126	1139	-13	UA	443	N597UA	JFK	LAX	297	2475	8	40	2013-07-01 08:00:00
2013	7	1	835	843	-8	1119	1006	73	EV	4583	N29917	EWR	PWM	47	284	8	43	2013-07-01 08:00:00
2013	7	1	835	830	5	NA	1025	NA	MQ	3407	N514MQ	LGA	CMH	NA	479	8	30	2013-07-01 08:00:00
2013	7	1	836	831	5	1211	1015	116	EV	5817	N13994	EWR	MEM	144	946	8	31	2013-07-01 08:00:00
2013	7	1	838	630	128	1015	747	148	B6	2802	N184JB	JFK	BUF	54	301	6	30	2013-07-01 06:00:00
2013	7	1	838	840	-2	1259	1100	119	MQ	3419	N528MQ	LGA	ATL	122	762	8	40	2013-07-01 08:00:00
2013	7	1	839	840	-1	1225	1144	41	UA	421	N592UA	EWR	SFO	313	2565	8	40	2013-07-01 08:00:00
2013	7	1	841	840	1	1207	1122	45	B6	1783	N527JB	JFK	MCO	146	944	8	40	2013-07-01 08:00:00
2013	7	1	843	849	-6	1331	1154	97	UA	1401	N14214	EWR	MIA	208	1085	8	49	2013-07-01 08:00:00
2013	7	1	843	845	-2	1230	1044	106	US	1429	N725UW	LGA	CLT	85	544	8	45	2013-07-01 08:00:00
2013	7	1	844	854	-10	1210	1104	66	EV	4181	N31131	EWR	MCI	142	1092	8	54	2013-07-01 08:00:00
2013	7	1	844	850	-6	1312	1248	24	DL	301	N3764D	JFK	SJU	199	1598	8	50	2013-07-01 08:00:00
2013	7	1	845	829	16	1052	1004	48	MQ	3363	N800MQ	JFK	RDU	74	427	8	29	2013-07-01 08:00:00
2013	7	1	846	850	-4	1149	1030	79	AA	313	N522AA	LGA	ORD	106	733	8	50	2013-07-01 08:00:00
2013	7	1	846	830	16	1037	1015	22	MQ	3272	N713MQ	LGA	CLE	76	419	8	30	2013-07-01 08:00:00
2013	7	1	846	853	-7	1147	1111	36	UA	1643	N14107	EWR	DEN	205	1605	8	53	2013-07-01 08:00:00
2013	7	1	848	730	78	1219	1010	129	B6	683	N603JB	JFK	MCO	144	944	7	30	2013-07-01 07:00:00
2013	7	1	849	850	-1	1121	1014	67	9E	3427	N907XJ	JFK	DCA	79	213	8	50	2013-07-01 08:00:00
2013	7	1	849	853	-4	1231	1212	19	B6	15	N715JB	JFK	SFO	325	2586	8	53	2013-07-01 08:00:00
2013	7	1	853	834	19	1109	1032	37	B6	219	N249JB	JFK	CLT	81	541	8	34	2013-07-01 08:00:00
2013	7	1	854	900	-6	1341	1157	104	DL	1885	N912DE	LGA	MCO	148	950	9	0	2013-07-01 09:00:00
2013	7	1	854	900	-6	1238	1119	79	DL	485	N366NB	EWR	ATL	116	746	9	0	2013-07-01 09:00:00
2013	7	1	854	856	-2	1224	1153	31	UA	251	N483UA	EWR	SAN	300	2425	8	56	2013-07-01 08:00:00
2013	7	1	854	900	-6	1003	1016	-13	US	2120	N949UW	LGA	BOS	39	184	9	0	2013-07-01 09:00:00
2013	7	1	854	858	-4	1356	1256	60	UA	1216	N37471	EWR	SJU	212	1608	8	58	2013-07-01 08:00:00
2013	7	1	855	900	-5	1202	1101	61	EV	5172	N131EV	EWR	DTW	76	488	9	0	2013-07-01 09:00:00
2013	7	1	855	900	-5	1315	1305	10	AA	1357	N5FAAA	JFK	SJU	208	1598	9	0	2013-07-01 09:00:00
2013	7	1	856	600	176	1053	718	215	EV	5747	N820AS	LGA	IAD	60	229	6	0	2013-07-01 06:00:00
2013	7	1	856	900	-4	1204	1133	31	UA	382	N515UA	EWR	LAS	272	2227	9	0	2013-07-01 09:00:00
2013	7	1	857	855	2	1226	1205	21	AA	647	N5EYAA	JFK	MIA	168	1089	8	55	2013-07-01 08:00:00
2013	7	1	857	900	-3	1110	1022	48	US	2167	N746UW	LGA	DCA	100	214	9	0	2013-07-01 09:00:00
2013	7	1	858	900	-2	1330	1206	84	B6	5	N656JB	EWR	FLL	164	1065	9	0	2013-07-01 09:00:00
2013	7	1	858	859	-1	1318	1151	87	UA	430	N424UA	LGA	IAH	195	1416	8	59	2013-07-01 08:00:00
2013	7	1	900	900	0	1238	1156	42	UA	732	N563UA	EWR	LAX	299	2454	9	0	2013-07-01 09:00:00
2013	7	1	900	800	60	1123	922	121	UA	1199	N76265	EWR	BOS	40	200	8	0	2013-07-01 08:00:00
2013	7	1	902	846	16	1233	1048	105	EV	4486	N13956	EWR	CVG	96	569	8	46	2013-07-01 08:00:00
2013	7	1	902	900	2	1138	1153	-15	DL	120	N723TW	JFK	LAX	302	2475	9	0	2013-07-01 09:00:00
2013	7	1	905	905	0	1443	1223	140	DL	1057	N337NB	LGA	MIA	183	1096	9	5	2013-07-01 09:00:00
2013	7	1	910	815	55	1212	955	137	MQ	3531	N711MQ	LGA	RDU	79	431	8	15	2013-07-01 08:00:00
2013	7	1	912	915	-3	1209	1210	-1	AA	1	N323AA	JFK	LAX	309	2475	9	15	2013-07-01 09:00:00
2013	7	1	916	915	1	1245	1215	30	VX	161	N361VA	EWR	LAX	291	2454	9	15	2013-07-01 09:00:00
2013	7	1	919	901	18	1313	1204	69	B6	63	N638JB	JFK	SEA	312	2422	9	1	2013-07-01 09:00:00
2013	7	1	923	930	-7	1347	1230	77	DL	1443	N722TW	JFK	SEA	308	2422	9	30	2013-07-01 09:00:00
2013	7	1	924	930	-6	1046	1039	7	B6	116	N348JB	JFK	SYR	50	209	9	30	2013-07-01 09:00:00
2013	7	1	928	935	-7	1221	1221	0	B6	223	N608JB	JFK	LAX	295	2475	9	35	2013-07-01 09:00:00
2013	7	1	929	915	14	1048	1036	12	DL	867	N326NB	JFK	BOS	40	187	9	15	2013-07-01 09:00:00
2013	7	1	932	905	27	1134	1112	22	DL	181	N313US	LGA	DTW	94	502	9	5	2013-07-01 09:00:00
2013	7	1	934	600	214	1134	712	262	EV	5716	N826AS	JFK	IAD	49	228	6	0	2013-07-01 06:00:00
2013	7	1	935	900	35	1201	1142	19	B6	189	N535JB	JFK	SAN	292	2446	9	0	2013-07-01 09:00:00
2013	7	1	940	925	15	1223	1220	3	VX	407	N631VA	JFK	LAX	296	2475	9	25	2013-07-01 09:00:00
2013	7	1	943	630	193	1250	847	243	EV	5109	N718EV	EWR	ATL	115	746	6	30	2013-07-01 06:00:00
2013	7	1	945	929	16	1301	1214	47	B6	795	N706JB	JFK	AUS	208	1521	9	29	2013-07-01 09:00:00
2013	7	1	947	950	-3	1302	1207	55	9E	3871	N8710A	LGA	CAE	103	617	9	50	2013-07-01 09:00:00
2013	7	1	949	810	99	1308	1020	168	FL	346	N980AT	LGA	ATL	119	762	8	10	2013-07-01 08:00:00
2013	7	1	949	955	-6	1331	1250	41	AA	731	N436AA	LGA	DFW	194	1389	9	55	2013-07-01 09:00:00
2013	7	1	952	955	-3	1252	1213	39	9E	4060	N8694A	LGA	DAY	87	549	9	55	2013-07-01 09:00:00
2013	7	1	952	1000	-8	1215	1119	56	US	2169	N752US	LGA	DCA	49	214	10	0	2013-07-01 10:00:00
2013	7	1	957	959	-2	1245	1201	44	US	1222	N751UW	LGA	CLT	87	544	9	59	2013-07-01 09:00:00
2013	7	1	958	859	59	1320	1134	106	DL	1747	N920DL	LGA	ATL	118	762	8	59	2013-07-01 08:00:00
2013	7	1	959	940	19	1128	1051	37	9E	3608	N8847A	JFK	PHL	33	94	9	40	2013-07-01 09:00:00
2013	7	1	959	1000	-1	1348	1315	33	DL	1765	N710TW	JFK	SFO	313	2586	10	0	2013-07-01 10:00:00
2013	7	1	959	950	9	1226	1220	6	VX	251	N839VA	JFK	LAS	275	2248	9	50	2013-07-01 09:00:00
2013	7	1	959	1000	-1	1207	1133	34	UA	478	N851UA	LGA	ORD	107	733	10	0	2013-07-01 10:00:00
2013	7	1	959	1000	-1	1330	1314	16	UA	510	N525UA	JFK	SFO	314	2586	10	0	2013-07-01 10:00:00
2013	7	1	1000	930	30	1321	1230	51	WN	1983	N927WN	EWR	AUS	210	1504	9	30	2013-07-01 09:00:00
2013	7	1	1005	1000	5	1527	1430	57	HA	51	N384HA	JFK	HNL	588	4983	10	0	2013-07-01 10:00:00
2013	7	1	1005	929	36	1143	1047	56	B6	586	N247JB	JFK	ROC	59	264	9	29	2013-07-01 09:00:00
2013	7	1	1010	945	25	1214	1120	54	WN	2431	N930WN	LGA	MDW	108	725	9	45	2013-07-01 09:00:00
2013	7	1	1012	635	217	1200	826	214	US	1772	N195UW	EWR	CLT	81	529	6	35	2013-07-01 06:00:00
2013	7	1	1014	905	69	1141	1016	85	B6	1634	N274JB	JFK	BTV	48	266	9	5	2013-07-01 09:00:00
2013	7	1	1019	1025	-6	1221	1205	16	AA	325	N564AA	LGA	ORD	103	733	10	25	2013-07-01 10:00:00
2013	7	1	1020	940	40	1329	1212	77	9E	4065	N8598B	LGA	SDF	109	659	9	40	2013-07-01 09:00:00
2013	7	1	1021	945	36	1216	1125	51	AA	317	N4YJAA	LGA	ORD	104	733	9	45	2013-07-01 09:00:00
2013	7	1	1021	1025	-4	1228	1222	6	US	604	N602AW	EWR	PHX	266	2133	10	25	2013-07-01 10:00:00
2013	7	1	1024	1030	-6	1416	1345	31	AA	179	N319AA	JFK	SFO	333	2586	10	30	2013-07-01 10:00:00
2013	7	1	1024	959	25	1335	1237	58	B6	483	N621JB	JFK	MCO	147	944	9	59	2013-07-01 09:00:00
2013	7	1	1027	915	72	1430	1227	123	DL	2379	N957DL	LGA	FLL	172	1076	9	15	2013-07-01 09:00:00
2013	7	1	1027	1015	12	1224	1207	17	US	1444	N711UW	JFK	CLT	84	541	10	15	2013-07-01 10:00:00
2013	7	1	1028	915	73	1329	1205	84	UA	1740	N21723	EWR	IAH	204	1400	9	15	2013-07-01 09:00:00
2013	7	1	1029	1030	-1	1323	1325	-2	AA	19	N338AA	JFK	LAX	309	2475	10	30	2013-07-01 10:00:00
2013	7	1	1029	1030	-1	1339	1245	54	DL	1529	N37700	JFK	LAS	287	2248	10	30	2013-07-01 10:00:00
2013	7	1	1030	1029	1	1514	1320	114	B6	1	N648JB	JFK	FLL	176	1069	10	29	2013-07-01 10:00:00
2013	7	1	1030	1030	0	1304	1241	23	DL	2343	N918DL	EWR	ATL	121	746	10	30	2013-07-01 10:00:00
2013	7	1	1031	1029	2	1238	1239	-1	US	196	N550UW	JFK	PHX	271	2153	10	29	2013-07-01 10:00:00
2013	7	1	1032	940	52	1223	1110	73	WN	1098	N220WN	LGA	MKE	102	738	9	40	2013-07-01 09:00:00
2013	7	1	1033	1000	33	1347	1305	42	UA	1170	N76504	EWR	FLL	157	1065	10	0	2013-07-01 10:00:00
2013	7	1	1033	1029	4	1320	1348	-28	UA	1532	N29717	EWR	SFO	311	2565	10	29	2013-07-01 10:00:00
2013	7	1	1034	1003	31	1239	1135	64	FL	353	N950AT	LGA	CAK	63	397	10	3	2013-07-01 10:00:00
2013	7	1	1034	1035	-1	1431	1350	41	AA	1879	N3HGAA	LGA	MIA	179	1096	10	35	2013-07-01 10:00:00
2013	7	1	1034	1029	5	1509	1310	119	B6	53	N629JB	JFK	PBI	157	1028	10	29	2013-07-01 10:00:00
2013	7	1	1036	825	131	1406	1105	181	AA	719	N3JSAA	LGA	DFW	200	1389	8	25	2013-07-01 08:00:00
2013	7	1	1037	1040	-3	1222	1159	23	B6	2602	N374JB	JFK	BUF	74	301	10	40	2013-07-01 10:00:00
2013	7	1	1039	915	84	1311	1115	116	MQ	3565	N531MQ	LGA	CLT	82	544	9	15	2013-07-01 09:00:00
2013	7	1	1040	930	70	1230	1136	54	EV	4380	N11140	EWR	MSP	135	1008	9	30	2013-07-01 09:00:00
2013	7	1	1040	1020	20	1223	1206	17	US	1501	N108UW	EWR	CLT	80	529	10	20	2013-07-01 10:00:00
2013	7	1	1041	815	146	1246	935	191	MQ	3355	N5PBMQ	LGA	BNA	119	764	8	15	2013-07-01 08:00:00
2013	7	1	1043	1032	11	1308	1322	-14	UA	1444	N39475	EWR	LAX	293	2454	10	32	2013-07-01 10:00:00
2013	7	1	1044	930	74	1327	1248	39	UA	1642	N75425	EWR	SFO	307	2565	9	30	2013-07-01 09:00:00
2013	7	1	1048	1038	10	1209	1154	15	EV	3817	N13964	EWR	MKE	109	725	10	38	2013-07-01 10:00:00
2013	7	1	1051	1055	-4	1430	1345	45	DL	1275	N386DA	JFK	SLC	261	1990	10	55	2013-07-01 10:00:00
2013	7	1	1051	1030	21	1340	1345	-5	VX	187	N527VA	EWR	SFO	320	2565	10	30	2013-07-01 10:00:00
2013	7	1	1052	1100	-8	1437	1356	41	DL	2445	N910DE	LGA	MCO	145	950	11	0	2013-07-01 11:00:00
2013	7	1	1053	1040	13	1304	1309	-5	UA	766	N428UA	EWR	LAS	275	2227	10	40	2013-07-01 10:00:00
2013	7	1	1054	920	94	1344	1210	94	AA	1223	N587AA	EWR	DFW	194	1372	9	20	2013-07-01 09:00:00
2013	7	1	1055	1033	22	1243	1209	34	EV	4662	N14543	EWR	RDU	71	416	10	33	2013-07-01 10:00:00
2013	7	1	1055	800	175	1434	1104	210	B6	1511	N623JB	EWR	RSW	187	1068	8	0	2013-07-01 08:00:00
2013	7	1	1055	1100	-5	1235	1211	24	US	2124	N952UW	LGA	BOS	42	184	11	0	2013-07-01 11:00:00
2013	7	1	1056	1013	43	1340	1215	85	EV	4255	N17159	EWR	CHS	108	628	10	13	2013-07-01 10:00:00
2013	7	1	1057	1050	7	1438	1352	46	DL	1875	N325US	LGA	TPA	166	1010	10	50	2013-07-01 10:00:00
2013	7	1	1058	1025	33	1509	1308	121	B6	925	N636JB	JFK	TPA	161	1005	10	25	2013-07-01 10:00:00
2013	7	1	1100	1100	0	1251	1253	-2	EV	5545	N758EV	EWR	DTW	82	488	11	0	2013-07-01 11:00:00
2013	7	1	1101	1013	48	1246	1213	33	EV	4412	N11155	EWR	DSM	132	1017	10	13	2013-07-01 10:00:00
2013	7	1	1101	852	129	1235	1015	140	EV	5824	N13968	EWR	RIC	54	277	8	52	2013-07-01 08:00:00
2013	7	1	1102	959	63	1403	1225	98	B6	411	N760JB	JFK	LAS	291	2248	9	59	2013-07-01 09:00:00
2013	7	1	1104	1019	45	1234	1140	54	UA	328	N441UA	EWR	BOS	46	200	10	19	2013-07-01 10:00:00
2013	7	1	1107	1100	7	1527	1348	99	DL	695	N936DL	JFK	MCO	145	944	11	0	2013-07-01 11:00:00
2013	7	1	1108	1045	23	1340	1241	59	EV	5033	N716EV	LGA	MEM	144	963	10	45	2013-07-01 10:00:00
2013	7	1	1111	1110	1	1553	1407	106	B6	1129	N509JB	JFK	RSW	189	1074	11	10	2013-07-01 11:00:00
2013	7	1	1116	1007	69	1244	1128	76	EV	4240	N16546	EWR	BUF	63	282	10	7	2013-07-01 10:00:00
2013	7	1	1117	1030	47	1434	1350	44	VX	23	N626VA	JFK	SFO	335	2586	10	30	2013-07-01 10:00:00
2013	7	1	1121	1124	-3	1422	1234	108	B6	34	N346JB	JFK	BTV	48	266	11	24	2013-07-01 11:00:00
2013	7	1	1121	959	82	1232	1124	68	UA	1171	N38451	EWR	ORD	103	719	9	59	2013-07-01 09:00:00
2013	7	1	1125	738	227	1345	939	246	EV	4104	N11199	EWR	CHS	105	628	7	38	2013-07-01 07:00:00
2013	7	1	1125	900	145	1247	1026	141	UA	775	N475UA	EWR	ORD	109	719	9	0	2013-07-01 09:00:00
2013	7	1	1125	1038	47	1417	1332	45	UA	1414	N26208	LGA	IAH	200	1416	10	38	2013-07-01 10:00:00
2013	7	1	1126	930	116	1313	1113	120	EV	4940	N753EV	LGA	PIT	63	335	9	30	2013-07-01 09:00:00
2013	7	1	1126	1126	0	1431	1415	16	UA	703	N508UA	JFK	LAX	286	2475	11	26	2013-07-01 11:00:00
2013	7	1	1127	1102	25	1328	1341	-13	UA	786	N574UA	EWR	LAX	279	2454	11	2	2013-07-01 11:00:00
2013	7	1	1127	1130	-3	1329	1327	2	US	1085	N188US	LGA	CLT	84	544	11	30	2013-07-01 11:00:00
2013	7	1	1130	1120	10	1424	1233	111	B6	208	N329JB	JFK	PWM	46	273	11	20	2013-07-01 11:00:00
2013	7	1	1131	1011	80	1423	1256	87	UA	528	N491UA	EWR	TPA	151	997	10	11	2013-07-01 10:00:00
2013	7	1	1135	1115	20	1319	1254	25	EV	5273	N722EV	LGA	PIT	63	335	11	15	2013-07-01 11:00:00
2013	7	1	1138	1139	-1	1338	1254	44	B6	1307	N273JB	JFK	IAD	45	228	11	39	2013-07-01 11:00:00
2013	7	1	1140	820	200	1449	1042	247	9E	4248	N8888D	JFK	CHS	107	636	8	20	2013-07-01 08:00:00
2013	7	1	1140	1025	75	1333	1225	68	MQ	3689	N9EAMQ	LGA	DTW	80	502	10	25	2013-07-01 10:00:00
2013	7	1	1144	1005	99	1327	1213	74	DL	2319	N333NW	LGA	MSP	132	1020	10	5	2013-07-01 10:00:00
2013	7	1	1145	1145	0	1328	1340	-12	MQ	3546	N518MQ	LGA	MSP	127	1020	11	45	2013-07-01 11:00:00
2013	7	1	1148	1114	34	1500	1349	71	B6	127	N665JB	EWR	MCO	147	937	11	14	2013-07-01 11:00:00
2013	7	1	1153	1143	10	1301	1303	-2	EV	4511	N14204	EWR	ROC	41	246	11	43	2013-07-01 11:00:00
2013	7	1	1154	1100	54	1248	1208	40	EV	4404	N22971	EWR	PVD	37	160	11	0	2013-07-01 11:00:00
2013	7	1	1155	1030	85	1350	1243	67	EV	5806	N14174	EWR	OMA	149	1134	10	30	2013-07-01 10:00:00
2013	7	1	1155	1200	-5	1516	1450	26	AA	3	N320AA	JFK	LAX	298	2475	12	0	2013-07-01 12:00:00
2013	7	1	1156	1200	-4	1254	1310	-16	WN	654	N944WN	EWR	MDW	101	711	12	0	2013-07-01 12:00:00
2013	7	1	1157	1135	22	1319	1325	-6	DL	893	N369NB	EWR	MSP	127	1008	11	35	2013-07-01 11:00:00
2013	7	1	1208	1155	13	1402	1406	-4	UA	1436	N35204	EWR	PHX	272	2133	11	55	2013-07-01 11:00:00
2013	7	1	1209	1130	39	1507	1415	52	UA	1519	N19136	EWR	MCO	145	937	11	30	2013-07-01 11:00:00
2013	7	1	1210	909	181	1422	1122	180	EV	4952	N744EV	LGA	CLT	82	544	9	9	2013-07-01 09:00:00
2013	7	1	1211	1125	46	1330	1231	59	B6	2380	N328JB	EWR	BOS	42	200	11	25	2013-07-01 11:00:00
2013	7	1	1212	1014	118	1341	1134	127	EV	4187	N12564	EWR	BNA	118	748	10	14	2013-07-01 10:00:00
2013	7	1	1214	1025	109	1317	1147	90	UA	1699	N12216	EWR	BOS	41	200	10	25	2013-07-01 10:00:00
2013	7	1	1218	1115	63	1456	1400	56	AA	739	N3FUAA	LGA	DFW	192	1389	11	15	2013-07-01 11:00:00
2013	7	1	1218	1000	138	1448	1234	134	DL	1847	N962DL	LGA	ATL	125	762	10	0	2013-07-01 10:00:00
2013	7	1	1223	1214	9	1333	1335	-2	UA	1037	N37298	EWR	BOS	41	200	12	14	2013-07-01 12:00:00
2013	7	1	1224	950	154	1459	1205	174	MQ	3644	N510MQ	LGA	ATL	129	762	9	50	2013-07-01 09:00:00
2013	7	1	1228	1159	29	NA	1314	NA	9E	4097	N835AY	JFK	BWI	NA	184	11	59	2013-07-01 11:00:00
2013	7	1	1229	959	150	1512	1207	185	EV	4495	N12921	EWR	SAV	119	708	9	59	2013-07-01 09:00:00
2013	7	1	1230	1145	45	1349	1320	29	AA	1855	N435AA	LGA	STL	123	888	11	45	2013-07-01 11:00:00
2013	7	1	1230	1200	30	1404	1345	19	MQ	3572	N735MQ	LGA	CLE	74	419	12	0	2013-07-01 12:00:00
2013	7	1	1235	1155	40	1605	1455	70	AA	2147	N3BTAA	EWR	MIA	181	1085	11	55	2013-07-01 11:00:00
2013	7	1	1237	1225	12	1557	1523	34	UA	1164	N32404	EWR	FLL	162	1065	12	25	2013-07-01 12:00:00
2013	7	1	1242	1155	47	1359	1310	49	MQ	3461	N514MQ	LGA	BNA	122	764	11	55	2013-07-01 11:00:00
2013	7	1	1243	1055	108	1708	1445	143	B6	403	N566JB	JFK	SJU	202	1598	10	55	2013-07-01 10:00:00
2013	7	1	1243	1241	2	1618	1539	39	UA	1186	N19130	EWR	MIA	179	1085	12	41	2013-07-01 12:00:00
2013	7	1	1244	1200	44	1551	1507	44	UA	580	N502UA	JFK	SFO	333	2586	12	0	2013-07-01 12:00:00
2013	7	1	1245	1105	100	1434	1313	81	DL	1031	N314NB	LGA	DTW	88	502	11	5	2013-07-01 11:00:00
2013	7	1	1245	1237	8	1520	1544	-24	UA	1700	N14250	EWR	SFO	318	2565	12	37	2013-07-01 12:00:00
2013	7	1	1246	1245	1	1558	1530	28	WN	3316	N244WN	EWR	HOU	221	1411	12	45	2013-07-01 12:00:00
2013	7	1	1248	1147	61	1532	1454	38	UA	1443	N73270	EWR	SFO	322	2565	11	47	2013-07-01 11:00:00
2013	7	1	1251	1115	96	1400	1255	65	AA	327	N4XSAA	LGA	ORD	104	733	11	15	2013-07-01 11:00:00
2013	7	1	1253	1300	-7	1522	1540	-18	AA	1841	N579AA	EWR	DFW	190	1372	13	0	2013-07-01 13:00:00
2013	7	1	1253	1208	45	1515	1452	23	B6	323	N709JB	JFK	LAX	292	2475	12	8	2013-07-01 12:00:00
2013	7	1	1254	1245	9	1414	1355	19	AA	1850	N3HTAA	JFK	BOS	38	187	12	45	2013-07-01 12:00:00
2013	7	1	1256	1245	11	1534	1535	-1	AA	745	N3BLAA	LGA	DFW	193	1389	12	45	2013-07-01 12:00:00
2013	7	1	1256	1300	-4	1412	1409	3	US	2128	N949UW	LGA	BOS	38	184	13	0	2013-07-01 13:00:00
2013	7	1	1258	1210	48	1548	1500	48	AA	743	N578AA	LGA	DFW	198	1389	12	10	2013-07-01 12:00:00
2013	7	1	1300	1300	0	1521	1555	-34	VX	165	N628VA	EWR	LAX	302	2454	13	0	2013-07-01 13:00:00
2013	7	1	1301	1205	56	1559	1430	89	MQ	3658	N532MQ	LGA	ATL	138	762	12	5	2013-07-01 12:00:00
2013	7	1	1302	1209	53	1431	1316	75	B6	1191	N265JB	JFK	ACK	42	199	12	9	2013-07-01 12:00:00
2013	7	1	1302	1300	2	1421	1425	-4	UA	1734	N33132	EWR	ORD	112	719	13	0	2013-07-01 13:00:00
2013	7	1	1303	1250	13	1553	1547	6	DL	1375	N3735D	JFK	SLC	253	1990	12	50	2013-07-01 12:00:00
2013	7	1	1304	1115	109	1449	1305	104	MQ	3281	N723MQ	LGA	CMH	77	479	11	15	2013-07-01 11:00:00
2013	7	1	1304	1202	62	1533	1435	58	UA	1572	N23708	EWR	IAH	187	1400	12	2	2013-07-01 12:00:00
2013	7	1	1305	1052	133	1528	1302	146	EV	4087	N11548	EWR	IND	107	645	10	52	2013-07-01 10:00:00
2013	7	1	1305	1245	20	1631	1550	41	AA	2041	N630AA	JFK	MIA	178	1089	12	45	2013-07-01 12:00:00
2013	7	1	1305	1135	90	1432	1339	53	DL	2219	N321US	LGA	MSP	129	1020	11	35	2013-07-01 11:00:00
2013	7	1	1305	1259	6	1649	1657	-8	UA	1090	N37422	EWR	SJU	208	1608	12	59	2013-07-01 12:00:00
2013	7	1	1310	1305	5	1439	1425	14	WN	165	N708SW	EWR	BNA	117	748	13	5	2013-07-01 13:00:00
2013	7	1	1310	1057	133	1551	1338	133	UA	1166	N27724	EWR	IAH	197	1400	10	57	2013-07-01 10:00:00
2013	7	1	1311	1237	34	1458	1434	24	EV	5168	N738EV	EWR	DTW	86	488	12	37	2013-07-01 12:00:00
2013	7	1	1311	1110	121	1413	1245	88	WN	114	N761RR	LGA	MDW	103	725	11	10	2013-07-01 11:00:00
2013	7	1	1312	1200	72	1423	1314	69	EV	4233	N15985	EWR	BTV	45	266	12	0	2013-07-01 12:00:00
2013	7	1	1312	1153	79	1508	1332	96	EV	4709	N11176	EWR	RDU	68	416	11	53	2013-07-01 11:00:00
2013	7	1	1312	1210	62	1435	1350	45	AA	329	N582AA	LGA	ORD	111	733	12	10	2013-07-01 12:00:00
2013	7	1	1314	1135	99	1641	1448	113	DL	2215	N907DL	LGA	FLL	176	1076	11	35	2013-07-01 11:00:00
2013	7	1	1314	1300	14	1603	1555	8	VX	411	N623VA	JFK	LAX	302	2475	13	0	2013-07-01 13:00:00
2013	7	1	1315	1319	-4	1530	1607	-37	UA	1735	N12125	EWR	LAX	294	2454	13	19	2013-07-01 13:00:00
2013	7	1	1316	1300	16	1552	1552	0	UA	574	N464UA	LGA	IAH	197	1416	13	0	2013-07-01 13:00:00
2013	7	1	1319	1000	199	1449	1121	208	EV	5736	N833AS	LGA	IAD	65	229	10	0	2013-07-01 10:00:00
2013	7	1	1320	1230	50	1457	1401	56	9E	3319	N910XJ	JFK	BUF	54	301	12	30	2013-07-01 12:00:00
2013	7	1	1326	1328	-2	1524	1530	-6	9E	3970	N8894A	EWR	CVG	93	569	13	28	2013-07-01 13:00:00
2013	7	1	1331	1315	16	1513	1449	24	EV	4552	N15572	EWR	GSO	74	445	13	15	2013-07-01 13:00:00
2013	7	1	1331	1252	39	1545	1500	45	UA	1686	N75410	EWR	MSY	173	1167	12	52	2013-07-01 12:00:00
2013	7	1	1337	1250	47	1510	1448	22	DL	1131	N363NB	LGA	DTW	77	502	12	50	2013-07-01 12:00:00
2013	7	1	1338	1200	98	1630	1358	152	EV	4302	N12126	EWR	MCI	153	1092	12	0	2013-07-01 12:00:00
2013	7	1	1339	1345	-6	1613	1635	-22	AA	753	N3BGAA	LGA	DFW	194	1389	13	45	2013-07-01 13:00:00
2013	7	1	1340	1155	105	1534	1420	74	WN	3074	N238WN	LGA	DEN	209	1620	11	55	2013-07-01 11:00:00
2013	7	1	1341	1325	16	1621	1548	33	DL	2043	N326NB	JFK	ATL	126	760	13	25	2013-07-01 13:00:00
2013	7	1	1344	1017	207	1445	1124	201	B6	518	N184JB	JFK	BOS	40	187	10	17	2013-07-01 10:00:00
2013	7	1	1345	1200	105	1449	1333	76	UA	255	N823UA	LGA	ORD	109	733	12	0	2013-07-01 12:00:00
2013	7	1	1347	1155	112	1703	1452	131	DL	2303	N394DA	LGA	PBI	168	1035	11	55	2013-07-01 11:00:00
2013	7	1	1347	1230	77	1640	1520	80	WN	40	N925WN	LGA	HOU	212	1428	12	30	2013-07-01 12:00:00
2013	7	1	1350	1145	125	1622	1356	146	DL	401	N334NB	EWR	ATL	124	746	11	45	2013-07-01 11:00:00
2013	7	1	1351	1300	51	1627	1519	68	EV	5148	N228PQ	EWR	ATL	120	746	13	0	2013-07-01 13:00:00
2013	7	1	1351	933	258	1648	1156	292	EV	4140	N26545	EWR	ATL	129	746	9	33	2013-07-01 09:00:00
2013	7	1	1351	1055	176	1706	1410	176	DL	1903	N323NB	LGA	SRQ	160	1047	10	55	2013-07-01 10:00:00
2013	7	1	1352	1257	55	1506	1353	73	EV	5968	N11193	EWR	BDL	28	116	12	57	2013-07-01 12:00:00
2013	7	1	1352	1340	12	1738	1700	38	AA	1073	N3KDAA	LGA	MIA	184	1096	13	40	2013-07-01 13:00:00
2013	7	1	1353	1315	38	1535	1455	40	AA	331	N4XHAA	LGA	ORD	112	733	13	15	2013-07-01 13:00:00
2013	7	1	1353	930	263	1701	1218	283	B6	199	N590JB	LGA	MCO	149	950	9	30	2013-07-01 09:00:00
2013	7	1	1355	1345	10	1629	1645	-16	AA	117	N332AA	JFK	LAX	305	2475	13	45	2013-07-01 13:00:00
2013	7	1	1358	1359	-1	1702	1720	-18	DL	1565	N717TW	JFK	SFO	325	2586	13	59	2013-07-01 13:00:00
2013	7	1	1401	1235	86	1602	1430	92	EV	4118	N12552	EWR	DTW	81	488	12	35	2013-07-01 12:00:00
2013	7	1	1402	1240	82	1521	1355	86	EV	6054	N34111	EWR	IAD	44	212	12	40	2013-07-01 12:00:00
2013	7	1	1404	935	269	1742	1237	305	B6	271	N526JB	LGA	FLL	182	1076	9	35	2013-07-01 09:00:00
2013	7	1	1405	1231	94	1655	1455	120	EV	4679	N29917	EWR	JAX	132	820	12	31	2013-07-01 12:00:00
2013	7	1	1407	1301	66	1541	1411	90	EV	4129	N36915	EWR	DCA	42	199	13	1	2013-07-01 13:00:00
2013	7	1	1410	820	350	1558	1043	315	EV	5537	N712EV	LGA	MCI	145	1107	8	20	2013-07-01 08:00:00
2013	7	1	1411	1117	174	1651	1337	194	UA	423	N830UA	LGA	DEN	215	1620	11	17	2013-07-01 11:00:00
2013	7	1	1412	1241	91	1721	1518	123	B6	927	N618JB	EWR	MCO	147	937	12	41	2013-07-01 12:00:00
2013	7	1	1414	1359	15	1637	1603	34	B6	1373	N247JB	JFK	CHS	116	636	13	59	2013-07-01 13:00:00
2013	7	1	1414	1136	158	1619	1338	161	YV	2807	N935LR	LGA	CLT	85	544	11	36	2013-07-01 11:00:00
2013	7	1	1416	1400	16	1653	1646	7	UA	441	N811UA	EWR	LAX	292	2454	14	0	2013-07-01 14:00:00
2013	7	1	1418	1055	203	1940	1358	NA	B6	971	N655JB	LGA	FLL	NA	1076	10	55	2013-07-01 10:00:00
2013	7	1	1419	1349	30	1528	1515	13	UA	375	N489UA	EWR	ORD	102	719	13	49	2013-07-01 13:00:00
2013	7	1	1420	1125	175	1814	1440	214	AA	2099	N3HEAA	LGA	MIA	182	1096	11	25	2013-07-01 11:00:00
2013	7	1	1420	1415	5	1652	1629	23	DL	673	N305DQ	EWR	ATL	117	746	14	15	2013-07-01 14:00:00
2013	7	1	1421	1316	65	1658	1541	77	UA	353	N822UA	EWR	ATL	118	746	13	16	2013-07-01 13:00:00
2013	7	1	1421	1333	48	1654	1645	9	UA	1742	N28457	EWR	SFO	306	2565	13	33	2013-07-01 13:00:00
2013	7	1	1424	1005	259	1538	1120	258	MQ	3611	N543MQ	EWR	ORD	106	719	10	5	2013-07-01 10:00:00
2013	7	1	1424	1415	9	1707	1655	12	UA	1439	N26215	EWR	IAH	203	1400	14	15	2013-07-01 14:00:00
2013	7	1	1426	1200	146	1526	1314	132	DL	1006	N341NB	JFK	BOS	36	187	12	0	2013-07-01 12:00:00
2013	7	1	1428	1237	111	1629	1427	122	EV	5796	N15910	EWR	CLT	89	529	12	37	2013-07-01 12:00:00
2013	7	1	1428	1200	148	1612	1351	141	US	931	N122US	JFK	CLT	83	541	12	0	2013-07-01 12:00:00
2013	7	1	1434	1318	76	1613	1437	96	EV	4517	N11109	EWR	BNA	127	748	13	18	2013-07-01 13:00:00
2013	7	1	1436	1200	156	1708	1452	136	DL	863	N705TW	JFK	LAX	303	2475	12	0	2013-07-01 12:00:00
2013	7	1	1438	1335	63	1551	1455	56	MQ	3678	N542MQ	EWR	ORD	105	719	13	35	2013-07-01 13:00:00
2013	7	1	1438	1440	-2	1711	1739	-28	UA	841	N595UA	JFK	LAX	303	2475	14	40	2013-07-01 14:00:00
2013	7	1	1438	1255	103	1739	1546	113	UA	1641	N29129	EWR	MCO	149	937	12	55	2013-07-01 12:00:00
2013	7	1	1439	1155	164	1624	1359	145	UA	779	N446UA	EWR	DEN	204	1605	11	55	2013-07-01 11:00:00
2013	7	1	1440	1444	-4	1548	1555	-7	EV	4434	N24103	EWR	MHT	37	209	14	44	2013-07-01 14:00:00
2013	7	1	1442	1430	12	1731	1742	-11	UA	1150	N24224	EWR	SFO	315	2565	14	30	2013-07-01 14:00:00
2013	7	1	1442	1300	102	1605	1414	111	US	2175	N746UW	LGA	DCA	45	214	13	0	2013-07-01 13:00:00
2013	7	1	1443	1445	-2	1728	1740	-12	AA	759	N3DBAA	LGA	DFW	193	1389	14	45	2013-07-01 14:00:00
2013	7	1	1444	1430	14	1820	1735	45	B6	301	N708JB	JFK	FLL	181	1069	14	30	2013-07-01 14:00:00
2013	7	1	1444	1440	4	1630	1640	-10	DL	1231	N359NB	LGA	DTW	87	502	14	40	2013-07-01 14:00:00
2013	7	1	1446	1300	106	1643	1505	98	MQ	3340	N724MQ	LGA	DTW	91	502	13	0	2013-07-01 13:00:00
2013	7	1	1448	1315	93	1631	1505	86	US	1895	N104UW	EWR	CLT	82	529	13	15	2013-07-01 13:00:00
2013	7	1	1451	1455	-4	1859	1905	-6	AA	1635	N5FJAA	JFK	SJU	206	1598	14	55	2013-07-01 14:00:00
2013	7	1	1452	1455	-3	1655	1645	10	MQ	2815	N690MQ	JFK	CLE	77	425	14	55	2013-07-01 14:00:00
2013	7	1	1454	1455	-1	1636	1626	10	DL	1164	N365NB	JFK	BOS	47	187	14	55	2013-07-01 14:00:00
2013	7	1	1455	1159	176	1656	1344	192	MQ	3404	N811MQ	LGA	RDU	72	431	11	59	2013-07-01 11:00:00
2013	7	1	1456	1500	-4	1804	1755	9	AA	1813	N5FEAA	JFK	MCO	141	944	15	0	2013-07-01 15:00:00
2013	7	1	1456	1330	86	1808	1625	103	B6	505	N599JB	EWR	FLL	165	1065	13	30	2013-07-01 13:00:00
2013	7	1	1456	1500	-4	1736	1750	-14	AA	883	N4YBAA	EWR	DFW	194	1372	15	0	2013-07-01 15:00:00
2013	7	1	1457	1455	2	1704	1645	19	MQ	3359	N830MQ	JFK	RDU	75	427	14	55	2013-07-01 14:00:00
2013	7	1	1458	1335	83	1845	1811	34	UA	15	N67058	EWR	HNL	565	4963	13	35	2013-07-01 13:00:00
2013	7	1	1500	1255	125	1621	1402	139	B6	1318	N307JB	JFK	BOS	46	187	12	55	2013-07-01 12:00:00
2013	7	1	1500	1435	25	1835	1746	49	DL	1779	N315US	LGA	FLL	185	1076	14	35	2013-07-01 14:00:00
2013	7	1	1500	1400	60	1601	1508	53	US	2130	N956UW	LGA	BOS	41	184	14	0	2013-07-01 14:00:00
2013	7	1	1503	1421	42	1620	1545	35	EV	4171	N16149	EWR	MSN	114	799	14	21	2013-07-01 14:00:00
2013	7	1	1503	1212	171	1656	1406	170	EV	4640	N12563	EWR	DAY	90	533	12	12	2013-07-01 12:00:00
2013	7	1	1503	1300	123	1619	1420	119	EV	5797	N15983	EWR	RIC	53	277	13	0	2013-07-01 13:00:00
2013	7	1	1503	1505	-2	1837	1835	2	AA	1769	N360AA	JFK	MIA	165	1089	15	5	2013-07-01 15:00:00
2013	7	1	1504	1100	244	1801	1332	269	DL	1647	N641DL	LGA	ATL	116	762	11	0	2013-07-01 11:00:00
2013	7	1	1505	1329	96	1638	1509	89	EV	4628	N11551	EWR	STL	126	872	13	29	2013-07-01 13:00:00
2013	7	1	1505	1309	116	1813	1559	134	UA	1122	N87513	EWR	PBI	164	1023	13	9	2013-07-01 13:00:00
2013	7	1	1505	1455	10	1727	1752	-25	UA	439	N827UA	EWR	SAN	301	2425	14	55	2013-07-01 14:00:00
2013	7	1	1506	1500	6	1621	1621	0	UA	205	N493UA	EWR	BOS	48	200	15	0	2013-07-01 15:00:00
2013	7	1	1507	1310	117	1753	1532	141	FL	348	N939AT	LGA	ATL	115	762	13	10	2013-07-01 13:00:00
2013	7	1	1509	1230	159	1853	1555	178	DL	1455	N907DE	LGA	MIA	175	1096	12	30	2013-07-01 12:00:00
2013	7	1	1510	1430	40	1838	1725	73	B6	325	N531JB	JFK	TPA	160	1005	14	30	2013-07-01 14:00:00
2013	7	1	1511	1325	106	1729	1545	104	F9	507	N214FR	LGA	DEN	215	1620	13	25	2013-07-01 13:00:00
2013	7	1	1511	1455	16	1732	1710	22	DL	127	N331NB	JFK	DTW	86	509	14	55	2013-07-01 14:00:00
2013	7	1	1512	1459	13	1819	1751	28	UA	1618	N73256	EWR	TPA	166	997	14	59	2013-07-01 14:00:00
2013	7	1	1513	1340	93	1624	1456	88	EV	3852	N12567	EWR	BTV	42	266	13	40	2013-07-01 13:00:00
2013	7	1	1514	1200	194	1627	1320	187	EV	4321	N13965	EWR	ORF	52	284	12	0	2013-07-01 12:00:00
2013	7	1	1517	1450	27	1825	1745	40	UA	1242	N12238	EWR	FLL	167	1065	14	50	2013-07-01 14:00:00
2013	7	1	1519	1350	89	1640	1502	98	B6	1338	N178JB	JFK	MVY	41	173	13	50	2013-07-01 13:00:00
2013	7	1	1519	1440	39	1849	1746	63	DL	1902	N923DL	LGA	PBI	164	1035	14	40	2013-07-01 14:00:00
2013	7	1	1521	1400	81	1642	1512	90	US	2177	N752US	LGA	DCA	59	214	14	0	2013-07-01 14:00:00
2013	7	1	1522	1357	85	1753	1629	84	UA	755	N832UA	EWR	DFW	185	1372	13	57	2013-07-01 13:00:00
2013	7	1	1523	1459	24	1709	1649	20	MQ	3391	N738MQ	LGA	CMH	85	479	14	59	2013-07-01 14:00:00
2013	7	1	1523	1359	84	1708	1556	72	US	688	N604AW	EWR	PHX	265	2133	13	59	2013-07-01 13:00:00
2013	7	1	1524	1225	179	1718	1435	163	WN	226	N223WN	EWR	DEN	212	1605	12	25	2013-07-01 12:00:00
2013	7	1	1524	1525	-1	1726	1740	-14	MQ	3532	N720MQ	LGA	XNA	167	1147	15	25	2013-07-01 15:00:00
2013	7	1	1524	1500	24	1634	1646	-12	UA	1498	N37293	LGA	ORD	108	733	15	0	2013-07-01 15:00:00
2013	7	1	1526	1255	151	1638	1425	133	WN	546	N703SW	LGA	MKE	109	738	12	55	2013-07-01 12:00:00
2013	7	1	1528	1440	48	1806	1647	79	B6	575	N266JB	JFK	MSY	175	1182	14	40	2013-07-01 14:00:00
2013	7	1	1529	1455	34	1904	1800	64	AA	1751	N3FHAA	JFK	TPA	169	1005	14	55	2013-07-01 14:00:00
2013	7	1	1529	1345	104	1827	1639	108	DL	1685	N949DL	LGA	MCO	148	950	13	45	2013-07-01 13:00:00
2013	7	1	1529	1535	-6	1715	1725	-10	MQ	3416	N722MQ	LGA	RDU	69	431	15	35	2013-07-01 15:00:00
2013	7	1	1530	1429	61	1808	1659	69	MQ	3669	N525MQ	LGA	ATL	119	762	14	29	2013-07-01 14:00:00
2013	7	1	1531	1315	136	1919	1558	201	B6	553	N789JB	JFK	PBI	159	1028	13	15	2013-07-01 13:00:00
2013	7	1	1532	1530	2	1850	1855	-5	AA	85	N391AA	JFK	SFO	321	2586	15	30	2013-07-01 15:00:00
2013	7	1	1532	1445	47	1650	1614	36	UA	294	N466UA	EWR	CLE	62	404	14	45	2013-07-01 14:00:00
2013	7	1	1533	1530	3	1857	1850	7	DL	95	N194DN	JFK	LAX	307	2475	15	30	2013-07-01 15:00:00
2013	7	1	1535	1455	40	1855	1803	52	UA	1587	N73278	EWR	RSW	181	1068	14	55	2013-07-01 14:00:00
2013	7	1	1536	1416	80	1728	1535	113	EV	5712	N827AS	JFK	IAD	42	228	14	16	2013-07-01 14:00:00
2013	7	1	1537	1520	17	1829	1820	9	UA	643	N441UA	EWR	AUS	212	1504	15	20	2013-07-01 15:00:00
2013	7	1	1538	1400	98	1643	1511	92	B6	2480	N267JB	EWR	BOS	43	200	14	0	2013-07-01 14:00:00
2013	7	1	1538	1456	42	1721	1724	-3	UA	1222	N36447	EWR	LAS	264	2227	14	56	2013-07-01 14:00:00
2013	7	1	1541	1445	56	1830	1714	76	EV	4152	N14180	EWR	ATL	120	746	14	45	2013-07-01 14:00:00
2013	7	1	1541	1338	123	1947	1634	193	B6	213	N516JB	JFK	LGB	304	2465	13	38	2013-07-01 13:00:00
2013	7	1	1541	1543	-2	1844	1901	-17	UA	257	N560UA	JFK	SFO	318	2586	15	43	2013-07-01 15:00:00
2013	7	1	1542	1512	30	1819	1756	23	UA	1159	N39415	EWR	MCO	142	937	15	12	2013-07-01 15:00:00
2013	7	1	1542	1459	43	1653	1633	20	UA	253	N452UA	EWR	ORD	107	719	14	59	2013-07-01 14:00:00
2013	7	1	1543	1520	23	1706	1705	1	AA	2223	N571AA	LGA	STL	121	888	15	20	2013-07-01 15:00:00
2013	7	1	1543	1314	149	1927	1620	187	B6	1639	N520JB	LGA	RSW	189	1080	13	14	2013-07-01 13:00:00
2013	7	1	1543	1545	-2	2000	2001	-1	DL	4	N3760C	JFK	SJU	194	1598	15	45	2013-07-01 15:00:00
2013	7	1	1543	1259	164	1811	1532	159	DL	781	N926DL	LGA	ATL	120	762	12	59	2013-07-01 12:00:00
2013	7	1	1543	1529	14	1739	1800	-21	UA	1107	N37252	EWR	DEN	215	1605	15	29	2013-07-01 15:00:00
2013	7	1	1543	1259	164	1734	1457	157	US	1459	N537UW	LGA	CLT	85	544	12	59	2013-07-01 12:00:00
2013	7	1	1544	1142	242	1717	1336	221	EV	5478	N754EV	LGA	GSO	73	461	11	42	2013-07-01 11:00:00
2013	7	1	1549	1349	120	1731	1504	147	B6	118	N374JB	JFK	BOS	39	187	13	49	2013-07-01 13:00:00
2013	7	1	1550	1520	30	1821	1805	16	UA	1192	N45440	EWR	IAH	191	1400	15	20	2013-07-01 15:00:00
2013	7	1	1557	1455	62	1824	1701	83	9E	4120	N830AY	JFK	CLE	84	425	14	55	2013-07-01 14:00:00
2013	7	1	1557	1500	57	1739	1652	47	US	802	N433US	EWR	CLT	81	529	15	0	2013-07-01 15:00:00
2013	7	1	1600	1500	60	1801	1700	61	EV	4572	N22971	EWR	GSP	96	594	15	0	2013-07-01 15:00:00
2013	7	1	1600	1545	15	1849	1803	46	DL	1942	N306DQ	EWR	ATL	121	746	15	45	2013-07-01 15:00:00
2013	7	1	1601	1459	62	1921	1746	95	B6	581	N249JB	JFK	HOU	208	1428	14	59	2013-07-01 14:00:00
2013	7	1	1602	959	363	1739	1114	385	EV	5711	N830AS	JFK	IAD	40	228	9	59	2013-07-01 09:00:00
2013	7	1	1603	1545	18	1830	1740	50	MQ	2793	N679MQ	JFK	CMH	82	483	15	45	2013-07-01 15:00:00
2013	7	1	1604	1605	-1	1750	1740	10	AA	1750	N3KAAA	JFK	BOS	49	187	16	5	2013-07-01 16:00:00
2013	7	1	1605	1525	40	1754	1725	29	MQ	3199	N531MQ	LGA	CLT	86	544	15	25	2013-07-01 15:00:00
2013	7	1	1606	1600	6	1900	1849	11	B6	543	N784JB	EWR	PBI	157	1023	16	0	2013-07-01 16:00:00
2013	7	1	1608	1450	78	1749	1634	75	9E	3393	N907XJ	JFK	DCA	44	213	14	50	2013-07-01 14:00:00
2013	7	1	1608	1330	158	1905	1638	147	B6	431	N613JB	LGA	SRQ	160	1047	13	30	2013-07-01 13:00:00
2013	7	1	1608	1550	18	1727	1724	3	UA	1638	N38268	EWR	CLE	62	404	15	50	2013-07-01 15:00:00
2013	7	1	1610	1545	25	1720	1710	10	MQ	3694	N546MQ	EWR	ORD	112	719	15	45	2013-07-01 15:00:00
2013	7	1	1610	1540	30	1707	1648	19	US	1607	N963UW	LGA	PHL	35	96	15	40	2013-07-01 15:00:00
2013	7	1	1611	1512	59	1839	1736	63	EV	4377	N14977	EWR	JAX	129	820	15	12	2013-07-01 15:00:00
2013	7	1	1611	1530	41	2012	1845	87	B6	1729	N663JB	JFK	RSW	172	1074	15	30	2013-07-01 15:00:00
2013	7	1	1612	1429	103	2022	1830	112	B6	703	N703JB	JFK	SJU	199	1598	14	29	2013-07-01 14:00:00
2013	7	1	1612	1500	72	1817	1721	56	UA	745	N420UA	LGA	DEN	205	1620	15	0	2013-07-01 15:00:00
2013	7	1	1613	1454	79	1806	1710	56	EV	4978	N753EV	LGA	CLT	86	544	14	54	2013-07-01 14:00:00
2013	7	1	1613	1559	14	1907	1910	-3	DL	1394	N3772H	JFK	PDX	301	2454	15	59	2013-07-01 15:00:00
2013	7	1	1615	1550	25	1838	1900	-22	UA	1151	N73445	EWR	SEA	303	2402	15	50	2013-07-01 15:00:00
2013	7	1	1618	1620	-2	1940	1945	-5	AA	1467	N3HPAA	LGA	MIA	172	1096	16	20	2013-07-01 16:00:00
2013	7	1	1618	1600	18	1932	1935	-3	DL	141	N712TW	JFK	SFO	314	2586	16	0	2013-07-01 16:00:00
2013	7	1	1618	1530	48	1856	1755	61	MQ	3202	N649MQ	JFK	IND	105	665	15	30	2013-07-01 15:00:00
2013	7	1	1619	1545	34	1938	1906	32	DL	31	N3731T	JFK	SLC	255	1990	15	45	2013-07-01 15:00:00
2013	7	1	1619	1325	174	1744	1500	164	MQ	3305	N521MQ	LGA	RDU	69	431	13	25	2013-07-01 13:00:00
2013	7	1	1620	1450	90	1816	1652	84	US	1543	N189UW	LGA	CLT	86	544	14	50	2013-07-01 14:00:00
2013	7	1	1621	1100	321	1743	1230	313	WN	3297	N401WN	LGA	BNA	121	764	11	0	2013-07-01 11:00:00
2013	7	1	1622	1425	117	1811	1554	137	B6	2402	N229JB	JFK	BUF	62	301	14	25	2013-07-01 14:00:00
2013	7	1	1625	1453	92	1846	1652	114	EV	4111	N13970	EWR	CHS	115	628	14	53	2013-07-01 14:00:00
2013	7	1	1625	1435	110	1809	1600	129	9E	3719	N8554A	JFK	BWI	41	184	14	35	2013-07-01 14:00:00
2013	7	1	1625	1625	0	1903	1925	-22	DL	479	N344NW	EWR	SLC	255	1969	16	25	2013-07-01 16:00:00
2013	7	1	1625	1340	165	1816	1555	141	WN	2261	N953WN	EWR	PHX	272	2133	13	40	2013-07-01 13:00:00
2013	7	1	1626	1630	-4	1920	1939	-19	B6	423	N634JB	JFK	LAX	296	2475	16	30	2013-07-01 16:00:00
2013	7	1	1628	1545	43	1930	1900	30	AA	133	N339AA	JFK	LAX	310	2475	15	45	2013-07-01 15:00:00
2013	7	1	1629	1619	10	1920	1918	2	UA	996	N577UA	EWR	SFO	320	2565	16	19	2013-07-01 16:00:00
2013	7	1	1629	1520	69	1851	1814	37	UA	1600	N57111	EWR	LAX	298	2454	15	20	2013-07-01 15:00:00
2013	7	1	1630	1600	30	1747	1733	14	UA	1250	N76522	EWR	ORD	108	719	16	0	2013-07-01 16:00:00
2013	7	1	1631	1359	152	1855	1629	146	DL	2247	N552NW	LGA	ATL	117	762	13	59	2013-07-01 13:00:00
2013	7	1	1632	1435	117	1809	1639	90	DL	1819	N904DE	LGA	MSP	135	1020	14	35	2013-07-01 14:00:00
2013	7	1	1632	1200	272	1859	1435	264	DL	1947	N587NW	LGA	ATL	115	762	12	0	2013-07-01 12:00:00
2013	7	1	1633	1630	3	1945	1930	15	AA	881	N3AAAA	JFK	DFW	189	1391	16	30	2013-07-01 16:00:00
2013	7	1	1633	1538	55	1913	1905	8	UA	1632	N37470	EWR	SFO	311	2565	15	38	2013-07-01 15:00:00
2013	7	1	1634	1550	44	1937	1845	52	AA	763	N3ALAA	LGA	DFW	193	1389	15	50	2013-07-01 15:00:00
2013	7	1	1635	1459	96	1904	1735	89	DL	451	N651DL	LGA	ATL	112	762	14	59	2013-07-01 14:00:00
2013	7	1	1636	1500	96	1749	1622	87	US	2179	N757UW	LGA	DCA	48	214	15	0	2013-07-01 15:00:00
2013	7	1	1637	1555	42	1919	1843	36	UA	564	N429UA	EWR	MCO	141	937	15	55	2013-07-01 15:00:00
2013	7	1	1640	1450	110	1906	1716	110	9E	3793	N8604C	JFK	CLT	87	541	14	50	2013-07-01 14:00:00
2013	7	1	1641	1600	41	1916	1815	61	MQ	3075	N636MQ	JFK	CVG	97	589	16	0	2013-07-01 16:00:00
2013	7	1	1644	1555	49	2009	1900	69	DL	1753	N3748Y	JFK	MCO	143	944	15	55	2013-07-01 15:00:00
2013	7	1	1646	1520	86	1819	1710	69	AA	341	N4WSAA	LGA	ORD	108	733	15	20	2013-07-01 15:00:00
2013	7	1	1648	1545	63	1850	1756	54	EV	5965	N21129	EWR	SDF	105	642	15	45	2013-07-01 15:00:00
2013	7	1	1649	1559	50	1925	1842	43	DL	847	N974DL	LGA	ATL	113	762	15	59	2013-07-01 15:00:00
2013	7	1	1651	1633	18	1928	1916	12	UA	1178	N75853	EWR	IAH	194	1400	16	33	2013-07-01 16:00:00
2013	7	1	1651	1600	51	1807	1718	49	US	2134	N953UW	LGA	BOS	53	184	16	0	2013-07-01 16:00:00
2013	7	1	1652	1630	22	2100	1945	75	B6	1801	N568JB	JFK	FLL	174	1069	16	30	2013-07-01 16:00:00
2013	7	1	1652	1530	82	1753	1650	63	WN	216	N7735A	EWR	MDW	104	711	15	30	2013-07-01 15:00:00
2013	7	1	1653	1625	28	1956	1910	46	DL	843	N828MH	JFK	ATL	120	760	16	25	2013-07-01 16:00:00
2013	7	1	1656	1600	56	1828	1721	67	US	2181	N721UW	LGA	DCA	67	214	16	0	2013-07-01 16:00:00
2013	7	1	1657	1545	72	2042	1902	100	DL	1129	N958DL	LGA	MIA	179	1096	15	45	2013-07-01 15:00:00
2013	7	1	1659	1555	64	1920	1805	75	EV	4328	N17159	EWR	MSY	173	1167	15	55	2013-07-01 15:00:00
2013	7	1	1700	1659	1	2006	2002	4	UA	151	N23721	EWR	SAT	225	1569	16	59	2013-07-01 16:00:00
2013	7	1	1702	1630	32	1953	1933	20	B6	89	N766JB	JFK	SAN	298	2446	16	30	2013-07-01 16:00:00
2013	7	1	1705	1540	85	1818	1710	68	MQ	3622	N9EAMQ	LGA	BNA	113	764	15	40	2013-07-01 15:00:00
2013	7	1	1706	1700	6	1958	2016	-18	DL	1163	N723TW	JFK	LAX	307	2475	17	0	2013-07-01 17:00:00
2013	7	1	1707	1448	139	1943	1742	121	UA	1281	N76516	LGA	IAH	195	1416	14	48	2013-07-01 14:00:00
2013	7	1	1708	1629	39	1855	1823	32	EV	5818	N41104	EWR	MEM	147	946	16	29	2013-07-01 16:00:00
2013	7	1	1711	1650	21	1859	1855	4	DL	1473	N344NB	LGA	MEM	146	963	16	50	2013-07-01 16:00:00
2013	7	1	1713	1500	133	1858	1649	129	EV	5814	N13994	EWR	CLT	85	529	15	0	2013-07-01 15:00:00
2013	7	1	1713	1705	8	2010	2020	-10	AA	1999	N3HHAA	EWR	MIA	153	1085	17	5	2013-07-01 17:00:00
2013	7	1	1717	1459	138	1959	1821	98	DL	161	N186DN	JFK	SEA	312	2422	14	59	2013-07-01 14:00:00
2013	7	1	1718	1340	218	1833	1510	203	WN	427	N903WN	LGA	MDW	112	725	13	40	2013-07-01 13:00:00
2013	7	1	1720	1719	1	1833	1855	-22	B6	86	N274JB	JFK	ROC	49	264	17	19	2013-07-01 17:00:00
2013	7	1	1720	1659	21	1934	1919	15	DL	2042	N320NB	EWR	ATL	113	746	16	59	2013-07-01 16:00:00
2013	7	1	1720	1530	110	2107	1851	136	DL	2280	N374DA	JFK	FLL	175	1069	15	30	2013-07-01 15:00:00
2013	7	1	1720	1655	25	1905	1900	5	US	681	N676AW	EWR	PHX	264	2133	16	55	2013-07-01 16:00:00
2013	7	1	1721	1625	56	1925	1838	47	DL	2231	N324NB	LGA	DTW	95	502	16	25	2013-07-01 16:00:00
2013	7	1	1722	1540	102	1907	1741	86	US	1899	N741UW	LGA	CLT	87	544	15	40	2013-07-01 15:00:00
2013	7	1	1723	1550	93	1926	1805	81	WN	262	N232WN	EWR	DEN	221	1605	15	50	2013-07-01 15:00:00
2013	7	1	1724	1655	29	2012	2005	7	VX	413	N636VA	JFK	LAX	302	2475	16	55	2013-07-01 16:00:00
2013	7	1	1724	1455	149	1853	1635	138	MQ	3231	N623MQ	JFK	PIT	66	340	14	55	2013-07-01 14:00:00
2013	7	1	1724	1420	184	1902	1620	162	MQ	3588	N5PBMQ	LGA	MSP	131	1020	14	20	2013-07-01 14:00:00
2013	7	1	1724	1722	2	2005	2013	-8	UA	1109	N18119	EWR	MCO	139	937	17	22	2013-07-01 17:00:00
2013	7	1	1725	1503	142	1934	1658	156	EV	4430	N13969	EWR	DTW	100	488	15	3	2013-07-01 15:00:00
2013	7	1	1725	1520	125	1952	1802	110	DL	1773	N383DN	JFK	LAS	284	2248	15	20	2013-07-01 15:00:00
2013	7	1	1729	1630	59	2016	1959	17	VX	27	N837VA	JFK	SFO	319	2586	16	30	2013-07-01 16:00:00
2013	7	1	1729	1630	59	1936	1845	51	MQ	3556	N721MQ	LGA	DTW	91	502	16	30	2013-07-01 16:00:00
2013	7	1	1729	1716	13	1928	1944	-16	UA	1625	N53442	EWR	DEN	218	1605	17	16	2013-07-01 17:00:00
2013	7	1	1732	1610	82	1840	1800	40	AA	343	N439AA	LGA	ORD	109	733	16	10	2013-07-01 16:00:00
2013	7	1	1732	1715	17	2016	2040	-24	UA	512	N505UA	JFK	SFO	316	2586	17	15	2013-07-01 17:00:00
2013	7	1	1732	1544	108	1907	1734	93	UA	1542	N16701	LGA	CLE	69	419	15	44	2013-07-01 15:00:00
2013	7	1	1734	1559	95	2114	1922	112	DL	1373	N921DL	JFK	MIA	168	1089	15	59	2013-07-01 15:00:00
2013	7	1	1736	1605	91	2048	1913	95	DL	706	N3747D	JFK	AUS	214	1521	16	5	2013-07-01 16:00:00
2013	7	1	1737	1550	107	1907	1749	78	9E	3523	N926XJ	JFK	ORD	118	740	15	50	2013-07-01 15:00:00
2013	7	1	1737	1530	127	2033	1838	115	DL	1935	N311US	LGA	TPA	152	1010	15	30	2013-07-01 15:00:00
2013	7	1	1739	1727	12	1957	2040	-43	UA	1266	N37409	EWR	LAX	300	2454	17	27	2013-07-01 17:00:00
2013	7	1	1740	1559	101	1932	1828	64	9E	3540	N930XJ	JFK	MSP	140	1029	15	59	2013-07-01 15:00:00
2013	7	1	1740	1621	79	1839	1742	57	UA	1028	N34282	EWR	BOS	41	200	16	21	2013-07-01 16:00:00
2013	7	1	1740	1720	20	1938	1942	-4	UA	521	N459UA	EWR	PHX	265	2133	17	20	2013-07-01 17:00:00
2013	7	1	1740	1726	14	1937	2009	-32	UA	1593	N75436	EWR	LAS	273	2227	17	26	2013-07-01 17:00:00
2013	7	1	1741	1618	83	1842	1745	57	YV	3771	N509MJ	LGA	IAD	47	229	16	18	2013-07-01 16:00:00
2013	7	1	1742	1411	211	2041	1702	219	B6	1883	N603JB	JFK	MCO	141	944	14	11	2013-07-01 14:00:00
2013	7	1	1743	1250	293	1935	1425	310	MQ	3361	N816MQ	JFK	RDU	73	427	12	50	2013-07-01 12:00:00
2013	7	1	1744	1523	141	1901	1641	140	EV	3267	N14204	EWR	ORF	57	284	15	23	2013-07-01 15:00:00
2013	7	1	1744	1644	60	1916	1816	60	UA	299	N422UA	EWR	ORD	108	719	16	44	2013-07-01 16:00:00
2013	7	1	1746	1721	25	1956	1926	30	EV	3847	N22909	EWR	IND	104	645	17	21	2013-07-01 17:00:00
2013	7	1	1749	1705	44	2034	2000	34	DL	503	N3750D	JFK	SAN	295	2446	17	5	2013-07-01 17:00:00
2013	7	1	1749	1729	20	2032	2055	-23	VX	193	N624VA	EWR	SFO	319	2565	17	29	2013-07-01 17:00:00
2013	7	1	1751	1559	112	1901	1730	91	B6	1734	N273JB	JFK	BTV	44	266	15	59	2013-07-01 15:00:00
2013	7	1	1752	1755	-3	2021	2045	-24	AA	785	N3ADAA	LGA	DFW	194	1389	17	55	2013-07-01 17:00:00
2013	7	1	1752	1723	29	2030	2013	17	UA	1611	N77295	EWR	IAH	194	1400	17	23	2013-07-01 17:00:00
2013	7	1	1754	1755	-1	2048	2120	-32	AA	177	N328AA	JFK	SFO	320	2586	17	55	2013-07-01 17:00:00
2013	7	1	1754	1710	44	2032	2005	27	AA	257	N5CPAA	JFK	LAS	290	2248	17	10	2013-07-01 17:00:00
2013	7	1	1756	1716	40	1906	1848	18	B6	408	N231JB	JFK	PWM	46	273	17	16	2013-07-01 17:00:00
2013	7	1	1756	1555	121	1925	1740	105	WN	493	N914WN	LGA	STL	131	888	15	55	2013-07-01 15:00:00
2013	7	1	1757	1735	22	2046	2104	-18	DL	1543	N624AG	JFK	SEA	303	2422	17	35	2013-07-01 17:00:00
2013	7	1	1759	1653	66	1927	1827	60	EV	4300	N16981	EWR	RIC	62	277	16	53	2013-07-01 16:00:00
2013	7	1	1759	1615	104	1944	1805	99	9E	3400	N913XJ	JFK	MKE	111	745	16	15	2013-07-01 16:00:00
2013	7	1	1800	1800	0	2100	2130	-30	B6	415	N588JB	JFK	SFO	316	2586	18	0	2013-07-01 18:00:00
2013	7	1	1802	1555	127	1959	1744	135	B6	1105	N265JB	JFK	ORD	114	740	15	55	2013-07-01 15:00:00
2013	7	1	1802	1700	62	1913	1844	29	UA	1491	N16732	LGA	ORD	109	733	17	0	2013-07-01 17:00:00
2013	7	1	1803	1710	53	2100	2015	45	AA	181	N327AA	JFK	LAX	307	2475	17	10	2013-07-01 17:00:00
2013	7	1	1803	1629	94	2031	1922	69	UA	392	N572UA	EWR	LAX	299	2454	16	29	2013-07-01 16:00:00
2013	7	1	1806	1805	1	1921	1950	-29	AA	353	N3GVAA	LGA	ORD	110	733	18	5	2013-07-01 18:00:00
2013	7	1	1808	1745	23	2015	2011	4	DL	884	N349NW	LGA	DEN	213	1620	17	45	2013-07-01 17:00:00
2013	7	1	1808	1655	73	2059	1950	69	AA	1507	N4YDAA	EWR	DFW	197	1372	16	55	2013-07-01 16:00:00
2013	7	1	1809	1711	58	2107	2039	28	B6	167	N705JB	JFK	OAK	320	2576	17	11	2013-07-01 17:00:00
2013	7	1	1810	1633	97	1923	1803	80	EV	4462	N36915	EWR	ROC	45	246	16	33	2013-07-01 16:00:00
2013	7	1	1812	1629	103	2106	1927	99	B6	1161	N624JB	LGA	PBI	153	1035	16	29	2013-07-01 16:00:00
2013	7	1	1813	1528	165	2029	1730	179	EV	4687	N16911	EWR	CVG	98	569	15	28	2013-07-01 15:00:00
2013	7	1	1813	1459	194	2111	1801	190	9E	3325	N934XJ	JFK	DFW	194	1391	14	59	2013-07-01 14:00:00
2013	7	1	1815	1745	30	2122	2110	12	AA	1611	N3DNAA	LGA	MIA	161	1096	17	45	2013-07-01 17:00:00
2013	7	1	1815	1758	17	1951	1955	-4	UA	1053	N24729	EWR	CLE	66	404	17	58	2013-07-01 17:00:00
2013	7	1	1817	1706	71	2219	2111	68	B6	803	N651JB	JFK	SJU	198	1598	17	6	2013-07-01 17:00:00
2013	7	1	1817	1815	2	2106	2134	-28	UA	212	N526UA	EWR	SFO	313	2565	18	15	2013-07-01 18:00:00
2013	7	1	1818	1733	45	2041	2032	9	UA	1141	N75432	EWR	SAN	299	2425	17	33	2013-07-01 17:00:00
2013	7	1	1821	1700	81	2041	1935	66	DL	1499	N347NW	LGA	ATL	114	762	17	0	2013-07-01 17:00:00
2013	7	1	1822	1824	-2	2105	2129	-24	B6	1013	N661JB	JFK	LGB	306	2465	18	24	2013-07-01 18:00:00
2013	7	1	1822	1825	-3	2037	2029	8	DL	1715	N363NB	LGA	MSY	176	1183	18	25	2013-07-01 18:00:00
2013	7	1	1825	1635	110	2018	1833	105	EV	5615	N538CA	EWR	DTW	80	488	16	35	2013-07-01 16:00:00
2013	7	1	1827	1759	28	1945	1925	20	UA	751	N476UA	EWR	BOS	43	200	17	59	2013-07-01 17:00:00
2013	7	1	1828	1553	155	1957	1709	168	EV	4155	N11193	EWR	MKE	106	725	15	53	2013-07-01 15:00:00
2013	7	1	1828	1705	83	2006	1910	56	AA	1711	N3GTAA	JFK	ORD	118	740	17	5	2013-07-01 17:00:00
2013	7	1	1828	1515	193	2124	1816	188	DL	2181	N931DL	LGA	MCO	143	950	15	15	2013-07-01 15:00:00
2013	7	1	1828	1825	3	2113	2123	-10	DL	2370	N395DN	LGA	PBI	145	1035	18	25	2013-07-01 18:00:00
2013	7	1	1829	1525	184	1957	1650	187	EV	4502	N18102	EWR	BNA	118	748	15	25	2013-07-01 15:00:00
2013	7	1	1831	1825	6	2133	2121	12	UA	1280	N74856	EWR	LAX	312	2454	18	25	2013-07-01 18:00:00
2013	7	1	1832	1725	67	2152	2045	67	AA	221	N5FTAA	JFK	MIA	161	1089	17	25	2013-07-01 17:00:00
2013	7	1	1833	1710	83	2128	2000	88	WN	580	N212WN	EWR	HOU	204	1411	17	10	2013-07-01 17:00:00
2013	7	1	1833	1800	33	2156	2102	54	UA	1248	N76504	EWR	MIA	156	1085	18	0	2013-07-01 18:00:00
2013	7	1	1834	1815	19	2144	2140	4	DL	17	N191DN	JFK	LAX	307	2475	18	15	2013-07-01 18:00:00
2013	7	1	1834	1754	40	2121	2100	21	UA	1527	N12114	JFK	LAX	300	2475	17	54	2013-07-01 17:00:00
2013	7	1	1837	1734	63	2052	1956	56	FL	771	N281AT	LGA	ATL	119	762	17	34	2013-07-01 17:00:00
2013	7	1	1837	1720	77	2150	2025	85	AA	695	N3KLAA	JFK	AUS	218	1521	17	20	2013-07-01 17:00:00
2013	7	1	1837	1620	137	2132	1923	129	B6	1117	N612JB	LGA	TPA	147	1010	16	20	2013-07-01 16:00:00
2013	7	1	1838	1625	133	2010	1815	115	MQ	3411	N846MQ	LGA	RDU	75	431	16	25	2013-07-01 16:00:00
2013	7	1	1838	1800	38	1938	1913	25	US	2138	N956UW	LGA	BOS	42	184	18	0	2013-07-01 18:00:00
2013	7	1	1839	1830	9	1958	1955	3	MQ	3486	N735MQ	LGA	BNA	120	764	18	30	2013-07-01 18:00:00
2013	7	1	1840	1830	10	2155	2145	10	AA	119	N3GYAA	EWR	LAX	301	2454	18	30	2013-07-01 18:00:00
2013	7	1	1841	1829	12	2057	2033	24	US	297	N519UW	JFK	CLT	83	541	18	29	2013-07-01 18:00:00
2013	7	1	1843	1720	83	2033	1925	68	DL	2331	N957DL	LGA	DTW	84	502	17	20	2013-07-01 17:00:00
2013	7	1	1843	1800	43	2003	1915	48	US	2185	N746UW	LGA	DCA	63	214	18	0	2013-07-01 18:00:00
2013	7	1	1844	1703	101	2127	1954	93	UA	807	N473UA	LGA	IAH	201	1416	17	3	2013-07-01 17:00:00
2013	7	1	1846	1735	71	2027	1915	72	WN	19	N237WN	EWR	STL	124	872	17	35	2013-07-01 17:00:00
2013	7	1	1846	1655	111	2135	2016	79	UA	1284	N57439	EWR	SFO	306	2565	16	55	2013-07-01 16:00:00
2013	7	1	1847	1720	87	2012	1849	83	EV	3853	N12567	EWR	BUF	51	282	17	20	2013-07-01 17:00:00
2013	7	1	1847	1820	27	2104	2049	15	DL	926	N355NB	EWR	ATL	108	746	18	20	2013-07-01 18:00:00
2013	7	1	1849	1710	99	2031	1905	86	B6	1185	N329JB	JFK	RDU	66	427	17	10	2013-07-01 17:00:00
2013	7	1	1854	1728	86	2102	1929	93	EV	4382	N15572	EWR	DTW	84	488	17	28	2013-07-01 17:00:00
2013	7	1	1855	1859	-4	2118	2121	-3	FL	778	N950AT	LGA	ATL	112	762	18	59	2013-07-01 18:00:00
2013	7	1	1856	1900	-4	2154	2228	-34	DL	1643	N706TW	JFK	SEA	311	2422	19	0	2013-07-01 19:00:00
2013	7	1	1857	1655	122	2131	1922	129	EV	4705	N16961	EWR	ATL	115	746	16	55	2013-07-01 16:00:00
2013	7	1	1858	1735	83	2053	1928	85	US	449	N657AW	EWR	CLT	79	529	17	35	2013-07-01 17:00:00
2013	7	1	1904	1700	124	2108	1912	116	B6	1119	N348JB	JFK	CLT	83	541	17	0	2013-07-01 17:00:00
2013	7	1	1905	1800	65	2104	1947	77	UA	691	N802UA	LGA	ORD	110	733	18	0	2013-07-01 18:00:00
2013	7	1	1908	1900	8	2122	2140	-18	DL	971	N3756	JFK	DEN	207	1626	19	0	2013-07-01 19:00:00
2013	7	1	1912	1800	72	2030	1952	38	UA	708	N421UA	EWR	ORD	111	719	18	0	2013-07-01 18:00:00
2013	7	1	1912	1910	2	2139	2219	-40	UA	1666	N76515	EWR	LAX	295	2454	19	10	2013-07-01 19:00:00
2013	7	1	1914	1636	158	2024	1805	139	B6	918	N294JB	JFK	BOS	38	187	16	36	2013-07-01 16:00:00
2013	7	1	1915	1659	136	2122	1859	143	EV	4532	N31131	EWR	CHS	96	628	16	59	2013-07-01 16:00:00
2013	7	1	1915	1830	45	2055	2033	22	DL	2131	N337NB	LGA	DTW	82	502	18	30	2013-07-01 18:00:00
2013	7	1	1918	1845	33	2120	2116	4	DL	245	N3746H	JFK	PHX	263	2153	18	45	2013-07-01 18:00:00
2013	7	1	1918	1835	43	2047	2043	4	DL	2019	N325US	LGA	MSP	133	1020	18	35	2013-07-01 18:00:00
2013	7	1	1919	1720	119	2252	1928	204	EV	5678	N12552	EWR	CVG	97	569	17	20	2013-07-01 17:00:00
2013	7	1	1921	1700	141	2048	1840	128	B6	1516	N351JB	JFK	SYR	44	209	17	0	2013-07-01 17:00:00
2013	7	1	1922	1705	137	2037	1855	102	AA	345	N525AA	LGA	ORD	115	733	17	5	2013-07-01 17:00:00
2013	7	1	1922	1630	172	2043	1810	153	B6	2302	N184JB	JFK	BUF	52	301	16	30	2013-07-01 16:00:00
2013	7	1	1923	1500	263	2220	1758	262	B6	83	N637JB	JFK	MCO	134	944	15	0	2013-07-01 15:00:00
2013	7	1	1923	1900	23	2225	2224	1	DL	2007	N3764D	JFK	PDX	301	2454	19	0	2013-07-01 19:00:00
2013	7	1	1923	1925	-2	2144	2217	-33	UA	1555	N27205	EWR	SAN	295	2425	19	25	2013-07-01 19:00:00
2013	7	1	1925	1825	60	2039	2009	30	EV	5207	N744EV	LGA	BGR	54	378	18	25	2013-07-01 18:00:00
2013	7	1	1925	1920	5	2038	2100	-22	AA	361	N3AGAA	LGA	ORD	113	733	19	20	2013-07-01 19:00:00
2013	7	1	1926	1830	56	2047	2015	32	AA	2019	N435AA	LGA	STL	121	888	18	30	2013-07-01 18:00:00
2013	7	1	1926	1829	57	2118	2033	45	US	1973	N188US	EWR	CLT	81	529	18	29	2013-07-01 18:00:00
2013	7	1	1927	1855	32	2132	2059	33	US	1473	N191UW	LGA	CLT	85	544	18	55	2013-07-01 18:00:00
2013	7	1	1928	1930	-2	2227	2240	-13	DL	1435	N659DL	LGA	TPA	147	1010	19	30	2013-07-01 19:00:00
2013	7	1	1929	1729	120	2049	1854	115	EV	4195	N15910	EWR	BNA	116	748	17	29	2013-07-01 17:00:00
2013	7	1	1930	1445	285	2217	1720	297	B6	477	N346JB	JFK	JAX	125	828	14	45	2013-07-01 14:00:00
2013	7	1	1930	1606	204	2233	1909	204	B6	283	N652JB	JFK	MCO	139	944	16	6	2013-07-01 16:00:00
2013	7	1	1930	1855	35	2236	2215	21	VX	29	N639VA	JFK	SFO	319	2586	18	55	2013-07-01 18:00:00
2013	7	1	1930	1900	30	2039	2012	27	US	2140	N952UW	LGA	BOS	41	184	19	0	2013-07-01 19:00:00
2013	7	1	1931	1529	242	2241	1821	260	B6	573	N623JB	EWR	TPA	143	997	15	29	2013-07-01 15:00:00
2013	7	1	1931	1615	196	2053	1755	178	DL	402	N341NB	JFK	BOS	36	187	16	15	2013-07-01 16:00:00
2013	7	1	1931	1920	11	2129	2158	-29	UA	1667	N36472	EWR	LAS	271	2227	19	20	2013-07-01 19:00:00
2013	7	1	1932	1629	183	2040	1743	177	EV	3845	N15985	EWR	BWI	38	169	16	29	2013-07-01 16:00:00
2013	7	1	1932	1805	87	2206	2035	91	DL	73	N3759	JFK	ATL	107	760	18	5	2013-07-01 18:00:00
2013	7	1	1933	1755	98	2143	2010	93	MQ	3367	N725MQ	LGA	XNA	169	1147	17	55	2013-07-01 17:00:00
2013	7	1	1935	1940	-5	2142	2144	-2	EV	4361	N11199	EWR	TYS	96	631	19	40	2013-07-01 19:00:00
2013	7	1	1937	1709	148	2226	1954	152	B6	327	N621JB	EWR	MCO	139	937	17	9	2013-07-01 17:00:00
2013	7	1	1937	1919	18	2212	2210	2	UA	1259	N73276	LGA	IAH	198	1416	19	19	2013-07-01 19:00:00
2013	7	1	1938	1615	203	2121	1830	171	DL	1619	N912DE	LGA	MSP	137	1020	16	15	2013-07-01 16:00:00
2013	7	1	1939	1825	74	2204	2145	19	AS	7	N419AS	EWR	SEA	302	2402	18	25	2013-07-01 18:00:00
2013	7	1	1942	1640	182	2111	1813	178	9E	3788	N813AY	JFK	PHL	32	94	16	40	2013-07-01 16:00:00
2013	7	1	1945	1945	0	2047	2115	-28	EV	4433	N13908	EWR	IAD	42	212	19	45	2013-07-01 19:00:00
2013	7	1	1948	1915	33	2229	2203	26	UA	429	N519UA	EWR	PBI	139	1023	19	15	2013-07-01 19:00:00
2013	7	1	1950	2000	-10	2121	2137	-16	UA	695	N415UA	LGA	ORD	100	733	20	0	2013-07-01 20:00:00
2013	7	1	1950	1900	50	2124	2016	68	US	2187	N752US	LGA	DCA	66	214	19	0	2013-07-01 19:00:00
2013	7	1	1951	1955	-4	2047	2116	-29	EV	4969	N716EV	LGA	MHT	34	195	19	55	2013-07-01 19:00:00
2013	7	1	1955	1959	-4	2137	2159	-22	EV	4543	N14174	EWR	DSM	144	1017	19	59	2013-07-01 19:00:00
2013	7	1	1956	1915	41	2224	2205	19	AA	791	N3HGAA	LGA	DFW	188	1389	19	15	2013-07-01 19:00:00
2013	7	1	1957	2000	-3	2132	2140	-8	MQ	3591	N713MQ	LGA	RDU	70	431	20	0	2013-07-01 20:00:00
2013	7	1	1958	1820	98	2304	2134	90	DL	83	N910DE	JFK	MIA	143	1089	18	20	2013-07-01 18:00:00
2013	7	1	1959	1708	171	2129	1848	161	EV	4202	N16919	EWR	STL	128	872	17	8	2013-07-01 17:00:00
2013	7	1	1959	1915	44	2212	2208	4	DL	1629	N373DA	JFK	LAS	275	2248	19	15	2013-07-01 19:00:00
2013	7	1	1959	1830	89	2209	2055	74	WN	1454	N217JC	EWR	MSY	168	1167	18	30	2013-07-01 18:00:00
2013	7	1	2000	1835	85	2253	2155	58	AA	269	N3BEAA	JFK	SEA	315	2422	18	35	2013-07-01 18:00:00
2013	7	1	2000	2000	0	2217	2229	-12	DL	1147	N943DL	LGA	ATL	111	762	20	0	2013-07-01 20:00:00
2013	7	1	2001	1915	46	2229	2230	-1	AA	21	N335AA	JFK	LAX	294	2475	19	15	2013-07-01 19:00:00
2013	7	1	2001	1835	86	2246	2144	62	UA	1637	N78285	EWR	TPA	143	997	18	35	2013-07-01 18:00:00
2013	7	1	2002	1910	52	2324	2234	50	DL	1091	N365NB	JFK	SAT	216	1587	19	10	2013-07-01 19:00:00
2013	7	1	2004	1645	199	2121	1815	186	WN	2625	N723SW	LGA	MDW	108	725	16	45	2013-07-01 16:00:00
2013	7	1	2006	1800	126	2125	1930	115	WN	625	N268WN	EWR	MDW	102	711	18	0	2013-07-01 18:00:00
2013	7	1	2006	1705	181	2156	1911	165	US	1531	N195UW	LGA	CLT	84	544	17	5	2013-07-01 17:00:00
2013	7	1	2007	1845	82	2123	2030	53	AA	359	N547AA	LGA	ORD	112	733	18	45	2013-07-01 18:00:00
2013	7	1	2007	1815	112	2242	2106	96	UA	1061	N14242	EWR	DFW	191	1372	18	15	2013-07-01 18:00:00
2013	7	1	2008	1924	44	2117	2051	26	UA	1703	N76269	EWR	BOS	42	200	19	24	2013-07-01 19:00:00
2013	7	1	2010	1955	15	2156	2145	11	MQ	3374	N830MQ	JFK	RDU	70	427	19	55	2013-07-01 19:00:00
2013	7	1	2011	1759	132	2302	2058	124	DL	1585	N936DL	LGA	MCO	144	950	17	59	2013-07-01 17:00:00
2013	7	1	2011	1800	131	2141	1950	111	MQ	3526	N514MQ	LGA	CMH	71	479	18	0	2013-07-01 18:00:00
2013	7	1	2014	1959	15	2136	2137	-1	DL	975	N998DL	LGA	PIT	55	335	19	59	2013-07-01 19:00:00
2013	7	1	2015	1835	100	2150	2010	100	MQ	3674	N501MQ	LGA	CLE	68	419	18	35	2013-07-01 18:00:00
2013	7	1	2016	2007	9	2239	2259	-20	B6	1505	N633JB	JFK	ABQ	228	1826	20	7	2013-07-01 20:00:00
2013	7	1	2017	1930	47	2125	2047	38	EV	5769	N830AS	LGA	IAD	44	229	19	30	2013-07-01 19:00:00
2013	7	1	2019	1910	69	2205	2114	51	EV	4397	N12160	EWR	MCI	146	1092	19	10	2013-07-01 19:00:00
2013	7	1	2022	1740	162	2225	2015	130	WN	345	N422WN	LGA	DEN	217	1620	17	40	2013-07-01 17:00:00
2013	7	1	2022	1855	87	2247	2215	32	UA	1152	N37471	EWR	PDX	298	2434	18	55	2013-07-01 18:00:00
2013	7	1	2023	1920	63	2257	2210	47	AA	1691	N4WRAA	EWR	DFW	195	1372	19	20	2013-07-01 19:00:00
2013	7	1	2023	1825	118	2249	2138	71	UA	543	N594UA	EWR	SEA	296	2402	18	25	2013-07-01 18:00:00
2013	7	1	2025	2028	-3	2325	2339	-14	UA	555	N569UA	EWR	FLL	154	1065	20	28	2013-07-01 20:00:00
2013	7	1	2027	1735	172	2307	2030	157	AA	145	N3KFAA	JFK	SAN	310	2446	17	35	2013-07-01 17:00:00
2013	7	1	2027	1855	92	2255	2205	50	VX	169	N521VA	EWR	LAX	296	2454	18	55	2013-07-01 18:00:00
2013	7	1	2028	1730	178	2140	1848	172	B6	2580	N228JB	EWR	BOS	42	200	17	30	2013-07-01 17:00:00
2013	7	1	2028	1931	57	2324	2237	47	UA	1292	N38473	EWR	FLL	155	1065	19	31	2013-07-01 19:00:00
2013	7	1	2029	2040	-11	2213	2235	-22	MQ	3603	N722MQ	LGA	DTW	79	502	20	40	2013-07-01 20:00:00
2013	7	1	2034	1839	115	2158	2029	89	9E	3588	N8888D	JFK	ORF	50	290	18	39	2013-07-01 18:00:00
2013	7	1	2034	2030	4	2227	2245	-18	9E	4033	N8745B	LGA	TYS	98	647	20	30	2013-07-01 20:00:00
2013	7	1	2036	1655	221	2208	1837	211	EV	5977	N12921	EWR	RDU	66	416	16	55	2013-07-01 16:00:00
2013	7	1	2036	1925	71	2345	2240	65	DL	2139	N911DE	LGA	MIA	166	1096	19	25	2013-07-01 19:00:00
2013	7	1	2037	1815	142	2251	2131	80	UA	589	N433UA	EWR	SNA	286	2434	18	15	2013-07-01 18:00:00
2013	7	1	2038	1959	39	2312	2234	38	EV	4204	N24103	EWR	OKC	180	1325	19	59	2013-07-01 19:00:00
2013	7	1	2038	1930	68	2309	2243	26	UA	1108	N36207	EWR	SEA	298	2402	19	30	2013-07-01 19:00:00
2013	7	1	2040	2030	10	2204	2211	-7	EV	5048	N713EV	LGA	RIC	64	292	20	30	2013-07-01 20:00:00
2013	7	1	2043	2000	43	2336	2315	21	AA	1709	N3JTAA	LGA	MIA	159	1096	20	0	2013-07-01 20:00:00
2013	7	1	2043	1800	163	2300	2102	118	B6	359	N580JB	JFK	BUR	297	2465	18	0	2013-07-01 18:00:00
2013	7	1	2045	1920	85	2147	2045	62	AA	1762	N3AFAA	JFK	BOS	39	187	19	20	2013-07-01 19:00:00
2013	7	1	2047	1830	137	2333	2140	113	B6	305	N648JB	EWR	FLL	141	1065	18	30	2013-07-01 18:00:00
2013	7	1	2047	1935	72	2353	2256	57	DL	87	N635DL	JFK	SLC	253	1990	19	35	2013-07-01 19:00:00
2013	7	1	2047	2000	47	2144	2116	28	US	2189	N721UW	LGA	DCA	39	214	20	0	2013-07-01 20:00:00
2013	7	1	2048	2015	33	2310	2236	34	EV	4333	N18120	EWR	TUL	169	1215	20	15	2013-07-01 20:00:00
2013	7	1	2048	1930	78	2358	2238	80	DL	1854	N907DL	LGA	FLL	166	1076	19	30	2013-07-01 19:00:00
2013	7	1	2049	2034	15	37	30	7	UA	1071	N11206	EWR	BQN	199	1585	20	34	2013-07-01 20:00:00
2013	7	1	2049	2050	-1	2346	2352	-6	UA	256	N410UA	EWR	AUS	212	1504	20	50	2013-07-01 20:00:00
2013	7	1	2051	2030	21	2213	2155	18	WN	1271	N930WN	EWR	MDW	108	711	20	30	2013-07-01 20:00:00
2013	7	1	2053	1900	113	2306	2129	97	DL	947	N695DL	LGA	ATL	110	762	19	0	2013-07-01 19:00:00
2013	7	1	2057	2100	-3	2155	2210	-15	US	2144	N949UW	LGA	BOS	40	184	21	0	2013-07-01 21:00:00
2013	7	1	2058	1735	203	2355	2030	205	AA	1901	N3HTAA	JFK	IAH	203	1417	17	35	2013-07-01 17:00:00
2013	7	1	2058	1730	208	2334	2043	171	B6	263	N547JB	JFK	SEA	305	2422	17	30	2013-07-01 17:00:00
2013	7	1	2100	2029	31	42	27	15	UA	1244	N36469	EWR	SJU	198	1608	20	29	2013-07-01 20:00:00
2013	7	1	2103	2005	58	2224	2149	35	B6	105	N517JB	JFK	ORD	106	740	20	5	2013-07-01 20:00:00
2013	7	1	2104	2100	4	2	5	-3	DL	2363	N190DN	JFK	LAX	298	2475	21	0	2013-07-01 21:00:00
2013	7	1	2105	1910	115	2247	2056	111	EV	5038	N759EV	LGA	BHM	125	866	19	10	2013-07-01 19:00:00
2013	7	1	2105	2028	37	2358	2333	25	UA	1241	N18223	EWR	TPA	150	997	20	28	2013-07-01 20:00:00
2013	7	1	2106	1854	132	2249	2021	148	EV	4131	N13964	EWR	RIC	54	277	18	54	2013-07-01 18:00:00
2013	7	1	2107	2031	36	2307	2248	19	B6	135	N562JB	JFK	PHX	267	2153	20	31	2013-07-01 20:00:00
2013	7	1	2107	2055	12	2212	2230	-18	WN	579	N708SW	LGA	MDW	109	725	20	55	2013-07-01 20:00:00
2013	7	1	2110	1945	85	2215	2102	73	EV	5894	N11551	EWR	DCA	41	199	19	45	2013-07-01 19:00:00
2013	7	1	2110	2028	42	2345	2313	32	UA	1265	N37274	EWR	IAH	195	1400	20	28	2013-07-01 20:00:00
2013	7	1	2111	1730	221	2304	1951	193	F9	837	N263AV	LGA	DEN	205	1620	17	30	2013-07-01 17:00:00
2013	7	1	2111	1830	161	2336	2101	155	9E	3615	N8971A	JFK	IND	105	665	18	30	2013-07-01 18:00:00
2013	7	1	2111	2100	11	2220	2212	8	US	2191	N757UW	LGA	DCA	44	214	21	0	2013-07-01 21:00:00
2013	7	1	2112	2059	13	2229	2226	3	EV	4119	N13913	EWR	RIC	54	277	20	59	2013-07-01 20:00:00
2013	7	1	2113	2100	13	2216	2235	-19	AA	371	N484AA	LGA	ORD	106	733	21	0	2013-07-01 21:00:00
2013	7	1	2118	1928	110	2304	2131	93	EV	4480	N12564	EWR	CLT	82	529	19	28	2013-07-01 19:00:00
2013	7	1	2118	1525	353	2309	1705	364	EV	4596	N26545	EWR	STL	127	872	15	25	2013-07-01 15:00:00
2013	7	1	2119	2100	19	23	9	14	DL	2065	N3753	JFK	FLL	142	1069	21	0	2013-07-01 21:00:00
2013	7	1	2119	1855	144	2301	2050	131	MQ	3349	N518MQ	LGA	MSP	135	1020	18	55	2013-07-01 18:00:00
2013	7	1	2120	1901	139	15	2213	122	B6	201	N358JB	JFK	FLL	144	1069	19	1	2013-07-01 19:00:00
2013	7	1	2120	1930	110	7	2222	105	DL	1485	N394DA	LGA	MCO	142	950	19	30	2013-07-01 19:00:00
2013	7	1	2124	2130	-6	2256	2316	-20	EV	5485	N753EV	LGA	RDU	70	431	21	30	2013-07-01 21:00:00
2013	7	1	2125	2115	10	2339	2348	-9	DL	1729	N392DA	JFK	LAS	272	2248	21	15	2013-07-01 21:00:00
2013	7	1	2128	1940	108	23	2255	88	B6	161	N775JB	JFK	SMF	313	2521	19	40	2013-07-01 19:00:00
2013	7	1	2128	1930	118	1	2210	111	DL	2041	N372NW	JFK	ATL	108	760	19	30	2013-07-01 19:00:00
2013	7	1	2135	2124	11	16	14	2	UA	1001	N17719	EWR	PBI	142	1023	21	24	2013-07-01 21:00:00
2013	7	1	2138	1855	163	25	2202	143	DL	2159	N384DA	JFK	MCO	128	944	18	55	2013-07-01 18:00:00
2013	7	1	2141	2029	72	3	2253	70	EV	3829	N13994	EWR	JAX	122	820	20	29	2013-07-01 20:00:00
2013	7	1	2142	2045	57	2241	2159	42	B6	2680	N354JB	EWR	BOS	41	200	20	45	2013-07-01 20:00:00
2013	7	1	2142	2119	23	24	24	0	UA	1692	N54241	EWR	MCO	142	937	21	19	2013-07-01 21:00:00
2013	7	1	2146	1820	206	2337	2052	165	9E	3542	N910XJ	JFK	MSP	138	1029	18	20	2013-07-01 18:00:00
2013	7	1	2147	2030	77	2305	2202	63	FL	485	N906AT	LGA	CAK	62	397	20	30	2013-07-01 20:00:00
2013	7	1	2150	2000	110	50	2308	102	DL	2391	N968DL	JFK	TPA	143	1005	20	0	2013-07-01 20:00:00
2013	7	1	2154	2021	93	2309	2200	69	UA	1464	N13716	EWR	CLE	62	404	20	21	2013-07-01 20:00:00
2013	7	1	2156	2144	12	2255	2258	-3	UA	1604	N37263	EWR	BOS	42	200	21	44	2013-07-01 21:00:00
2013	7	1	2158	2025	93	2351	2237	74	EV	4085	N13970	EWR	OMA	157	1134	20	25	2013-07-01 20:00:00
2013	7	1	2158	2059	59	2	2304	58	EV	4370	N12136	EWR	CHS	94	628	20	59	2013-07-01 20:00:00
2013	7	1	2159	2030	89	2328	2206	82	9E	3395	N936XJ	JFK	DCA	40	213	20	30	2013-07-01 20:00:00
2013	7	1	2204	2059	65	2341	2307	34	EV	5254	N754EV	LGA	DSM	137	1031	20	59	2013-07-01 20:00:00
2013	7	1	2207	1905	182	2313	2045	148	WN	542	N401WN	LGA	MKE	111	738	19	5	2013-07-01 19:00:00
2013	7	1	2208	2115	53	155	126	29	DL	347	N3745B	JFK	SJU	196	1598	21	15	2013-07-01 21:00:00
2013	7	1	2210	2129	41	2300	2235	25	EV	4276	N24128	EWR	BDL	28	116	21	29	2013-07-01 21:00:00
2013	7	1	2212	1755	257	2327	1921	246	B6	1407	N178JB	JFK	IAD	45	228	17	55	2013-07-01 17:00:00
2013	7	1	2217	2105	72	2319	2230	49	MQ	3604	N507MQ	EWR	ORD	105	719	21	5	2013-07-01 21:00:00
2013	7	1	2219	2019	120	108	2319	109	UA	1680	N77258	EWR	MIA	146	1085	20	19	2013-07-01 20:00:00
2013	7	1	2223	2128	55	2321	2241	40	EV	4695	N12967	EWR	MHT	36	209	21	28	2013-07-01 21:00:00
2013	7	1	2224	2225	-1	2334	2330	4	EV	5258	N712EV	LGA	MHT	35	195	22	25	2013-07-01 22:00:00
2013	7	1	2226	1836	230	2353	2015	218	B6	1202	N355JB	JFK	BUF	57	301	18	36	2013-07-01 18:00:00
2013	7	1	2234	2000	154	37	2225	132	MQ	3662	N528MQ	LGA	ATL	104	762	20	0	2013-07-01 20:00:00
2013	7	1	2235	1905	210	2352	2108	164	9E	3525	N914XJ	JFK	ORD	113	740	19	5	2013-07-01 19:00:00
2013	7	1	2238	2029	129	2353	2210	103	9E	4127	N8938A	JFK	IAD	45	228	20	29	2013-07-01 20:00:00
2013	7	1	2238	2100	98	11	2250	81	MQ	3384	N9EAMQ	LGA	CLT	82	544	21	0	2013-07-01 21:00:00
2013	7	1	2244	1855	229	116	2216	180	B6	669	N706JB	JFK	SJC	316	2569	18	55	2013-07-01 18:00:00
2013	7	1	2250	2120	90	39	2313	86	EV	4700	N22971	EWR	CLT	79	529	21	20	2013-07-01 21:00:00
2013	7	1	2253	2231	22	230	226	4	B6	1203	N594JB	JFK	SJU	197	1598	22	31	2013-07-01 22:00:00
2013	7	1	2255	2000	175	2353	2129	144	B6	418	N318JB	JFK	BOS	41	187	20	0	2013-07-01 20:00:00
2013	7	1	2255	2025	150	205	2321	164	B6	1295	N521JB	JFK	AUS	218	1521	20	25	2013-07-01 20:00:00
2013	7	1	2257	2119	98	122	2354	88	B6	527	N607JB	EWR	MCO	125	937	21	19	2013-07-01 21:00:00
2013	7	1	2259	2125	94	56	2354	62	B6	97	N566JB	JFK	DEN	209	1626	21	25	2013-07-01 21:00:00
2013	7	1	2300	1930	210	141	2248	173	B6	71	N537JB	JFK	SLC	255	1990	19	30	2013-07-01 19:00:00
2013	7	1	2305	1900	245	153	2245	188	DL	1465	N703TW	JFK	SFO	315	2586	19	0	2013-07-01 19:00:00
2013	7	1	2307	2054	133	108	2314	114	EV	3812	N13553	EWR	SDF	102	642	20	54	2013-07-01 20:00:00
2013	7	1	2308	2140	88	40	2300	100	MQ	3621	N852MQ	JFK	DCA	50	213	21	40	2013-07-01 21:00:00
2013	7	1	2311	1916	235	155	2214	221	B6	883	N507JB	JFK	MCO	140	944	19	16	2013-07-01 19:00:00
2013	7	1	2316	2140	96	33	2310	83	MQ	3317	N531MQ	LGA	RDU	65	431	21	40	2013-07-01 21:00:00
2013	7	1	2319	2300	19	27	8	19	B6	718	N351JB	JFK	BOS	42	187	23	0	2013-07-01 23:00:00
2013	7	1	2320	2145	95	23	2314	69	DL	985	N341NB	JFK	BOS	40	187	21	45	2013-07-01 21:00:00
2013	7	1	2324	2120	124	131	2334	117	B6	775	N273JB	JFK	MSY	169	1182	21	20	2013-07-01 21:00:00
2013	7	1	2325	1936	229	209	2233	216	B6	1271	N509JB	LGA	FLL	142	1076	19	36	2013-07-01 19:00:00
2013	7	1	2334	2100	154	201	2336	145	B6	499	N613JB	LGA	MCO	128	950	21	0	2013-07-01 21:00:00
2013	7	1	2335	2110	145	52	2243	129	B6	702	N184JB	JFK	BUF	56	301	21	10	2013-07-01 21:00:00
2013	7	1	2338	2245	53	41	4	37	B6	108	N198JB	JFK	PWM	42	273	22	45	2013-07-01 22:00:00
2013	7	1	2341	2245	56	47	3	44	B6	486	N266JB	JFK	ROC	46	264	22	45	2013-07-01 22:00:00
2013	7	1	2349	2045	184	146	2308	158	9E	3433	N915XJ	JFK	CVG	93	589	20	45	2013-07-01 20:00:00
2013	7	1	2350	2130	140	55	2245	130	MQ	3660	N510MQ	LGA	BNA	109	764	21	30	2013-07-01 21:00:00
2013	7	1	2359	2049	190	239	2348	171	B6	523	N789JB	JFK	LAX	314	2475	20	49	2013-07-01 20:00:00
2013	7	1	NA	1358	NA	NA	1600	NA	EV	4352	N34111	EWR	CVG	NA	569	13	58	2013-07-01 13:00:00
2013	7	1	NA	1615	NA	NA	1830	NA	EV	4294	N14977	EWR	SAV	NA	708	16	15	2013-07-01 16:00:00
2013	7	1	NA	2029	NA	NA	2233	NA	EV	4368	N13949	EWR	DAY	NA	533	20	29	2013-07-01 20:00:00
2013	7	1	NA	1330	NA	NA	1532	NA	EV	4395	N13965	EWR	IND	NA	645	13	30	2013-07-01 13:00:00
2013	7	1	NA	850	NA	NA	1005	NA	EV	4420	N16911	EWR	ORF	NA	284	8	50	2013-07-01 08:00:00
2013	7	1	NA	1529	NA	NA	1735	NA	EV	4667	N11150	EWR	MSP	NA	1008	15	29	2013-07-01 15:00:00
2013	7	1	NA	1634	NA	NA	1815	NA	EV	4702	N18102	EWR	GSO	NA	445	16	34	2013-07-01 16:00:00
2013	7	1	NA	1600	NA	NA	1754	NA	EV	4092	N11193	EWR	DAY	NA	533	16	0	2013-07-01 16:00:00
2013	7	1	NA	1430	NA	NA	1614	NA	EV	4100	N16919	EWR	MEM	NA	946	14	30	2013-07-01 14:00:00
2013	7	1	NA	1429	NA	NA	1623	NA	EV	5267	N608QX	LGA	RDU	NA	431	14	29	2013-07-01 14:00:00
2013	7	1	NA	1915	NA	NA	2131	NA	EV	5268	N391CA	LGA	CLT	NA	544	19	15	2013-07-01 19:00:00
2013	7	1	NA	1500	NA	NA	1724	NA	EV	5599	N744EV	LGA	CHS	NA	641	15	0	2013-07-01 15:00:00
2013	7	1	NA	1438	NA	NA	1559	NA	EV	5713	N833AS	LGA	IAD	NA	229	14	38	2013-07-01 14:00:00
2013	7	1	NA	1930	NA	NA	2049	NA	EV	5714	N820AS	JFK	IAD	NA	228	19	30	2013-07-01 19:00:00
2013	7	1	NA	600	NA	NA	751	NA	EV	5559	N146PQ	EWR	DTW	NA	488	6	0	2013-07-01 06:00:00
2013	7	1	NA	1113	NA	NA	1253	NA	EV	5825	N14174	EWR	STL	NA	872	11	13	2013-07-01 11:00:00
2013	7	1	NA	1410	NA	NA	1630	NA	FL	349	N950AT	LGA	ATL	NA	762	14	10	2013-07-01 14:00:00
2013	7	1	NA	1430	NA	NA	1558	NA	FL	721	N954AT	LGA	CAK	NA	397	14	30	2013-07-01 14:00:00
2013	7	1	NA	1930	NA	NA	2156	NA	9E	3285	NA	JFK	MSY	NA	1182	19	30	2013-07-01 19:00:00
2013	7	1	NA	1605	NA	NA	1804	NA	9E	3292	NA	JFK	PIT	NA	340	16	5	2013-07-01 16:00:00
2013	7	1	NA	1715	NA	NA	1952	NA	9E	3310	NA	JFK	MCI	NA	1113	17	15	2013-07-01 17:00:00
2013	7	1	NA	1445	NA	NA	1642	NA	9E	3318	NA	JFK	BUF	NA	301	14	45	2013-07-01 14:00:00
2013	7	1	NA	1455	NA	NA	1612	NA	9E	3587	NA	JFK	PHL	NA	94	14	55	2013-07-01 14:00:00
2013	7	1	NA	1555	NA	NA	1739	NA	9E	3459	NA	JFK	BNA	NA	765	15	55	2013-07-01 15:00:00
2013	7	1	NA	1935	NA	NA	2223	NA	9E	3380	NA	JFK	JAX	NA	828	19	35	2013-07-01 19:00:00
2013	7	1	NA	1905	NA	NA	2103	NA	9E	3383	NA	JFK	PIT	NA	340	19	5	2013-07-01 19:00:00
2013	7	1	NA	1930	NA	NA	2112	NA	9E	3385	NA	JFK	BOS	NA	187	19	30	2013-07-01 19:00:00
2013	7	1	NA	1935	NA	NA	2142	NA	9E	3397	NA	JFK	RDU	NA	427	19	35	2013-07-01 19:00:00
2013	7	1	NA	1700	NA	NA	1923	NA	9E	3398	NA	JFK	CVG	NA	589	17	0	2013-07-01 17:00:00
2013	7	1	NA	1620	NA	NA	1853	NA	9E	3341	NA	JFK	DTW	NA	509	16	20	2013-07-01 16:00:00
2013	7	1	NA	1857	NA	NA	2112	NA	9E	4059	NA	LGA	DAY	NA	549	18	57	2013-07-01 18:00:00
2013	7	1	NA	1359	NA	NA	1544	NA	AA	337	N4YRAA	LGA	ORD	NA	733	13	59	2013-07-01 13:00:00
2013	7	1	NA	750	NA	NA	1030	NA	AA	715	N522AA	LGA	DFW	NA	1389	7	50	2013-07-01 07:00:00
2013	7	1	NA	1950	NA	NA	2130	NA	AA	363	N525AA	LGA	ORD	NA	733	19	50	2013-07-01 19:00:00
2013	7	1	NA	1700	NA	NA	2000	NA	AA	773	N471AA	LGA	DFW	NA	1389	17	0	2013-07-01 17:00:00
2013	7	1	NA	1455	NA	NA	1830	NA	AA	779	N3EEAA	LGA	MIA	NA	1096	14	55	2013-07-01 14:00:00
2013	7	1	NA	945	NA	NA	1305	NA	AA	1871	N3HPAA	LGA	MIA	NA	1096	9	45	2013-07-01 09:00:00
2013	7	1	NA	2025	NA	NA	2156	NA	B6	686	N318JB	JFK	ROC	NA	264	20	25	2013-07-01 20:00:00
2013	7	1	NA	2130	NA	NA	2359	NA	B6	1677	N346JB	JFK	JAX	NA	828	21	30	2013-07-01 21:00:00
2013	7	1	NA	1330	NA	NA	1458	NA	B6	286	N348JB	JFK	ROC	NA	264	13	30	2013-07-01 13:00:00
2013	7	1	NA	2250	NA	NA	14	NA	B6	2002	N351JB	JFK	BUF	NA	301	22	50	2013-07-01 22:00:00
2013	7	1	NA	2101	NA	NA	100	NA	B6	1103	N520JB	JFK	SJU	NA	1598	21	1	2013-07-01 21:00:00
2013	7	1	NA	2001	NA	NA	2254	NA	B6	1083	N521JB	JFK	MCO	NA	944	20	1	2013-07-01 20:00:00
2013	7	1	NA	1759	NA	NA	2046	NA	B6	299	N534JB	LGA	MCO	NA	950	17	59	2013-07-01 17:00:00
2013	7	1	NA	1819	NA	NA	2118	NA	B6	153	N554JB	JFK	PBI	NA	1028	18	19	2013-07-01 18:00:00
2013	7	1	NA	1932	NA	NA	2228	NA	B6	225	N554JB	JFK	TPA	NA	1005	19	32	2013-07-01 19:00:00
2013	7	1	NA	1453	NA	NA	1755	NA	B6	1171	N624JB	LGA	FLL	NA	1076	14	53	2013-07-01 14:00:00
2013	7	1	NA	2359	NA	NA	350	NA	B6	745	N524JB	JFK	PSE	NA	1617	23	59	2013-07-01 23:00:00
2013	7	1	NA	1859	NA	NA	2147	NA	B6	711	N805JB	JFK	LAS	NA	2248	18	59	2013-07-01 18:00:00
2013	7	1	NA	2135	NA	NA	30	NA	B6	1201	N821JB	JFK	FLL	NA	1069	21	35	2013-07-01 21:00:00
2013	7	1	NA	1245	NA	NA	1354	NA	B6	316	N231JB	JFK	SYR	NA	209	12	45	2013-07-01 12:00:00
2013	7	1	NA	1345	NA	NA	1506	NA	B6	308	N249JB	JFK	PWM	NA	273	13	45	2013-07-01 13:00:00
2013	7	1	NA	1230	NA	NA	1352	NA	B6	2502	N274JB	JFK	BUF	NA	301	12	30	2013-07-01 12:00:00
2013	7	1	NA	1815	NA	NA	1945	NA	WN	2603	N944WN	LGA	BNA	NA	764	18	15	2013-07-01 18:00:00
2013	7	1	NA	1735	NA	NA	1937	NA	YV	2751	N922FJ	LGA	CLT	NA	544	17	35	2013-07-01 17:00:00
2013	7	1	NA	1640	NA	NA	1815	NA	MQ	2949	N662MQ	JFK	BNA	NA	765	16	40	2013-07-01 16:00:00
2013	7	1	NA	1830	NA	NA	1940	NA	MQ	3044	N607MQ	JFK	BWI	NA	184	18	30	2013-07-01 18:00:00
2013	7	1	NA	1825	NA	NA	2005	NA	MQ	3134	N532MQ	EWR	ORD	NA	719	18	25	2013-07-01 18:00:00
2013	7	1	NA	1100	NA	NA	1210	NA	MQ	3230	N519MQ	JFK	DCA	NA	213	11	0	2013-07-01 11:00:00
2013	7	1	NA	1745	NA	NA	1925	NA	MQ	3301	N521MQ	LGA	RDU	NA	431	17	45	2013-07-01 17:00:00
2013	7	1	NA	1700	NA	NA	1845	NA	MQ	3216	N617MQ	JFK	ORF	NA	290	17	0	2013-07-01 17:00:00
2013	7	1	NA	1510	NA	NA	1635	NA	MQ	3433	N514MQ	JFK	DCA	NA	213	15	10	2013-07-01 15:00:00
2013	7	1	NA	1610	NA	NA	1845	NA	MQ	3357	N506MQ	LGA	ATL	NA	762	16	10	2013-07-01 16:00:00
2013	7	1	NA	1720	NA	NA	1850	NA	MQ	3365	N852MQ	JFK	DCA	NA	213	17	20	2013-07-01 17:00:00
2013	7	1	NA	1325	NA	NA	1505	NA	MQ	3493	N720MQ	LGA	CLE	NA	419	13	25	2013-07-01 13:00:00
2013	7	1	NA	1355	NA	NA	1550	NA	MQ	3567	N6EAMQ	LGA	CLT	NA	544	13	55	2013-07-01 13:00:00
2013	7	1	NA	1935	NA	NA	2120	NA	MQ	3535	N542MQ	JFK	CMH	NA	483	19	35	2013-07-01 19:00:00
2013	7	1	NA	1955	NA	NA	2145	NA	MQ	3573	N720MQ	LGA	CMH	NA	479	19	55	2013-07-01 19:00:00
2013	7	1	NA	955	NA	NA	1115	NA	MQ	3670	N531MQ	LGA	BNA	NA	764	9	55	2013-07-01 09:00:00
2013	7	1	NA	1055	NA	NA	1235	NA	MQ	3466	N738MQ	LGA	RDU	NA	431	10	55	2013-07-01 10:00:00
2013	7	1	NA	1115	NA	NA	1230	NA	MQ	3718	N508MQ	EWR	ORD	NA	719	11	15	2013-07-01 11:00:00
2013	7	1	NA	1155	NA	NA	1310	NA	MQ	3386	N830MQ	JFK	DCA	NA	213	11	55	2013-07-01 11:00:00
2013	7	1	NA	1255	NA	NA	1440	NA	MQ	3388	N711MQ	LGA	CMH	NA	479	12	55	2013-07-01 12:00:00
2013	7	1	NA	1855	NA	NA	2045	NA	UA	394	NA	EWR	ORD	NA	719	18	55	2013-07-01 18:00:00
2013	7	1	NA	800	NA	NA	904	NA	US	2118	NA	LGA	BOS	NA	184	8	0	2013-07-01 08:00:00
2013	7	1	NA	1000	NA	NA	1113	NA	US	2122	NA	LGA	BOS	NA	184	10	0	2013-07-01 10:00:00
2013	7	1	NA	1200	NA	NA	1309	NA	US	2126	NA	LGA	BOS	NA	184	12	0	2013-07-01 12:00:00
2013	7	1	NA	1500	NA	NA	1612	NA	US	2132	NA	LGA	BOS	NA	184	15	0	2013-07-01 15:00:00
2013	7	1	NA	1700	NA	NA	1815	NA	US	2136	NA	LGA	BOS	NA	184	17	0	2013-07-01 17:00:00
2013	7	1	NA	2000	NA	NA	2112	NA	US	2142	NA	LGA	BOS	NA	184	20	0	2013-07-01 20:00:00
2013	7	1	NA	1100	NA	NA	1213	NA	US	2171	NA	LGA	DCA	NA	214	11	0	2013-07-01 11:00:00
2013	7	1	NA	1200	NA	NA	1314	NA	US	2173	NA	LGA	DCA	NA	214	12	0	2013-07-01 12:00:00
2013	7	1	NA	1700	NA	NA	1823	NA	US	2183	NA	LGA	DCA	NA	214	17	0	2013-07-01 17:00:00
2013	7	1	NA	900	NA	NA	1035	NA	UA	1477	NA	LGA	ORD	NA	733	9	0	2013-07-01 09:00:00
2013	7	1	NA	1629	NA	NA	1853	NA	US	17	NA	JFK	PHX	NA	2153	16	29	2013-07-01 16:00:00
2013	9	1	9	2359	10	343	340	3	B6	839	N663JB	JFK	BQN	196	1576	23	59	2013-09-01 23:00:00
2013	9	1	117	2245	152	218	2359	139	B6	1816	N216JB	JFK	SYR	44	209	22	45	2013-09-01 22:00:00
2013	9	1	508	516	-8	717	800	-43	UA	1545	N57869	EWR	IAH	170	1400	5	16	2013-09-01 05:00:00
2013	9	1	537	545	-8	849	855	-6	AA	701	N613AA	JFK	MIA	148	1089	5	45	2013-09-01 05:00:00
2013	9	1	537	545	-8	906	921	-15	B6	939	N658JB	JFK	BQN	191	1576	5	45	2013-09-01 05:00:00
2013	9	1	549	600	-11	815	850	-35	UA	1115	N27213	EWR	TPA	133	997	6	0	2013-09-01 06:00:00
2013	9	1	552	600	-8	843	905	-22	AA	1895	N3KFAA	LGA	MIA	149	1096	6	0	2013-09-01 06:00:00
2013	9	1	553	600	-7	809	834	-25	B6	27	N784JB	EWR	MCO	117	937	6	0	2013-09-01 06:00:00
2013	9	1	554	600	-6	700	716	-16	EV	6167	N14180	LGA	IAD	39	229	6	0	2013-09-01 06:00:00
2013	9	1	554	600	-6	803	823	-20	DL	461	N909DE	LGA	ATL	105	762	6	0	2013-09-01 06:00:00
2013	9	1	554	600	-6	657	715	-18	MQ	3267	N516MQ	EWR	ORD	104	719	6	0	2013-09-01 06:00:00
2013	9	1	555	600	-5	835	851	-16	B6	371	N639JB	LGA	FLL	139	1076	6	0	2013-09-01 06:00:00
2013	9	1	557	600	-3	706	716	-10	EV	5716	N909EV	JFK	IAD	43	228	6	0	2013-09-01 06:00:00
2013	9	1	557	600	-3	718	740	-22	WN	726	N553WN	LGA	STL	125	888	6	0	2013-09-01 06:00:00
2013	9	1	600	600	0	803	815	-12	FL	347	N309AT	LGA	ATL	105	762	6	0	2013-09-01 06:00:00
2013	9	1	600	610	-10	824	855	-31	AA	705	N3JTAA	LGA	DFW	185	1389	6	10	2013-09-01 06:00:00
2013	9	1	600	600	0	740	752	-12	DL	731	N353NW	LGA	DTW	79	502	6	0	2013-09-01 06:00:00
2013	9	1	602	605	-3	853	855	-2	B6	601	N590JB	JFK	FLL	141	1069	6	5	2013-09-01 06:00:00
2013	9	1	604	605	-1	823	839	-16	B6	583	N531JB	JFK	MCO	121	944	6	5	2013-09-01 06:00:00
2013	9	1	605	610	-5	747	806	-19	DL	1919	N320US	LGA	MSP	142	1020	6	10	2013-09-01 06:00:00
2013	9	1	614	611	3	951	954	-3	B6	1403	N793JB	JFK	SJU	197	1598	6	11	2013-09-01 06:00:00
2013	9	1	617	620	-3	829	840	-11	DL	1743	N979DL	JFK	ATL	105	760	6	20	2013-09-01 06:00:00
2013	9	1	619	623	-4	713	737	-24	EV	6177	N14974	EWR	IAD	39	212	6	23	2013-09-01 06:00:00
2013	9	1	619	629	-10	900	929	-29	AA	1921	N3CTAA	EWR	MIA	140	1085	6	29	2013-09-01 06:00:00
2013	9	1	621	630	-9	903	924	-21	B6	929	N517JB	JFK	RSW	146	1074	6	30	2013-09-01 06:00:00
2013	9	1	622	630	-8	732	805	-33	AA	303	N4XCAA	LGA	ORD	104	733	6	30	2013-09-01 06:00:00
2013	9	1	625	629	-4	751	804	-13	EV	4348	N41104	EWR	CLE	61	404	6	29	2013-09-01 06:00:00
2013	9	1	625	629	-4	944	951	-7	UA	1287	N37298	EWR	SFO	358	2565	6	29	2013-09-01 06:00:00
2013	9	1	626	630	-4	842	904	-22	B6	1099	N591JB	LGA	MCO	120	950	6	30	2013-09-01 06:00:00
2013	9	1	627	630	-3	733	747	-14	B6	2802	N346JB	JFK	BUF	54	301	6	30	2013-09-01 06:00:00
2013	9	1	628	630	-2	837	847	-10	B6	211	N651JB	JFK	LAS	288	2248	6	30	2013-09-01 06:00:00
2013	9	1	628	630	-2	832	844	-12	DL	575	N336NB	EWR	ATL	108	746	6	30	2013-09-01 06:00:00
2013	9	1	635	641	-6	741	810	-29	UA	1262	N36272	EWR	ORD	109	719	6	41	2013-09-01 06:00:00
2013	9	1	638	625	13	740	740	0	WN	1708	N237WN	LGA	MDW	109	725	6	25	2013-09-01 06:00:00
2013	9	1	639	645	-6	852	908	-16	US	623	N547UW	JFK	PHX	270	2153	6	45	2013-09-01 06:00:00
2013	9	1	640	629	11	820	812	8	EV	4334	N13978	EWR	CMH	71	463	6	29	2013-09-01 06:00:00
2013	9	1	644	645	-1	749	752	-3	B6	318	N317JB	JFK	BOS	43	187	6	45	2013-09-01 06:00:00
2013	9	1	644	650	-6	916	931	-15	B6	525	N665JB	JFK	TPA	132	1005	6	50	2013-09-01 06:00:00
2013	9	1	648	647	1	754	809	-15	B6	905	N586JB	JFK	ORD	108	740	6	47	2013-09-01 06:00:00
2013	9	1	649	655	-6	909	920	-11	AA	1949	N5EMAA	JFK	LAS	295	2248	6	55	2013-09-01 06:00:00
2013	9	1	653	659	-6	920	942	-22	B6	453	N794JB	JFK	PBI	130	1028	6	59	2013-09-01 06:00:00
2013	9	1	655	655	0	1026	1057	-31	DL	315	N674DL	JFK	SJU	191	1598	6	55	2013-09-01 06:00:00
2013	9	1	655	700	-5	958	1004	-6	DL	1415	N635DL	JFK	SLC	270	1990	7	0	2013-09-01 07:00:00
2013	9	1	657	700	-3	915	951	-36	B6	23	N564JB	JFK	LAX	298	2475	7	0	2013-09-01 07:00:00
2013	9	1	701	659	2	933	1001	-28	UA	997	N826UA	EWR	LAX	314	2454	6	59	2013-09-01 06:00:00
2013	9	1	703	705	-2	829	840	-11	WN	367	N791SW	EWR	STL	125	872	7	5	2013-09-01 07:00:00
2013	9	1	704	710	-6	810	845	-35	AA	305	N575AA	LGA	ORD	109	733	7	10	2013-09-01 07:00:00
2013	9	1	705	710	-5	951	1025	-34	AA	1165	N338AA	JFK	MIA	143	1089	7	10	2013-09-01 07:00:00
2013	9	1	705	715	-10	923	1000	-37	UA	559	N405UA	LGA	IAH	181	1416	7	15	2013-09-01 07:00:00
2013	9	1	709	714	-5	920	1001	-41	UA	540	N427UA	EWR	MCO	117	937	7	14	2013-09-01 07:00:00
2013	9	1	710	710	0	936	1000	-24	AA	1777	N622AA	JFK	MCO	122	944	7	10	2013-09-01 07:00:00
2013	9	1	710	715	-5	824	827	-3	UA	994	N815UA	EWR	BOS	46	200	7	15	2013-09-01 07:00:00
2013	9	1	712	715	-3	943	1010	-27	VX	399	N623VA	JFK	LAX	315	2475	7	15	2013-09-01 07:00:00
2013	9	1	714	720	-6	955	1025	-30	AS	15	N309AS	EWR	SEA	325	2402	7	20	2013-09-01 07:00:00
2013	9	1	718	720	-2	826	845	-19	WN	4728	N725SW	EWR	BNA	110	748	7	20	2013-09-01 07:00:00
2013	9	1	719	725	-6	1047	1047	0	UA	1205	N37427	EWR	SFO	352	2565	7	25	2013-09-01 07:00:00
2013	9	1	720	725	-5	951	1015	-24	AA	1629	N4XSAA	EWR	DFW	184	1372	7	25	2013-09-01 07:00:00
2013	9	1	722	729	-7	910	954	-44	EV	4304	N21154	EWR	MSY	147	1167	7	29	2013-09-01 07:00:00
2013	9	1	722	730	-8	825	902	-37	UA	331	N534UA	LGA	ORD	106	733	7	30	2013-09-01 07:00:00
2013	9	1	725	729	-4	955	1019	-24	B6	461	N657JB	LGA	PBI	131	1035	7	29	2013-09-01 07:00:00
2013	9	1	725	730	-5	1021	1032	-11	DL	1771	N702TW	JFK	SEA	333	2422	7	30	2013-09-01 07:00:00
2013	9	1	727	735	-8	1017	1035	-18	AA	1713	N3KGAA	LGA	MIA	147	1096	7	35	2013-09-01 07:00:00
2013	9	1	727	729	-2	930	958	-28	UA	453	N430UA	EWR	DEN	224	1605	7	29	2013-09-01 07:00:00
2013	9	1	729	730	-1	953	1010	-17	B6	683	N583JB	JFK	MCO	125	944	7	30	2013-09-01 07:00:00
2013	9	1	731	729	2	1129	1120	9	B6	3	N603JB	JFK	SJU	204	1598	7	29	2013-09-01 07:00:00
2013	9	1	731	740	-9	1036	1055	-19	VX	11	N837VA	JFK	SFO	346	2586	7	40	2013-09-01 07:00:00
2013	9	1	734	741	-7	855	910	-15	UA	1149	N78438	EWR	ORD	104	719	7	41	2013-09-01 07:00:00
2013	9	1	735	740	-5	843	855	-12	WN	744	N7738A	EWR	MDW	106	711	7	40	2013-09-01 07:00:00
2013	9	1	735	744	-9	1000	1048	-48	UA	1455	N28478	EWR	LAX	308	2454	7	44	2013-09-01 07:00:00
2013	9	1	736	740	-4	954	1024	-30	UA	1591	N73276	EWR	IAH	178	1400	7	40	2013-09-01 07:00:00
2013	9	1	737	740	-3	1037	1055	-18	AA	59	N319AA	JFK	SFO	343	2586	7	40	2013-09-01 07:00:00
2013	9	1	738	742	-4	842	857	-15	B6	8	N348JB	JFK	PWM	51	273	7	42	2013-09-01 07:00:00
2013	9	1	740	745	-5	924	939	-15	B6	1273	N192JB	JFK	CHS	87	636	7	45	2013-09-01 07:00:00
2013	9	1	745	745	0	928	1000	-32	9E	3353	N927XJ	JFK	DTW	84	509	7	45	2013-09-01 07:00:00
2013	9	1	745	752	-7	853	913	-20	B6	2702	N249JB	JFK	BUF	54	301	7	52	2013-09-01 07:00:00
2013	9	1	746	749	-3	1040	1040	0	B6	1717	N789JB	LGA	TPA	135	1010	7	49	2013-09-01 07:00:00
2013	9	1	746	755	-9	1006	1017	-11	UA	561	N576UA	LGA	DEN	230	1620	7	55	2013-09-01 07:00:00
2013	9	1	747	753	-6	927	951	-24	US	1733	N566UW	LGA	CLT	80	544	7	53	2013-09-01 07:00:00
2013	9	1	750	750	0	1030	1040	-10	MQ	3052	N503MQ	JFK	TPA	131	1005	7	50	2013-09-01 07:00:00
2013	9	1	751	759	-8	1022	1049	-27	AA	709	N3BLAA	LGA	DFW	190	1389	7	59	2013-09-01 07:00:00
2013	9	1	751	800	-9	1035	1104	-29	B6	1511	N612JB	EWR	RSW	146	1068	8	0	2013-09-01 08:00:00
2013	9	1	752	800	-8	1022	1100	-38	AA	33	N339AA	JFK	LAX	306	2475	8	0	2013-09-01 08:00:00
2013	9	1	752	755	-3	1037	1045	-8	WN	683	N8610A	LGA	HOU	185	1428	7	55	2013-09-01 07:00:00
2013	9	1	752	755	-3	920	935	-15	MQ	3363	N849MQ	JFK	RDU	69	427	7	55	2013-09-01 07:00:00
2013	9	1	753	759	-6	1008	1024	-16	DL	2047	N673DL	LGA	ATL	107	762	7	59	2013-09-01 07:00:00
2013	9	1	755	800	-5	1053	1053	0	B6	901	N763JB	JFK	FLL	141	1069	8	0	2013-09-01 08:00:00
2013	9	1	755	800	-5	852	909	-17	B6	1491	N316JB	JFK	ACK	42	199	8	0	2013-09-01 08:00:00
2013	9	1	758	805	-7	927	950	-23	9E	3611	N8458A	JFK	PIT	60	340	8	5	2013-09-01 08:00:00
2013	9	1	758	800	-2	924	938	-14	B6	885	N238JB	JFK	RDU	67	427	8	0	2013-09-01 08:00:00
2013	9	1	759	800	-1	1139	1155	-16	AA	655	N5FKAA	JFK	STT	199	1623	8	0	2013-09-01 08:00:00
2013	9	1	759	800	-1	1002	1021	-19	B6	677	N323JB	JFK	JAX	108	828	8	0	2013-09-01 08:00:00
2013	9	1	804	800	4	1025	1019	6	DL	27	N388DA	JFK	ATL	104	760	8	0	2013-09-01 08:00:00
2013	9	1	804	755	9	1138	1154	-16	UA	1216	N87513	EWR	SJU	198	1608	7	55	2013-09-01 07:00:00
2013	9	1	805	806	-1	906	918	-12	EV	4148	N21537	EWR	BOS	41	200	8	6	2013-09-01 08:00:00
2013	9	1	809	814	-5	948	1007	-19	US	2019	N419US	EWR	CLT	76	529	8	14	2013-09-01 08:00:00
2013	9	1	810	752	18	1054	1041	13	B6	163	N216JB	JFK	SRQ	149	1041	7	52	2013-09-01 07:00:00
2013	9	1	813	815	-2	1001	1030	-29	9E	3538	N605LR	JFK	MSP	145	1029	8	15	2013-09-01 08:00:00
2013	9	1	813	815	-2	1033	1057	-24	B6	281	N267JB	JFK	HOU	183	1428	8	15	2013-09-01 08:00:00
2013	9	1	813	815	-2	1037	1033	4	DL	1429	N642DL	JFK	LAS	295	2248	8	15	2013-09-01 08:00:00
2013	9	1	815	823	-8	929	934	-5	EV	4240	N33182	EWR	BUF	50	282	8	23	2013-09-01 08:00:00
2013	9	1	815	818	-3	1105	1124	-19	UA	387	N832UA	EWR	PDX	326	2434	8	18	2013-09-01 08:00:00
2013	9	1	817	820	-3	1201	1230	-29	AA	1357	N5FFAA	JFK	SJU	199	1598	8	20	2013-09-01 08:00:00
2013	9	1	820	825	-5	928	935	-7	AA	1838	N3ABAA	JFK	BOS	41	187	8	25	2013-09-01 08:00:00
2013	9	1	820	823	-3	956	1018	-22	US	451	N534UW	JFK	CLT	75	541	8	23	2013-09-01 08:00:00
2013	9	1	821	829	-8	946	1012	-26	EV	4711	N15986	EWR	STL	124	872	8	29	2013-09-01 08:00:00
2013	9	1	822	830	-8	954	1018	-24	EV	4537	N12900	EWR	MEM	136	946	8	30	2013-09-01 08:00:00
2013	9	1	822	829	-7	1108	1139	-31	AA	1938	N3KNAA	LGA	MIA	146	1096	8	29	2013-09-01 08:00:00
2013	9	1	824	825	-1	1039	1107	-28	DL	1959	N37700	JFK	MCO	116	944	8	25	2013-09-01 08:00:00
2013	9	1	824	829	-5	951	1029	-38	MQ	3478	N534MQ	LGA	DTW	74	502	8	29	2013-09-01 08:00:00
2013	9	1	824	829	-5	1116	1136	-20	UA	1668	N77865	EWR	SFO	328	2565	8	29	2013-09-01 08:00:00
2013	9	1	825	829	-4	1000	1027	-27	DL	1157	N321NB	EWR	MSP	138	1008	8	29	2013-09-01 08:00:00
2013	9	1	825	825	0	1109	1148	-39	UA	397	N508UA	JFK	SFO	325	2586	8	25	2013-09-01 08:00:00
2013	9	1	827	759	28	934	934	0	AA	309	N573AA	LGA	ORD	105	733	7	59	2013-09-01 07:00:00
2013	9	1	827	730	57	1215	1129	46	B6	1289	N559JB	EWR	SJU	204	1608	7	30	2013-09-01 07:00:00
2013	9	1	829	830	-1	1109	1130	-21	UA	443	N595UA	JFK	LAX	316	2475	8	30	2013-09-01 08:00:00
2013	9	1	830	840	-10	937	1005	-28	EV	5813	N18557	EWR	RIC	47	277	8	40	2013-09-01 08:00:00
2013	9	1	832	834	-2	1027	1032	-5	B6	219	N183JB	JFK	CLT	82	541	8	34	2013-09-01 08:00:00
2013	9	1	833	840	-7	1030	1040	-10	EV	6067	N12157	EWR	SBN	91	637	8	40	2013-09-01 08:00:00
2013	9	1	836	830	6	1058	1109	-11	B6	227	N339JB	EWR	MCO	122	937	8	30	2013-09-01 08:00:00
2013	9	1	842	846	-4	1111	1140	-29	UA	1626	N25705	EWR	SAN	315	2425	8	46	2013-09-01 08:00:00
2013	9	1	845	850	-5	946	1014	-28	9E	3492	N924XJ	JFK	DCA	38	213	8	50	2013-09-01 08:00:00
2013	9	1	845	850	-5	1219	1247	-28	DL	301	N3763D	JFK	SJU	195	1598	8	50	2013-09-01 08:00:00
2013	9	1	845	847	-2	1118	1151	-33	UA	1735	N76522	EWR	LAX	317	2454	8	47	2013-09-01 08:00:00
2013	9	1	846	850	-4	1016	1031	-15	EV	4701	N14158	EWR	CLE	71	404	8	50	2013-09-01 08:00:00
2013	9	1	847	855	-8	1002	1024	-22	UA	1030	N77430	EWR	ORD	107	719	8	55	2013-09-01 08:00:00
2013	9	1	847	847	0	1102	1105	-3	UA	1162	N14106	EWR	DEN	225	1605	8	47	2013-09-01 08:00:00
2013	9	1	848	855	-7	1110	1156	-46	UA	255	N498UA	LGA	IAH	183	1416	8	55	2013-09-01 08:00:00
2013	9	1	849	729	80	1012	911	61	EV	4548	N17984	EWR	RDU	61	416	7	29	2013-09-01 07:00:00
2013	9	1	850	859	-9	1109	1145	-36	UA	1410	N17245	EWR	IAH	184	1400	8	59	2013-09-01 08:00:00
2013	9	1	851	859	-8	1046	1108	-22	EV	4087	N17108	EWR	IND	93	645	8	59	2013-09-01 08:00:00
2013	9	1	852	859	-7	1102	1132	-30	DL	1747	N914DL	LGA	ATL	105	762	8	59	2013-09-01 08:00:00
2013	9	1	852	900	-8	1119	1154	-35	DL	1885	N924DL	LGA	MCO	124	950	9	0	2013-09-01 09:00:00
2013	9	1	853	859	-6	1109	1128	-19	EV	4140	N11544	EWR	ATL	107	746	8	59	2013-09-01 08:00:00
2013	9	1	853	900	-7	1053	1119	-26	DL	485	N320NB	EWR	ATL	100	746	9	0	2013-09-01 09:00:00
2013	9	1	854	830	24	1020	1010	10	9E	3521	N934XJ	JFK	ORD	108	740	8	30	2013-09-01 08:00:00
2013	9	1	855	901	-6	1122	1143	-21	B6	189	N662JB	JFK	SAN	303	2446	9	1	2013-09-01 09:00:00
2013	9	1	858	835	23	1117	1120	-3	B6	1783	N565JB	JFK	MCO	121	944	8	35	2013-09-01 08:00:00
2013	9	1	858	900	-2	1147	1156	-9	DL	120	N718TW	JFK	LAX	297	2475	9	0	2013-09-01 09:00:00
2013	9	1	900	901	-1	1149	1204	-15	B6	63	N595JB	JFK	SEA	323	2422	9	1	2013-09-01 09:00:00
2013	9	1	900	900	0	1140	1206	-26	B6	5	N585JB	EWR	FLL	138	1065	9	0	2013-09-01 09:00:00
2013	9	1	901	850	11	1048	1100	-12	EV	4638	N26549	EWR	CVG	92	569	8	50	2013-09-01 08:00:00
2013	9	1	901	905	-4	1038	1111	-33	DL	181	N974DL	LGA	DTW	76	502	9	5	2013-09-01 09:00:00
2013	9	1	903	910	-7	1140	1220	-40	AA	1	N332AA	JFK	LAX	311	2475	9	10	2013-09-01 09:00:00
2013	9	1	903	910	-7	1011	1055	-44	AA	313	N567AA	LGA	ORD	109	733	9	10	2013-09-01 09:00:00
2013	9	1	905	853	12	1158	1212	-14	B6	15	N505JB	JFK	SFO	328	2586	8	53	2013-09-01 08:00:00
2013	9	1	905	845	20	1116	1110	6	MQ	3419	N532MQ	LGA	ATL	107	762	8	45	2013-09-01 08:00:00
2013	9	1	910	915	-5	1156	1224	-28	DL	2379	N929DL	LGA	FLL	146	1076	9	15	2013-09-01 09:00:00
2013	9	1	910	918	-8	1308	1240	28	UA	1480	N47414	EWR	SFO	341	2565	9	18	2013-09-01 09:00:00
2013	9	1	911	915	-4	1206	1230	-24	AA	647	N5FRAA	JFK	MIA	147	1089	9	15	2013-09-01 09:00:00
2013	9	1	911	915	-4	1016	1031	-15	DL	873	N342NB	JFK	BOS	40	187	9	15	2013-09-01 09:00:00
2013	9	1	913	920	-7	1153	1220	-27	VX	407	N625VA	JFK	LAX	315	2475	9	20	2013-09-01 09:00:00
2013	9	1	915	930	-15	1145	1218	-33	B6	199	N561JB	LGA	MCO	118	950	9	30	2013-09-01 09:00:00
2013	9	1	920	915	5	1214	1221	-7	UA	1581	N73270	EWR	SEA	332	2402	9	15	2013-09-01 09:00:00
2013	9	1	923	910	13	1143	1215	-32	AA	713	N3EUAA	LGA	DFW	185	1389	9	10	2013-09-01 09:00:00
2013	9	1	923	930	-7	1028	1048	-20	B6	586	N296JB	JFK	ROC	47	264	9	30	2013-09-01 09:00:00
2013	9	1	923	929	-6	1156	1220	-24	UA	746	N807UA	EWR	TPA	135	997	9	29	2013-09-01 09:00:00
2013	9	1	924	933	-9	1204	1235	-31	B6	271	N630JB	LGA	FLL	140	1076	9	33	2013-09-01 09:00:00
2013	9	1	926	929	-3	1157	1214	-17	B6	795	N520JB	JFK	AUS	196	1521	9	29	2013-09-01 09:00:00
2013	9	1	926	930	-4	1030	1103	-33	UA	1400	N18223	LGA	ORD	110	733	9	30	2013-09-01 09:00:00
2013	9	1	927	930	-3	1024	1039	-15	B6	116	N258JB	JFK	SYR	43	209	9	30	2013-09-01 09:00:00
2013	9	1	927	935	-8	1158	1240	-42	WN	4381	N409WN	EWR	AUS	193	1504	9	35	2013-09-01 09:00:00
2013	9	1	930	935	-5	1202	1221	-19	B6	223	N807JB	JFK	LAX	312	2475	9	35	2013-09-01 09:00:00
2013	9	1	935	940	-5	1125	1137	-12	EV	3852	N16981	EWR	DTW	83	488	9	40	2013-09-01 09:00:00
2013	9	1	936	940	-4	1044	1110	-26	WN	479	N7739A	LGA	MDW	110	725	9	40	2013-09-01 09:00:00
2013	9	1	939	950	-11	1215	1310	-55	AA	1813	N3DRAA	LGA	MIA	141	1096	9	50	2013-09-01 09:00:00
2013	9	1	945	950	-5	1206	1220	-14	VX	251	N361VA	JFK	LAS	296	2248	9	50	2013-09-01 09:00:00
2013	9	1	947	922	25	1140	1136	4	EV	4495	N12126	EWR	SAV	98	708	9	22	2013-09-01 09:00:00
2013	9	1	947	945	2	1244	1308	-24	UA	642	N510UA	JFK	SFO	329	2586	9	45	2013-09-01 09:00:00
2013	9	1	948	1000	-12	1248	1310	-22	UA	205	N593UA	EWR	SFO	324	2565	10	0	2013-09-01 10:00:00
2013	9	1	951	929	22	1217	1225	-8	UA	497	N471UA	EWR	PBI	133	1023	9	29	2013-09-01 09:00:00
2013	9	1	952	1001	-9	1051	1132	-41	EV	5736	N834AS	LGA	IAD	42	229	10	1	2013-09-01 10:00:00
2013	9	1	952	957	-5	1129	1202	-33	US	2054	N110UW	LGA	CLT	77	544	9	57	2013-09-01 09:00:00
2013	9	1	953	1000	-7	1423	1445	-22	HA	51	N390HA	JFK	HNL	607	4983	10	0	2013-09-01 10:00:00
2013	9	1	953	1000	-7	1227	1254	-27	UA	297	N569UA	EWR	LAX	314	2454	10	0	2013-09-01 10:00:00
2013	9	1	954	1000	-6	1200	1230	-30	DL	1847	N3731T	LGA	ATL	104	762	10	0	2013-09-01 10:00:00
2013	9	1	954	1000	-6	1054	1128	-34	UA	667	N565UA	EWR	ORD	107	719	10	0	2013-09-01 10:00:00
2013	9	1	955	959	-4	1218	1225	-7	B6	411	N661JB	JFK	LAS	297	2248	9	59	2013-09-01 09:00:00
2013	9	1	956	959	-3	1223	1237	-14	B6	483	N766JB	JFK	MCO	125	944	9	59	2013-09-01 09:00:00
2013	9	1	956	1002	-6	1134	1209	-35	DL	2319	N348NW	LGA	MSP	138	1020	10	2	2013-09-01 10:00:00
2013	9	1	957	1000	-3	1256	1316	-20	DL	1765	N713TW	JFK	SFO	335	2586	10	0	2013-09-01 10:00:00
2013	9	1	1001	755	126	1142	910	152	MQ	3370	N720MQ	JFK	DCA	52	213	7	55	2013-09-01 07:00:00
2013	9	1	1004	1010	-6	1101	1135	-34	MQ	3670	N506MQ	LGA	BNA	101	764	10	10	2013-09-01 10:00:00
2013	9	1	1005	940	25	1139	1120	19	AA	317	N455AA	LGA	ORD	110	733	9	40	2013-09-01 09:00:00
2013	9	1	1006	1010	-4	1113	1126	-13	EV	5711	N829AS	JFK	IAD	43	228	10	10	2013-09-01 10:00:00
2013	9	1	1014	1017	-3	1120	1124	-4	B6	518	N346JB	JFK	BOS	50	187	10	17	2013-09-01 10:00:00
2013	9	1	1014	1020	-6	1155	1207	-12	US	565	N661AW	EWR	CLT	76	529	10	20	2013-09-01 10:00:00
2013	9	1	1016	1025	-9	1202	1222	-20	US	604	N642AW	EWR	PHX	268	2133	10	25	2013-09-01 10:00:00
2013	9	1	1017	1025	-8	1114	1140	-26	MQ	3611	N528MQ	EWR	ORD	102	719	10	25	2013-09-01 10:00:00
2013	9	1	1019	929	50	1250	1234	16	UA	461	N402UA	EWR	FLL	134	1065	9	29	2013-09-01 09:00:00
2013	9	1	1019	1025	-6	1241	1326	-45	UA	1090	N39728	LGA	IAH	187	1416	10	25	2013-09-01 10:00:00
2013	9	1	1020	1030	-10	1320	1350	-30	VX	23	N628VA	JFK	SFO	341	2586	10	30	2013-09-01 10:00:00
2013	9	1	1021	1025	-4	1250	1308	-18	B6	925	N554JB	JFK	TPA	134	1005	10	25	2013-09-01 10:00:00
2013	9	1	1024	1030	-6	1321	1340	-19	VX	187	N526VA	EWR	SFO	339	2565	10	30	2013-09-01 10:00:00
2013	9	1	1025	1029	-4	1304	1320	-16	B6	1	N645JB	JFK	FLL	141	1069	10	29	2013-09-01 10:00:00
2013	9	1	1025	1029	-4	1128	1141	-13	UA	1481	N27724	EWR	BOS	47	200	10	29	2013-09-01 10:00:00
2013	9	1	1026	1030	-4	1226	1239	-13	DL	2343	N301NB	EWR	ATL	104	746	10	30	2013-09-01 10:00:00
2013	9	1	1026	1029	-3	1221	1239	-18	US	625	N524UW	JFK	PHX	271	2153	10	29	2013-09-01 10:00:00
2013	9	1	1028	950	38	1231	1201	30	EV	4714	N12957	EWR	CLT	77	529	9	50	2013-09-01 09:00:00
2013	9	1	1028	1030	-2	1308	1325	-17	AA	19	N320AA	JFK	LAX	314	2475	10	30	2013-09-01 10:00:00
2013	9	1	1028	1029	-1	1131	1214	-43	AA	323	N594AA	LGA	ORD	107	733	10	29	2013-09-01 10:00:00
2013	9	1	1028	1030	-2	1334	1335	-1	AA	179	N329AA	JFK	SFO	336	2586	10	30	2013-09-01 10:00:00
2013	9	1	1031	1010	21	1223	1219	4	EV	4237	N11176	EWR	OMA	158	1134	10	10	2013-09-01 10:00:00
2013	9	1	1032	1035	-3	1148	1154	-6	B6	2602	N229JB	JFK	BUF	55	301	10	35	2013-09-01 10:00:00
2013	9	1	1034	1035	-1	1320	1349	-29	DL	874	N312US	LGA	MIA	145	1096	10	35	2013-09-01 10:00:00
2013	9	1	1034	929	65	1214	1129	45	MQ	3565	N500MQ	LGA	CLT	84	544	9	29	2013-09-01 09:00:00
2013	9	1	1036	1015	21	1141	1129	12	EV	4692	N12552	EWR	IAD	41	212	10	15	2013-09-01 10:00:00
2013	9	1	1039	1040	-1	1217	1232	-15	DL	1269	N360NB	LGA	MEM	140	963	10	40	2013-09-01 10:00:00
2013	9	1	1040	1038	2	1237	1255	-18	DL	914	N365NW	LGA	DEN	216	1620	10	38	2013-09-01 10:00:00
2013	9	1	1041	1044	-3	1218	1227	-9	EV	4628	N16987	EWR	STL	128	872	10	44	2013-09-01 10:00:00
2013	9	1	1044	1050	-6	1257	1244	13	9E	3902	N8554A	LGA	GSO	73	461	10	50	2013-09-01 10:00:00
2013	9	1	1044	1029	15	1309	1310	-1	B6	53	N593JB	JFK	PBI	130	1028	10	29	2013-09-01 10:00:00
2013	9	1	1044	1055	-11	1342	1358	-16	B6	971	N625JB	LGA	FLL	140	1076	10	55	2013-09-01 10:00:00
2013	9	1	1045	1030	15	1250	1252	-2	UA	343	N558UA	LGA	DEN	211	1620	10	30	2013-09-01 10:00:00
2013	9	1	1047	1050	-3	1332	1351	-19	DL	1875	N310NW	LGA	TPA	137	1010	10	50	2013-09-01 10:00:00
2013	9	1	1047	1045	2	1248	1313	-25	UA	1409	N14250	EWR	LAS	281	2227	10	45	2013-09-01 10:00:00
2013	9	1	1048	1055	-7	1326	1346	-20	DL	1275	N3738B	JFK	SLC	261	1990	10	55	2013-09-01 10:00:00
2013	9	1	1049	1050	-1	1244	1250	-6	MQ	3689	N519MQ	LGA	DTW	81	502	10	50	2013-09-01 10:00:00
2013	9	1	1049	1046	3	1318	1328	-10	UA	259	N559UA	EWR	IAH	182	1400	10	46	2013-09-01 10:00:00
2013	9	1	1049	1045	4	1324	1349	-25	UA	1415	N37420	EWR	LAX	310	2454	10	45	2013-09-01 10:00:00
2013	9	1	1051	1055	-4	1216	1228	-12	9E	3614	N8794B	LGA	ORF	47	296	10	55	2013-09-01 10:00:00
2013	9	1	1054	1055	-1	1431	1445	-14	B6	403	N537JB	JFK	SJU	194	1598	10	55	2013-09-01 10:00:00
2013	9	1	1056	1100	-4	1234	1253	-19	EV	5545	N606LR	EWR	DTW	75	488	11	0	2013-09-01 11:00:00
2013	9	1	1056	1100	-4	1347	1353	-6	DL	1443	N319US	LGA	MCO	122	950	11	0	2013-09-01 11:00:00
2013	9	1	1056	1100	-4	1213	1235	-22	WN	109	N939WN	LGA	MDW	104	725	11	0	2013-09-01 11:00:00
2013	9	1	1057	1100	-3	1321	1344	-23	DL	695	N948DL	JFK	MCO	122	944	11	0	2013-09-01 11:00:00
2013	9	1	1059	1100	-1	1340	1358	-18	DL	1174	N3744F	LGA	PBI	129	1035	11	0	2013-09-01 11:00:00
2013	9	1	1059	1100	-1	1331	1330	1	DL	1647	N550NW	LGA	ATL	113	762	11	0	2013-09-01 11:00:00
2013	9	1	1102	1110	-8	1406	1430	-24	AA	1153	N3HRAA	LGA	MIA	140	1096	11	10	2013-09-01 11:00:00
2013	9	1	1106	1105	1	1213	1215	-2	MQ	3230	N501MQ	JFK	DCA	48	213	11	5	2013-09-01 11:00:00
2013	9	1	1107	1112	-5	1316	1343	-27	EV	4679	N10575	EWR	JAX	113	820	11	12	2013-09-01 11:00:00
2013	9	1	1111	1100	11	1238	1233	5	UA	1674	N24715	LGA	ORD	112	733	11	0	2013-09-01 11:00:00
2013	9	1	1112	1120	-8	1401	1417	-16	B6	1129	N621JB	JFK	RSW	144	1074	11	20	2013-09-01 11:00:00
2013	9	1	1115	1120	-5	1229	1235	-6	MQ	3704	N516MQ	EWR	ORD	107	719	11	20	2013-09-01 11:00:00
2013	9	1	1116	1120	-4	1214	1230	-16	B6	34	N348JB	JFK	BTV	47	266	11	20	2013-09-01 11:00:00
2013	9	1	1116	1124	-8	1357	1424	-27	UA	703	N560UA	JFK	LAX	317	2475	11	24	2013-09-01 11:00:00
2013	9	1	1118	1120	-2	1218	1233	-15	B6	208	N316JB	JFK	PWM	46	273	11	20	2013-09-01 11:00:00
2013	9	1	1121	1114	7	1239	1249	-10	EV	4662	N11192	EWR	RDU	62	416	11	14	2013-09-01 11:00:00
2013	9	1	1121	1115	6	1248	1255	-7	MQ	3466	N510MQ	LGA	RDU	62	431	11	15	2013-09-01 11:00:00
2013	9	1	1122	1125	-3	1232	1300	-28	WN	1517	N432WN	LGA	BNA	107	764	11	25	2013-09-01 11:00:00
2013	9	1	1122	1128	-6	1308	1328	-20	US	1930	N766US	LGA	CLT	77	544	11	28	2013-09-01 11:00:00
2013	9	1	1123	1129	-6	1212	1239	-27	US	1821	N947UW	LGA	PHL	26	96	11	29	2013-09-01 11:00:00
2013	9	1	1124	1113	11	1349	1348	1	B6	127	N809JB	EWR	MCO	123	937	11	13	2013-09-01 11:00:00
2013	9	1	1126	1135	-9	1424	1444	-20	DL	954	N947DL	LGA	FLL	142	1076	11	35	2013-09-01 11:00:00
2013	9	1	1130	1139	-9	1423	1457	-34	UA	1284	N73445	EWR	SFO	333	2565	11	39	2013-09-01 11:00:00
2013	9	1	1131	1135	-4	1318	1338	-20	DL	2219	N343NB	LGA	MSP	143	1020	11	35	2013-09-01 11:00:00
2013	9	1	1136	1125	11	1253	1231	22	B6	2380	N354JB	EWR	BOS	45	200	11	25	2013-09-01 11:00:00
2013	9	1	1142	1154	-12	1334	1403	-29	EV	4181	N14203	EWR	MCI	153	1092	11	54	2013-09-01 11:00:00
2013	9	1	1143	1145	-2	1430	1450	-20	AA	1623	N3JFAA	EWR	MIA	141	1085	11	45	2013-09-01 11:00:00
2013	9	1	1144	1145	-1	1418	1358	20	DL	401	N341NB	EWR	ATL	127	746	11	45	2013-09-01 11:00:00
2013	9	1	1145	1139	6	1240	1254	-14	B6	1307	N265JB	JFK	IAD	42	228	11	39	2013-09-01 11:00:00
2013	9	1	1149	1150	-1	1341	1415	-34	WN	657	N789SW	LGA	DEN	217	1620	11	50	2013-09-01 11:00:00
2013	9	1	1150	1150	0	1411	1430	-19	UA	1519	N14102	EWR	MCO	121	937	11	50	2013-09-01 11:00:00
2013	9	1	1151	1159	-8	1324	1344	-20	MQ	3572	N531MQ	LGA	CLE	60	419	11	59	2013-09-01 11:00:00
2013	9	1	1154	1159	-5	1300	1309	-9	MQ	3386	N807MQ	JFK	DCA	49	213	11	59	2013-09-01 11:00:00
2013	9	1	1154	1200	-6	1301	1316	-15	US	2179	N953UW	LGA	DCA	42	214	12	0	2013-09-01 12:00:00
2013	9	1	1155	1200	-5	1428	1455	-27	AA	3	N324AA	JFK	LAX	317	2475	12	0	2013-09-01 12:00:00
2013	9	1	1155	1159	-4	1450	1514	-24	AA	2093	N3BAAA	LGA	MIA	157	1096	11	59	2013-09-01 11:00:00
2013	9	1	1155	1200	-5	1433	1452	-19	DL	863	N624AG	JFK	LAX	303	2475	12	0	2013-09-01 12:00:00
2013	9	1	1155	1200	-5	1441	1434	7	DL	1947	N329NW	LGA	ATL	125	762	12	0	2013-09-01 12:00:00
2013	9	1	1156	1159	-3	1255	1313	-18	9E	3606	N8808H	JFK	BWI	36	184	11	59	2013-09-01 11:00:00
2013	9	1	1158	1200	-2	1257	1310	-13	WN	777	N255WN	EWR	MDW	102	711	12	0	2013-09-01 12:00:00
2013	9	1	1159	1209	-10	1300	1316	-16	B6	1191	N249JB	JFK	ACK	46	199	12	9	2013-09-01 12:00:00
2013	9	1	1159	1200	-1	1335	1355	-20	US	1979	N556UW	JFK	CLT	75	541	12	0	2013-09-01 12:00:00
2013	9	1	1200	1206	-6	1428	1506	-38	UA	1496	N16713	EWR	SNA	310	2434	12	6	2013-09-01 12:00:00
2013	9	1	1201	1205	-4	1415	1451	-36	UA	817	N842UA	EWR	IAH	182	1400	12	5	2013-09-01 12:00:00
2013	9	1	1203	1159	4	1403	1417	-14	UA	1422	N17233	EWR	PHX	281	2133	11	59	2013-09-01 11:00:00
2013	9	1	1203	1205	-2	1400	1418	-18	UA	1625	N33203	EWR	DEN	217	1605	12	5	2013-09-01 12:00:00
2013	9	1	1205	1208	-3	1445	1452	-7	B6	323	N527JB	JFK	LAX	311	2475	12	8	2013-09-01 12:00:00
2013	9	1	1207	1205	2	1402	1410	-8	WN	113	N237WN	EWR	DEN	217	1605	12	5	2013-09-01 12:00:00
2013	9	1	1208	1215	-7	1429	1510	-41	AA	743	N3GDAA	LGA	DFW	187	1389	12	15	2013-09-01 12:00:00
2013	9	1	1209	1210	-1	1338	1339	-1	9E	3836	N8960A	LGA	BTV	51	258	12	10	2013-09-01 12:00:00
2013	9	1	1209	1215	-6	1351	1405	-14	MQ	3616	N527MQ	LGA	MSP	138	1020	12	15	2013-09-01 12:00:00
2013	9	1	1210	1205	5	1332	1348	-16	EV	5212	N758EV	LGA	BGR	54	378	12	5	2013-09-01 12:00:00
2013	9	1	1212	1215	-3	1317	1329	-12	EV	5884	N16961	EWR	ORF	48	284	12	15	2013-09-01 12:00:00
2013	9	1	1212	1215	-3	1454	1440	14	MQ	3658	N5PBMQ	LGA	ATL	125	762	12	15	2013-09-01 12:00:00
2013	9	1	1213	1220	-7	1340	1355	-15	MQ	3361	N849MQ	JFK	RDU	70	427	12	20	2013-09-01 12:00:00
2013	9	1	1221	1230	-9	1330	1405	-35	AA	329	N542AA	LGA	ORD	111	733	12	30	2013-09-01 12:00:00
2013	9	1	1222	1225	-3	1408	1421	-13	EV	3848	N18557	EWR	CLT	79	529	12	25	2013-09-01 12:00:00
2013	9	1	1223	1230	-7	1340	1401	-21	9E	3303	N923XJ	JFK	BUF	53	301	12	30	2013-09-01 12:00:00
2013	9	1	1223	1230	-7	1335	1352	-17	B6	2502	N238JB	JFK	BUF	54	301	12	30	2013-09-01 12:00:00
2013	9	1	1227	1236	-9	1414	1433	-19	EV	5085	N608QX	EWR	DTW	80	488	12	36	2013-09-01 12:00:00
2013	9	1	1230	1231	-1	1415	1423	-8	EV	4640	N16919	EWR	DAY	80	533	12	31	2013-09-01 12:00:00
2013	9	1	1232	1239	-7	1514	1534	-20	B6	41	N531JB	JFK	FLL	141	1069	12	39	2013-09-01 12:00:00
2013	9	1	1234	1235	-1	1454	1503	-9	UA	1605	N24202	EWR	LAS	297	2227	12	35	2013-09-01 12:00:00
2013	9	1	1237	1240	-3	1506	1520	-14	AA	1983	N4XHAA	EWR	DFW	186	1372	12	40	2013-09-01 12:00:00
2013	9	1	1238	1240	-2	1503	1545	-42	WN	755	N756SA	LGA	HOU	188	1428	12	40	2013-09-01 12:00:00
2013	9	1	1239	1250	-11	1531	1544	-13	DL	1375	N3750D	JFK	SLC	268	1990	12	50	2013-09-01 12:00:00
2013	9	1	1243	1245	-2	1529	1600	-31	AA	2041	N5CGAA	JFK	MIA	143	1089	12	45	2013-09-01 12:00:00
2013	9	1	1244	1250	-6	1429	1445	-16	DL	1131	N322NB	LGA	DTW	82	502	12	50	2013-09-01 12:00:00
2013	9	1	1247	1252	-5	1357	1416	-19	EV	4109	N15973	EWR	BNA	109	748	12	52	2013-09-01 12:00:00
2013	9	1	1247	1250	-3	1352	1400	-8	AA	1850	N3ABAA	JFK	BOS	49	187	12	50	2013-09-01 12:00:00
2013	9	1	1248	1241	7	1514	1518	-4	B6	927	N653JB	EWR	MCO	121	937	12	41	2013-09-01 12:00:00
2013	9	1	1249	1250	-1	1404	1420	-16	WN	134	N770SA	LGA	MKE	103	738	12	50	2013-09-01 12:00:00
2013	9	1	1250	1300	-10	1356	1419	-23	EV	5797	N13970	EWR	RIC	50	277	13	0	2013-09-01 13:00:00
2013	9	1	1250	1259	-9	1530	1530	0	DL	781	N946DL	LGA	ATL	115	762	12	59	2013-09-01 12:00:00
2013	9	1	1252	1257	-5	1428	1458	-30	US	1895	N153UW	LGA	CLT	80	544	12	57	2013-09-01 12:00:00
2013	9	1	1253	1300	-7	1424	1450	-26	MQ	3388	N724MQ	LGA	CMH	73	479	13	0	2013-09-01 13:00:00
2013	9	1	1254	1254	0	1359	1414	-15	EV	6054	N48901	EWR	IAD	40	212	12	54	2013-09-01 12:00:00
2013	9	1	1254	1300	-6	1530	1555	-25	VX	165	N641VA	EWR	LAX	316	2454	13	0	2013-09-01 13:00:00
2013	9	1	1256	1256	0	1500	1521	-21	EV	4225	N14168	EWR	MSY	159	1167	12	56	2013-09-01 12:00:00
2013	9	1	1256	1300	-4	1545	1600	-15	VX	411	N629VA	JFK	LAX	322	2475	13	0	2013-09-01 13:00:00
2013	9	1	1256	1224	32	1523	1530	-7	UA	204	N536UA	EWR	SFO	314	2565	12	24	2013-09-01 12:00:00
2013	9	1	1256	1258	-2	1515	1559	-44	UA	1280	N73299	LGA	IAH	177	1416	12	58	2013-09-01 12:00:00
2013	9	1	1257	1300	-3	1403	1430	-27	UA	1622	N26123	EWR	ORD	108	719	13	0	2013-09-01 13:00:00
2013	9	1	1300	1300	0	1414	1425	-11	WN	591	N250WN	EWR	BNA	105	748	13	0	2013-09-01 13:00:00
2013	9	1	1301	1310	-9	1533	1615	-42	UA	1401	N17730	EWR	MIA	138	1085	13	10	2013-09-01 13:00:00
2013	9	1	1305	1300	5	1404	1412	-8	EV	4129	N16149	EWR	DCA	40	199	13	0	2013-09-01 13:00:00
2013	9	1	1305	1300	5	1536	1550	-14	AA	745	N3HSAA	LGA	DFW	191	1389	13	0	2013-09-01 13:00:00
2013	9	1	1312	1310	2	1531	1604	-33	UA	1693	N19141	EWR	MCO	119	937	13	10	2013-09-01 13:00:00
2013	9	1	1313	1314	-1	1512	1506	6	US	2095	N109UW	EWR	CLT	81	529	13	14	2013-09-01 13:00:00
2013	9	1	1316	1329	-13	1457	1529	-32	MQ	3340	N810MQ	LGA	DTW	80	502	13	29	2013-09-01 13:00:00
2013	9	1	1317	1310	7	1529	1536	-7	FL	348	N608AT	LGA	ATL	111	762	13	10	2013-09-01 13:00:00
2013	9	1	1321	1330	-9	1444	1510	-26	AA	331	N530AA	LGA	ORD	109	733	13	30	2013-09-01 13:00:00
2013	9	1	1321	1314	7	1626	1620	6	B6	1639	N746JB	LGA	RSW	163	1080	13	14	2013-09-01 13:00:00
2013	9	1	1321	1325	-4	1602	1630	-28	UA	277	N815UA	EWR	FLL	142	1065	13	25	2013-09-01 13:00:00
2013	9	1	1322	1324	-2	1446	1432	14	US	2049	N955UW	LGA	PHL	43	96	13	24	2013-09-01 13:00:00
2013	9	1	1324	1330	-6	1615	1638	-23	B6	431	N639JB	LGA	SRQ	146	1047	13	30	2013-09-01 13:00:00
2013	9	1	1324	1329	-5	1745	1814	-29	UA	15	N76055	EWR	HNL	600	4963	13	29	2013-09-01 13:00:00
2013	9	1	1325	1330	-5	1434	1458	-24	B6	286	N296JB	JFK	ROC	46	264	13	30	2013-09-01 13:00:00
2013	9	1	1327	1330	-3	1451	1522	-31	EV	4966	N738EV	LGA	RDU	65	431	13	30	2013-09-01 13:00:00
2013	9	1	1327	1325	2	1520	1545	-25	F9	507	N213FR	LGA	DEN	211	1620	13	25	2013-09-01 13:00:00
2013	9	1	1329	1330	-1	1544	1552	-8	DL	2043	N355NB	JFK	ATL	104	760	13	30	2013-09-01 13:00:00
2013	9	1	1332	1338	-6	1618	1634	-16	B6	213	N517JB	JFK	LGB	318	2465	13	38	2013-09-01 13:00:00
2013	9	1	1332	1330	2	1610	1625	-15	B6	505	N591JB	EWR	FLL	140	1065	13	30	2013-09-01 13:00:00
2013	9	1	1332	1330	2	1525	1545	-20	WN	4103	N946WN	EWR	PHX	274	2133	13	30	2013-09-01 13:00:00
2013	9	1	1333	1329	4	1613	1633	-20	UA	1054	N17104	EWR	LAX	317	2454	13	29	2013-09-01 13:00:00
2013	9	1	1335	1340	-5	1619	1633	-14	UA	464	N571UA	EWR	PBI	138	1023	13	40	2013-09-01 13:00:00
2013	9	1	1336	1345	-9	1458	1520	-22	MQ	3305	N507MQ	LGA	RDU	63	431	13	45	2013-09-01 13:00:00
2013	9	1	1338	1347	-9	1611	1638	-27	DL	1685	N975DL	LGA	MCO	127	950	13	47	2013-09-01 13:00:00
2013	9	1	1341	1343	-2	1622	1701	-39	UA	1663	N27477	EWR	SFO	325	2565	13	43	2013-09-01 13:00:00
2013	9	1	1342	1405	-23	1448	1516	-28	B6	2480	N279JB	EWR	BOS	47	200	14	5	2013-09-01 14:00:00
2013	9	1	1344	1345	-1	1624	1650	-26	AA	117	N335AA	JFK	LAX	319	2475	13	45	2013-09-01 13:00:00
2013	9	1	1345	1352	-7	1447	1453	-6	EV	4249	N13969	EWR	MHT	41	209	13	52	2013-09-01 13:00:00
2013	9	1	1346	1355	-9	1506	1535	-29	MQ	3493	N523MQ	LGA	CLE	63	419	13	55	2013-09-01 13:00:00
2013	9	1	1347	1348	-1	1459	1509	-10	B6	308	N183JB	JFK	PWM	48	273	13	48	2013-09-01 13:00:00
2013	9	1	1348	1355	-7	1536	1550	-14	MQ	3567	N534MQ	LGA	CLT	78	544	13	55	2013-09-01 13:00:00
2013	9	1	1349	1346	3	1444	1458	-14	B6	1338	N323JB	JFK	MVY	38	173	13	46	2013-09-01 13:00:00
2013	9	1	1354	1359	-5	1601	1618	-17	UA	511	N503UA	EWR	LAS	286	2227	13	59	2013-09-01 13:00:00
2013	9	1	1355	1400	-5	1633	1655	-22	AA	751	N3KFAA	LGA	DFW	192	1389	14	0	2013-09-01 14:00:00
2013	9	1	1355	1359	-4	1712	1719	-7	DL	1565	N727TW	JFK	SFO	329	2586	13	59	2013-09-01 13:00:00
2013	9	1	1356	1345	11	1640	1700	-20	AA	1621	N3HTAA	LGA	MIA	146	1096	13	45	2013-09-01 13:00:00
2013	9	1	1356	1359	-3	1611	1629	-18	DL	2247	N6708D	LGA	ATL	113	762	13	59	2013-09-01 13:00:00
2013	9	1	1357	1359	-2	1550	1603	-13	B6	1373	N192JB	JFK	CHS	88	636	13	59	2013-09-01 13:00:00
2013	9	1	1357	1400	-3	1455	1514	-19	US	2183	N741UW	LGA	DCA	40	214	14	0	2013-09-01 14:00:00
2013	9	1	1359	1355	4	1507	1507	0	UA	1146	N17244	EWR	BOS	48	200	13	55	2013-09-01 13:00:00
2013	9	1	1402	1354	8	1519	1510	9	B6	118	N190JB	JFK	BOS	45	187	13	54	2013-09-01 13:00:00
2013	9	1	1403	1359	4	1553	1556	-3	US	686	N663AW	EWR	PHX	273	2133	13	59	2013-09-01 13:00:00
2013	9	1	1406	1415	-9	1526	1550	-24	AA	2223	N592AA	LGA	STL	127	888	14	15	2013-09-01 14:00:00
2013	9	1	1412	1408	4	1626	1528	58	EV	5712	N877AS	JFK	IAD	70	228	14	8	2013-09-01 14:00:00
2013	9	1	1412	1315	57	1649	1558	51	B6	553	N590JB	JFK	PBI	134	1028	13	15	2013-09-01 13:00:00
2013	9	1	1412	1415	-3	1722	1628	54	DL	673	N301DQ	EWR	ATL	112	746	14	15	2013-09-01 14:00:00
2013	9	1	1413	1420	-7	1535	1555	-20	AA	333	N473AA	LGA	ORD	110	733	14	20	2013-09-01 14:00:00
2013	9	1	1416	1420	-4	1532	1553	-21	FL	721	N934AT	LGA	CAK	60	397	14	20	2013-09-01 14:00:00
2013	9	1	1421	1430	-9	1652	1736	-44	DL	1935	N361NW	LGA	TPA	136	1010	14	30	2013-09-01 14:00:00
2013	9	1	1423	1430	-7	1600	1626	-26	EV	4961	N724EV	EWR	MSP	139	1008	14	30	2013-09-01 14:00:00
2013	9	1	1423	1411	12	1654	1702	-8	B6	1883	N583JB	JFK	MCO	127	944	14	11	2013-09-01 14:00:00
2013	9	1	1424	1430	-6	1725	1735	-10	B6	301	N606JB	JFK	FLL	144	1069	14	30	2013-09-01 14:00:00
2013	9	1	1425	1425	0	1729	1650	39	MQ	3669	N542MQ	LGA	ATL	112	762	14	25	2013-09-01 14:00:00
2013	9	1	1426	1425	1	1540	1554	-14	B6	2402	N346JB	JFK	BUF	55	301	14	25	2013-09-01 14:00:00
2013	9	1	1426	1423	3	1641	1709	-28	UA	1695	N76523	EWR	IAH	177	1400	14	23	2013-09-01 14:00:00
2013	9	1	1428	1430	-2	1717	1725	-8	B6	325	N658JB	JFK	TPA	139	1005	14	30	2013-09-01 14:00:00
2013	9	1	1429	1430	-1	1550	1604	-14	UA	1202	N16701	EWR	CLE	63	404	14	30	2013-09-01 14:00:00
2013	9	1	1430	1430	0	1535	1557	-22	EV	5713	N909EV	LGA	IAD	48	229	14	30	2013-09-01 14:00:00
2013	9	1	1433	1438	-5	1655	1739	-44	UA	212	N467UA	LGA	IAH	184	1416	14	38	2013-09-01 14:00:00
2013	9	1	1436	1440	-4	1614	1640	-26	DL	1819	N331NW	LGA	MSP	142	1020	14	40	2013-09-01 14:00:00
2013	9	1	1437	1430	7	1720	1734	-14	UA	1199	N14237	EWR	LAX	322	2454	14	30	2013-09-01 14:00:00
2013	9	1	1438	1441	-3	1723	1749	-26	DL	1779	N314US	LGA	FLL	147	1076	14	41	2013-09-01 14:00:00
2013	9	1	1438	1355	43	1536	1520	16	WN	491	N706SW	LGA	MDW	105	725	13	55	2013-09-01 13:00:00
2013	9	1	1439	1445	-6	1632	1724	-52	9E	3301	N926XJ	JFK	IND	97	665	14	45	2013-09-01 14:00:00
2013	9	1	1439	1445	-6	1729	1747	-18	B6	1171	N789JB	LGA	FLL	148	1076	14	45	2013-09-01 14:00:00
2013	9	1	1440	1440	0	1642	1647	-5	B6	575	N216JB	JFK	MSY	160	1182	14	40	2013-09-01 14:00:00
2013	9	1	1441	1440	1	1642	1640	2	EV	4687	N11536	EWR	CVG	94	569	14	40	2013-09-01 14:00:00
2013	9	1	1442	1445	-3	1714	1720	-6	B6	477	N229JB	JFK	JAX	113	828	14	45	2013-09-01 14:00:00
2013	9	1	1443	1429	14	1826	1830	-4	B6	703	N579JB	JFK	SJU	197	1598	14	29	2013-09-01 14:00:00
2013	9	1	1443	1448	-5	1632	1653	-21	US	1995	N540UW	LGA	CLT	85	544	14	48	2013-09-01 14:00:00
2013	9	1	1445	1450	-5	1713	1744	-31	UA	1270	N76514	EWR	MCO	129	937	14	50	2013-09-01 14:00:00
2013	9	1	1446	1450	-4	1732	1755	-23	UA	980	N414UA	EWR	FLL	147	1065	14	50	2013-09-01 14:00:00
2013	9	1	1447	1500	-13	1759	1815	-16	AA	825	N3GKAA	LGA	MIA	147	1096	15	0	2013-09-01 15:00:00
2013	9	1	1447	1505	-18	1619	1655	-36	MQ	3391	N814MQ	LGA	CMH	79	479	15	5	2013-09-01 15:00:00
2013	9	1	1448	1451	-3	1645	1650	-5	EV	4370	N14573	EWR	CHS	92	628	14	51	2013-09-01 14:00:00
2013	9	1	1448	1450	-2	1602	1610	-8	EV	5810	N16981	EWR	IAD	43	212	14	50	2013-09-01 14:00:00
2013	9	1	1448	1455	-7	1619	1640	-21	MQ	3359	N856MQ	JFK	RDU	70	427	14	55	2013-09-01 14:00:00
2013	9	1	1450	1455	-5	1730	1750	-20	AA	1917	N5ETAA	JFK	MCO	125	944	14	55	2013-09-01 14:00:00
2013	9	1	1450	1455	-5	1625	1630	-5	MQ	3231	N651MQ	JFK	PIT	61	340	14	55	2013-09-01 14:00:00
2013	9	1	1450	1450	0	1633	1645	-12	MQ	3588	N500MQ	LGA	MSP	140	1020	14	50	2013-09-01 14:00:00
2013	9	1	1450	1500	-10	1638	1654	-16	US	802	N150UW	EWR	CLT	80	529	15	0	2013-09-01 15:00:00
2013	9	1	1453	1455	-2	1604	1621	-17	DL	1164	N352NB	JFK	BOS	43	187	14	55	2013-09-01 14:00:00
2013	9	1	1453	1459	-6	1610	1630	-20	UA	207	N453UA	EWR	ORD	110	719	14	59	2013-09-01 14:00:00
2013	9	1	1453	1459	-6	1759	1823	-24	UA	257	N596UA	JFK	SFO	333	2586	14	59	2013-09-01 14:00:00
2013	9	1	1453	1500	-7	1553	1624	-31	US	2185	N949UW	LGA	DCA	47	214	15	0	2013-09-01 15:00:00
2013	9	1	1454	1459	-5	1720	1730	-10	EV	4645	N15986	EWR	JAX	117	820	14	59	2013-09-01 14:00:00
2013	9	1	1454	1459	-5	1753	1733	20	DL	2347	N675DL	LGA	ATL	112	762	14	59	2013-09-01 14:00:00
2013	9	1	1455	1455	0	1648	1706	-18	DL	127	N385DN	JFK	DTW	79	509	14	55	2013-09-01 14:00:00
2013	9	1	1455	1459	-4	1755	1816	-21	DL	161	N182DN	JFK	SEA	328	2422	14	59	2013-09-01 14:00:00
2013	9	1	1457	1459	-2	1725	1746	-21	B6	581	N316JB	JFK	HOU	185	1428	14	59	2013-09-01 14:00:00
2013	9	1	1458	1455	3	1644	1645	-1	MQ	2815	N635MQ	JFK	CLE	80	425	14	55	2013-09-01 14:00:00
2013	9	1	1459	1504	-5	1650	1700	-10	EV	4326	N17108	EWR	CLT	83	529	15	4	2013-09-01 15:00:00
2013	9	1	1501	1505	-4	1726	1810	-44	AA	753	N3KGAA	LGA	DFW	185	1389	15	5	2013-09-01 15:00:00
2013	9	1	1501	1505	-4	1830	1830	0	AA	1775	N5FAAA	JFK	MIA	153	1089	15	5	2013-09-01 15:00:00
2013	9	1	1503	1500	3	1748	1758	-10	B6	83	N618JB	JFK	MCO	124	944	15	0	2013-09-01 15:00:00
2013	9	1	1503	1510	-7	1615	1630	-15	MQ	3433	N503MQ	JFK	DCA	46	213	15	10	2013-09-01 15:00:00
2013	9	1	1503	1455	8	1751	1801	-10	UA	394	N568UA	EWR	SFO	319	2565	14	55	2013-09-01 14:00:00
2013	9	1	1504	1511	-7	1656	1733	-37	UA	745	N519UA	LGA	DEN	215	1620	15	11	2013-09-01 15:00:00
2013	9	1	1509	1515	-6	1740	1806	-26	UA	311	N427UA	EWR	TPA	132	997	15	15	2013-09-01 15:00:00
2013	9	1	1512	1515	-3	1618	1646	-28	EV	4502	N33182	EWR	BNA	104	748	15	15	2013-09-01 15:00:00
2013	9	1	1513	1523	-10	1722	1736	-14	EV	4684	N14977	EWR	SDF	101	642	15	23	2013-09-01 15:00:00
2013	9	1	1513	1455	18	1756	1750	6	MQ	3070	N501MQ	JFK	TPA	135	1005	14	55	2013-09-01 14:00:00
2013	9	1	1514	1515	-1	1720	1713	7	EV	4572	N14904	EWR	GSP	98	594	15	15	2013-09-01 15:00:00
2013	9	1	1516	1520	-4	1740	1810	-30	UA	404	N492UA	EWR	IAH	180	1400	15	20	2013-09-01 15:00:00
2013	9	1	1518	1520	-2	1809	1814	-5	UA	1600	N14118	EWR	LAX	315	2454	15	20	2013-09-01 15:00:00
2013	9	1	1519	1529	-10	1804	1821	-17	B6	573	N612JB	EWR	TPA	135	997	15	29	2013-09-01 15:00:00
2013	9	1	1520	1525	-5	1808	1840	-32	AA	133	N338AA	JFK	LAX	319	2475	15	25	2013-09-01 15:00:00
2013	9	1	1520	1523	-3	1718	1741	-23	UA	1107	N39418	EWR	DEN	213	1605	15	23	2013-09-01 15:00:00
2013	9	1	1522	1527	-5	1654	1701	-7	UA	364	N421UA	EWR	CLE	66	404	15	27	2013-09-01 15:00:00
2013	9	1	1523	1530	-7	1818	1842	-24	UA	1583	N14121	EWR	SFO	329	2565	15	30	2013-09-01 15:00:00
2013	9	1	1524	1529	-5	1815	1851	-36	DL	2280	N909DL	JFK	FLL	141	1069	15	29	2013-09-01 15:00:00
2013	9	1	1525	1530	-5	1652	1715	-23	WN	424	N465WN	LGA	STL	126	888	15	30	2013-09-01 15:00:00
2013	9	1	1525	1510	15	1746	1735	11	MQ	3202	N902MQ	JFK	IND	99	665	15	10	2013-09-01 15:00:00
2013	9	1	1525	1530	-5	1722	1704	18	UA	685	N823UA	LGA	ORD	107	733	15	30	2013-09-01 15:00:00
2013	9	1	1530	1535	-5	1839	1850	-11	B6	1729	N793JB	JFK	RSW	155	1074	15	35	2013-09-01 15:00:00
2013	9	1	1530	1530	0	1809	1842	-33	DL	95	N188DN	JFK	LAX	307	2475	15	30	2013-09-01 15:00:00
2013	9	1	1531	1530	1	1644	1650	-6	EV	4580	N12957	EWR	MKE	109	725	15	30	2013-09-01 15:00:00
2013	9	1	1531	1515	16	1755	1810	-15	AA	1359	N403AA	EWR	DFW	183	1372	15	15	2013-09-01 15:00:00
2013	9	1	1531	1539	-8	1620	1648	-28	US	1714	N948UW	LGA	PHL	34	96	15	39	2013-09-01 15:00:00
2013	9	1	1531	1538	-7	1748	1742	6	US	1899	N746UW	LGA	CLT	110	544	15	38	2013-09-01 15:00:00
2013	9	1	1532	1530	2	1635	1645	-10	WN	752	N349SW	EWR	MDW	102	711	15	30	2013-09-01 15:00:00
2013	9	1	1538	1410	88	1751	1635	76	FL	350	N932AT	LGA	ATL	110	762	14	10	2013-09-01 14:00:00
2013	9	1	1538	1540	-2	1751	1820	-29	DL	1773	N379DA	JFK	LAS	283	2248	15	40	2013-09-01 15:00:00
2013	9	1	1538	1544	-6	1818	1852	-34	UA	1183	N36444	EWR	RSW	142	1068	15	44	2013-09-01 15:00:00
2013	9	1	1539	1250	169	2003	1359	NA	B6	316	N258JB	JFK	SYR	NA	209	12	50	2013-09-01 12:00:00
2013	9	1	1543	1545	-2	1930	1957	-27	DL	4	N380DA	JFK	SJU	196	1598	15	45	2013-09-01 15:00:00
2013	9	1	1545	1550	-5	1721	1730	-9	MQ	3416	N510MQ	LGA	RDU	65	431	15	50	2013-09-01 15:00:00
2013	9	1	1546	1550	-4	1744	1753	-9	EV	4144	N21154	EWR	MSP	148	1008	15	50	2013-09-01 15:00:00
2013	9	1	1547	1535	12	1754	1750	4	WN	1873	N231WN	EWR	DEN	215	1605	15	35	2013-09-01 15:00:00
2013	9	1	1548	1555	-7	1905	1856	9	DL	2407	N377DA	JFK	MCO	160	944	15	55	2013-09-01 15:00:00
2013	9	1	1549	1530	19	1859	1845	14	AA	85	N353AA	JFK	SFO	334	2586	15	30	2013-09-01 15:00:00
2013	9	1	1549	1555	-6	1738	1755	-17	MQ	3199	N514MQ	LGA	CLT	88	544	15	55	2013-09-01 15:00:00
2013	9	1	1550	1559	-9	1732	1750	-18	EV	3846	N14953	EWR	AVL	86	583	15	59	2013-09-01 15:00:00
2013	9	1	1550	1559	-9	1752	1828	-36	9E	3540	N924XJ	JFK	MSP	155	1029	15	59	2013-09-01 15:00:00
2013	9	1	1550	1600	-10	1819	1849	-30	B6	543	N657JB	EWR	PBI	132	1023	16	0	2013-09-01 16:00:00
2013	9	1	1551	1559	-8	1741	1800	-19	EV	4576	N13202	EWR	GRR	91	605	15	59	2013-09-01 15:00:00
2013	9	1	1552	1555	-3	1712	1744	-32	B6	1105	N249JB	JFK	ORD	116	740	15	55	2013-09-01 15:00:00
2013	9	1	1552	1559	-7	1833	1837	-4	DL	847	N910DL	LGA	ATL	110	762	15	59	2013-09-01 15:00:00
2013	9	1	1553	1557	-4	1708	1728	-20	UA	655	N808UA	EWR	ORD	107	719	15	57	2013-09-01 15:00:00
2013	9	1	1554	1600	-6	1654	1723	-29	US	2187	N953UW	LGA	DCA	40	214	16	0	2013-09-01 16:00:00
2013	9	1	1555	1550	5	1756	1749	7	9E	3523	N903XJ	JFK	ORD	113	740	15	50	2013-09-01 15:00:00
2013	9	1	1555	1605	-10	1711	1755	-44	AA	341	N4YBAA	LGA	ORD	107	733	16	5	2013-09-01 16:00:00
2013	9	1	1555	1240	195	1835	1525	190	WN	4720	N609SW	EWR	HOU	186	1411	12	40	2013-09-01 12:00:00
2013	9	1	1555	1559	-4	1723	1719	4	MQ	3748	N528MQ	EWR	ORD	106	719	15	59	2013-09-01 15:00:00
2013	9	1	1556	1559	-3	1844	1912	-28	DL	1373	N3743H	JFK	MIA	144	1089	15	59	2013-09-01 15:00:00
2013	9	1	1557	1510	47	2005	1920	45	AA	1635	N5FNAA	JFK	SJU	203	1598	15	10	2013-09-01 15:00:00
2013	9	1	1558	1606	-8	2015	1909	NA	B6	283	N641JB	JFK	MCO	NA	944	16	6	2013-09-01 16:00:00
2013	9	1	1558	1545	13	1820	1803	17	DL	1942	N319NB	EWR	ATL	108	746	15	45	2013-09-01 15:00:00
2013	9	1	1559	1600	-1	1746	1755	-9	MQ	2793	N618MQ	JFK	CMH	72	483	16	0	2013-09-01 16:00:00
2013	9	1	1559	1600	-1	1858	1934	-36	DL	141	N718TW	JFK	SFO	327	2586	16	0	2013-09-01 16:00:00
2013	9	1	1603	1545	18	1716	1705	11	AA	1786	N3BPAA	JFK	BOS	41	187	15	45	2013-09-01 15:00:00
2013	9	1	1604	1529	35	1703	1646	17	EV	4453	N13958	EWR	BUF	45	282	15	29	2013-09-01 15:00:00
2013	9	1	1607	1620	-13	1932	1940	-8	AA	1559	N3KNAA	LGA	MIA	160	1096	16	20	2013-09-01 16:00:00
2013	9	1	1608	1615	-7	1748	1822	-34	DL	1619	N917DL	LGA	MSP	142	1020	16	15	2013-09-01 16:00:00
2013	9	1	1609	1615	-6	1854	1845	9	MQ	3357	N519MQ	LGA	ATL	109	762	16	15	2013-09-01 16:00:00
2013	9	1	1609	1610	-1	1932	1904	28	UA	1117	N76288	EWR	MCO	179	937	16	10	2013-09-01 16:00:00
2013	9	1	1610	1559	11	1716	1730	-14	B6	1734	N265JB	JFK	BTV	44	266	15	59	2013-09-01 15:00:00
2013	9	1	1611	1615	-4	1855	1915	-20	AA	2485	N3GYAA	JFK	DFW	195	1391	16	15	2013-09-01 16:00:00
2013	9	1	1612	1620	-8	1823	1853	-30	9E	3347	N922XJ	JFK	DTW	86	509	16	20	2013-09-01 16:00:00
2013	9	1	1615	1625	-10	1713	1750	-37	MQ	3622	N532MQ	LGA	BNA	104	764	16	25	2013-09-01 16:00:00
2013	9	1	1616	1625	-9	1850	1928	-38	B6	1117	N712JB	LGA	TPA	139	1010	16	25	2013-09-01 16:00:00
2013	9	1	1617	1555	22	1735	1739	-4	9E	3459	N605LR	JFK	BNA	104	765	15	55	2013-09-01 15:00:00
2013	9	1	1617	1620	-3	1900	1921	-21	DL	706	N3745B	JFK	AUS	194	1521	16	20	2013-09-01 16:00:00
2013	9	1	1620	1630	-10	1907	1945	-38	B6	1801	N644JB	JFK	FLL	141	1069	16	30	2013-09-01 16:00:00
2013	9	1	1620	1625	-5	1748	1833	-45	DL	2231	N360NW	LGA	DTW	71	502	16	25	2013-09-01 16:00:00
2013	9	1	1623	1629	-6	1923	1927	-4	B6	1161	N627JB	LGA	PBI	160	1035	16	29	2013-09-01 16:00:00
2013	9	1	1625	1630	-5	1915	1936	-21	UA	1151	N36247	EWR	SEA	329	2402	16	30	2013-09-01 16:00:00
2013	9	1	1625	1626	-1	1843	1910	-27	UA	1178	N21108	EWR	IAH	180	1400	16	26	2013-09-01 16:00:00
2013	9	1	1627	1629	-2	1757	1807	-10	EV	4702	N12552	EWR	GSO	70	445	16	29	2013-09-01 16:00:00
2013	9	1	1627	1635	-8	1751	1815	-24	MQ	2949	N601MQ	JFK	BNA	117	765	16	35	2013-09-01 16:00:00
2013	9	1	1628	1630	-2	1739	1750	-11	UA	247	N432UA	EWR	BOS	48	200	16	30	2013-09-01 16:00:00
2013	9	1	1628	1629	-1	1849	1853	-4	US	629	N520UW	JFK	PHX	282	2153	16	29	2013-09-01 16:00:00
2013	9	1	1629	1634	-5	1725	1746	-21	EV	4299	N14570	EWR	DCA	37	199	16	34	2013-09-01 16:00:00
2013	9	1	1629	1555	34	1827	1805	22	MQ	3075	N610MQ	JFK	CVG	95	589	15	55	2013-09-01 15:00:00
2013	9	1	1629	1635	-6	1915	1938	-23	B6	89	N646JB	JFK	SAN	309	2446	16	35	2013-09-01 16:00:00
2013	9	1	1630	1630	0	1829	1839	-10	EV	4091	N15555	EWR	IND	98	645	16	30	2013-09-01 16:00:00
2013	9	1	1638	1630	8	1944	2000	-16	VX	27	N631VA	JFK	SFO	336	2586	16	30	2013-09-01 16:00:00
2013	9	1	1638	1645	-7	1804	1820	-16	MQ	3216	N923MQ	JFK	ORF	48	290	16	45	2013-09-01 16:00:00
2013	9	1	1639	1636	3	1750	1805	-15	B6	918	N355JB	JFK	BOS	44	187	16	36	2013-09-01 16:00:00
2013	9	1	1640	1620	20	121	1852	NA	DL	843	N169DZ	JFK	ATL	NA	760	16	20	2013-09-01 16:00:00
2013	9	1	1640	1640	0	1743	1805	-22	WN	4209	N291WN	LGA	MDW	106	725	16	40	2013-09-01 16:00:00
2013	9	1	1641	1645	-4	1817	1827	-10	B6	2302	N238JB	JFK	BUF	64	301	16	45	2013-09-01 16:00:00
2013	9	1	1642	1648	-6	1903	1919	-16	EV	4190	N14179	EWR	ATL	108	746	16	48	2013-09-01 16:00:00
2013	9	1	1646	1655	-9	1814	1837	-23	EV	5215	N758EV	LGA	ORF	55	296	16	55	2013-09-01 16:00:00
2013	9	1	1647	1635	12	1940	1944	-4	B6	423	N806JB	JFK	LAX	312	2475	16	35	2013-09-01 16:00:00
2013	9	1	1647	1655	-8	1907	1840	27	MQ	3411	N722MQ	LGA	RDU	98	431	16	55	2013-09-01 16:00:00
2013	9	1	1649	1655	-6	1843	1900	-17	US	681	N672AW	EWR	PHX	276	2133	16	55	2013-09-01 16:00:00
2013	9	1	1651	1659	-8	1908	1930	-22	DL	1499	N937DL	LGA	ATL	109	762	16	59	2013-09-01 16:00:00
2013	9	1	1652	1652	0	1949	1946	3	UA	684	N521UA	EWR	LAX	303	2454	16	52	2013-09-01 16:00:00
2013	9	1	1652	1659	-7	1949	2006	-17	UA	1078	N76517	EWR	SAT	202	1569	16	59	2013-09-01 16:00:00
2013	9	1	1652	1703	-11	1944	1912	32	US	894	N163US	LGA	CLT	135	544	17	3	2013-09-01 17:00:00
2013	9	1	1653	1700	-7	1925	1954	-29	UA	525	N423UA	LGA	IAH	188	1416	17	0	2013-09-01 17:00:00
2013	9	1	1654	1702	-8	1827	1853	-26	EV	4411	N14960	EWR	MEM	134	946	17	2	2013-09-01 17:00:00
2013	9	1	1654	1700	-6	2008	1945	23	AA	257	N622AA	JFK	LAS	302	2248	17	0	2013-09-01 17:00:00
2013	9	1	1655	1700	-5	2140	1912	NA	B6	1119	N267JB	JFK	CLT	NA	541	17	0	2013-09-01 17:00:00
2013	9	1	1655	1655	0	1941	2005	-24	VX	413	N642VA	JFK	LAX	324	2475	16	55	2013-09-01 16:00:00
2013	9	1	1655	1700	-5	1750	1825	-35	US	2189	N946UW	LGA	DCA	40	214	17	0	2013-09-01 17:00:00
2013	9	1	1656	1700	-4	1823	1819	4	EV	4413	N11551	EWR	RIC	45	277	17	0	2013-09-01 17:00:00
2013	9	1	1657	1700	-3	1807	1855	-48	AA	1339	N3EKAA	JFK	ORD	109	740	17	0	2013-09-01 17:00:00
2013	9	1	1658	1705	-7	1828	1847	-19	EV	5048	N712EV	LGA	RIC	52	292	17	5	2013-09-01 17:00:00
2013	9	1	1658	1709	-11	1949	1954	-5	B6	327	N663JB	EWR	MCO	137	937	17	9	2013-09-01 17:00:00
2013	9	1	1658	1700	-2	1927	2013	-46	DL	1163	N710TW	JFK	LAX	299	2475	17	0	2013-09-01 17:00:00
2013	9	1	1659	1700	-1	1932	2000	-28	AA	773	N3FUAA	LGA	DFW	188	1389	17	0	2013-09-01 17:00:00
2013	9	1	1659	1706	-7	2052	2111	-19	B6	803	N569JB	JFK	SJU	201	1598	17	6	2013-09-01 17:00:00
2013	9	1	1659	1705	-6	1859	1928	-29	DL	1705	N362NB	LGA	MSY	154	1183	17	5	2013-09-01 17:00:00
2013	9	1	1700	1710	-10	1856	1853	3	EV	4202	N15910	EWR	STL	129	872	17	10	2013-09-01 17:00:00
2013	9	1	1701	1705	-4	1944	2032	-48	UA	512	N525UA	JFK	SFO	321	2586	17	5	2013-09-01 17:00:00
2013	9	1	1704	1715	-11	2018	2040	-22	DL	1982	N944DL	LGA	MIA	167	1096	17	15	2013-09-01 17:00:00
2013	9	1	1705	1715	-10	1939	2015	-36	AA	1905	N4YMAA	EWR	DFW	182	1372	17	15	2013-09-01 17:00:00
2013	9	1	1705	1705	0	1926	1957	-31	DL	503	N3753	JFK	SAN	302	2446	17	5	2013-09-01 17:00:00
2013	9	1	1706	1715	-9	1903	1952	-49	9E	3310	N905XJ	JFK	MCI	155	1113	17	15	2013-09-01 17:00:00
2013	9	1	1706	1711	-5	2027	2039	-12	B6	167	N715JB	JFK	OAK	333	2576	17	11	2013-09-01 17:00:00
2013	9	1	1707	1700	7	1940	1955	-15	WN	879	N744SW	EWR	HOU	183	1411	17	0	2013-09-01 17:00:00
2013	9	1	1707	1710	-3	1835	1835	0	MQ	3365	N849MQ	JFK	DCA	51	213	17	10	2013-09-01 17:00:00
2013	9	1	1710	1700	10	1943	1955	-12	AA	523	N3KBAA	JFK	IAH	189	1417	17	0	2013-09-01 17:00:00
2013	9	1	1710	1712	-2	1820	1844	-24	B6	408	N323JB	JFK	PWM	47	273	17	12	2013-09-01 17:00:00
2013	9	1	1710	1653	17	1958	2005	-7	UA	329	N552UA	EWR	SFO	325	2565	16	53	2013-09-01 16:00:00
2013	9	1	1713	1625	48	1830	1813	17	9E	3323	N907XJ	JFK	BOS	42	187	16	25	2013-09-01 16:00:00
2013	9	1	1718	1615	63	1913	1833	40	UA	1139	N76503	EWR	DEN	206	1605	16	15	2013-09-01 16:00:00
2013	9	1	1719	1712	7	2004	1907	57	B6	1185	N348JB	JFK	RDU	138	427	17	12	2013-09-01 17:00:00
2013	9	1	1719	1720	-1	2014	2010	4	UA	403	N402UA	EWR	IAH	185	1400	17	20	2013-09-01 17:00:00
2013	9	1	1720	1720	0	1844	1851	-7	EV	4191	N18557	EWR	BNA	106	748	17	20	2013-09-01 17:00:00
2013	9	1	1721	1620	61	2058	1935	83	AA	1999	N3KVAA	EWR	MIA	153	1085	16	20	2013-09-01 16:00:00
2013	9	1	1722	1729	-7	1923	1938	-15	EV	4393	N16987	EWR	IND	95	645	17	29	2013-09-01 17:00:00
2013	9	1	1722	1730	-8	1935	1946	-11	9E	3581	N8960A	LGA	CVG	97	585	17	30	2013-09-01 17:00:00
2013	9	1	1722	1730	-8	1900	1933	-33	DL	2331	N963DL	LGA	DTW	76	502	17	30	2013-09-01 17:00:00
2013	9	1	1723	1659	24	1937	1919	18	DL	2042	N364NB	EWR	ATL	103	746	16	59	2013-09-01 16:00:00
2013	9	1	1723	1729	-6	2018	2049	-31	VX	193	N632VA	EWR	SFO	332	2565	17	29	2013-09-01 17:00:00
2013	9	1	1723	1725	-2	1925	1943	-18	UA	1635	N23707	EWR	PHX	272	2133	17	25	2013-09-01 17:00:00
2013	9	1	1725	1731	-6	1841	1849	-8	B6	2580	N193JB	EWR	BOS	42	200	17	31	2013-09-01 17:00:00
2013	9	1	1726	1720	6	2025	2030	-5	AA	695	N3BEAA	JFK	AUS	209	1521	17	20	2013-09-01 17:00:00
2013	9	1	1727	1730	-3	1901	1910	-9	WN	154	N437WN	EWR	STL	124	872	17	30	2013-09-01 17:00:00
2013	9	1	1727	1735	-8	1950	1938	12	YV	2751	N916FJ	LGA	CLT	115	544	17	35	2013-09-01 17:00:00
2013	9	1	1729	1735	-6	2042	2101	-19	DL	1543	N722TW	JFK	SEA	327	2422	17	35	2013-09-01 17:00:00
2013	9	1	1730	1735	-5	2041	2048	-7	B6	263	N562JB	JFK	SEA	329	2422	17	35	2013-09-01 17:00:00
2013	9	1	1730	1735	-5	2019	2029	-10	UA	1109	N17139	EWR	MCO	133	937	17	35	2013-09-01 17:00:00
2013	9	1	1730	1735	-5	2004	1929	35	US	687	N669AW	EWR	CLT	117	529	17	35	2013-09-01 17:00:00
2013	9	1	1732	1735	-3	1932	2000	-28	WN	835	N221WN	LGA	DEN	215	1620	17	35	2013-09-01 17:00:00
2013	9	1	1733	1729	4	1931	1927	4	EV	4382	N14972	EWR	DTW	78	488	17	29	2013-09-01 17:00:00
2013	9	1	1733	1740	-7	1844	1921	-37	9E	3643	N8674A	JFK	SYR	41	209	17	40	2013-09-01 17:00:00
2013	9	1	1733	1729	4	1831	1848	-17	B6	1438	N296JB	JFK	MVY	39	173	17	29	2013-09-01 17:00:00
2013	9	1	1734	1735	-1	2041	2055	-14	AA	613	N370AA	JFK	MIA	140	1089	17	35	2013-09-01 17:00:00
2013	9	1	1734	1720	14	2007	2010	-3	UA	246	N853UA	EWR	DFW	184	1372	17	20	2013-09-01 17:00:00
2013	9	1	1736	1723	13	2039	2017	22	UA	327	N570UA	EWR	PDX	321	2434	17	23	2013-09-01 17:00:00
2013	9	1	1737	1735	2	1953	2010	-17	UA	1580	N37464	EWR	LAS	282	2227	17	35	2013-09-01 17:00:00
2013	9	1	1738	1745	-7	2050	1958	52	EV	4903	N751EV	LGA	CLT	92	544	17	45	2013-09-01 17:00:00
2013	9	1	1740	1743	-3	2035	2055	-20	UA	449	N562UA	EWR	SFO	324	2565	17	43	2013-09-01 17:00:00
2013	9	1	1745	1750	-5	2042	2053	-11	UA	535	N557UA	JFK	LAX	313	2475	17	50	2013-09-01 17:00:00
2013	9	1	1747	1740	7	2046	2035	11	AA	145	N3EAAA	JFK	SAN	318	2446	17	40	2013-09-01 17:00:00
2013	9	1	1748	1810	-22	1914	1955	-41	MQ	3526	N521MQ	LGA	CMH	69	479	18	10	2013-09-01 18:00:00
2013	9	1	1749	1755	-6	1923	1921	2	B6	1407	N183JB	JFK	IAD	60	228	17	55	2013-09-01 17:00:00
2013	9	1	1751	1800	-9	2033	2102	-29	DL	1435	N315US	LGA	TPA	142	1010	18	0	2013-09-01 18:00:00
2013	9	1	1751	1755	-4	2157	1930	NA	MQ	3301	N506MQ	LGA	RDU	NA	431	17	55	2013-09-01 17:00:00
2013	9	1	1752	1800	-8	2039	2057	-18	DL	1585	N948DL	LGA	MCO	137	950	18	0	2013-09-01 18:00:00
2013	9	1	1756	1805	-9	1914	1950	-36	AA	347	N200AA	LGA	ORD	112	733	18	5	2013-09-01 18:00:00
2013	9	1	1756	1800	-4	1920	1920	0	WN	441	N736SA	EWR	MDW	102	711	18	0	2013-09-01 18:00:00
2013	9	1	1757	1800	-3	2116	2130	-14	B6	415	N603JB	JFK	SFO	336	2586	18	0	2013-09-01 18:00:00
2013	9	1	1803	1815	-12	2102	2135	-33	AA	1611	N3EUAA	LGA	MIA	154	1096	18	15	2013-09-01 18:00:00
2013	9	1	1805	1755	10	2041	2055	-14	AA	785	N3DRAA	LGA	DFW	188	1389	17	55	2013-09-01 17:00:00
2013	9	1	1808	1810	-2	2022	2028	-6	EV	4972	N744EV	LGA	CHS	98	641	18	10	2013-09-01 18:00:00
2013	9	1	1808	1805	3	2045	2035	10	DL	569	N930DL	JFK	ATL	119	760	18	5	2013-09-01 18:00:00
2013	9	1	1808	1815	-7	2109	2126	-17	DL	1854	N310NW	LGA	FLL	155	1076	18	15	2013-09-01 18:00:00
2013	9	1	1808	1814	-6	1942	1956	-14	UA	1053	N37267	EWR	CLE	59	404	18	14	2013-09-01 18:00:00
2013	9	1	1809	1815	-6	2038	2047	-9	9E	3542	N935XJ	JFK	MSP	162	1029	18	15	2013-09-01 18:00:00
2013	9	1	1810	1810	0	2021	2007	14	EV	4278	N36915	EWR	CAE	94	602	18	10	2013-09-01 18:00:00
2013	9	1	1813	1820	-7	2011	2048	-37	9E	3399	N921XJ	JFK	DTW	83	509	18	20	2013-09-01 18:00:00
2013	9	1	1817	1815	2	2036	2049	-13	EV	5596	N608QX	EWR	ATL	101	746	18	15	2013-09-01 18:00:00
2013	9	1	1817	1820	-3	2118	2114	4	DL	2370	N383DN	LGA	PBI	146	1035	18	20	2013-09-01 18:00:00
2013	9	1	1817	1830	-13	1920	1950	-30	MQ	3486	N539MQ	LGA	BNA	107	764	18	30	2013-09-01 18:00:00
2013	9	1	1819	1815	4	2155	2131	24	DL	17	N190DN	JFK	LAX	321	2475	18	15	2013-09-01 18:00:00
2013	9	1	1822	1730	52	2025	1950	35	F9	837	N218FR	LGA	DEN	214	1620	17	30	2013-09-01 17:00:00
2013	9	1	1822	1824	-2	2105	2129	-24	B6	1013	N598JB	JFK	LGB	317	2465	18	24	2013-09-01 18:00:00
2013	9	1	1823	1803	20	2117	2117	0	UA	1482	N38454	EWR	LAX	304	2454	18	3	2013-09-01 18:00:00
2013	9	1	1824	1827	-3	2039	2034	5	US	425	N550UW	JFK	CLT	82	541	18	27	2013-09-01 18:00:00
2013	9	1	1825	1830	-5	2111	2130	-19	9E	3325	N928XJ	JFK	DFW	196	1391	18	30	2013-09-01 18:00:00
2013	9	1	1825	1830	-5	2136	2140	-4	B6	305	N645JB	EWR	FLL	156	1065	18	30	2013-09-01 18:00:00
2013	9	1	1825	1830	-5	1948	2010	-22	UA	1064	N77530	EWR	ORD	108	719	18	30	2013-09-01 18:00:00
2013	9	1	1827	1748	39	2058	2035	23	B6	299	N638JB	LGA	MCO	128	950	17	48	2013-09-01 17:00:00
2013	9	1	1828	1830	-2	2008	2010	-2	MQ	3134	N3AEMQ	EWR	ORD	107	719	18	30	2013-09-01 18:00:00
2013	9	1	1829	1830	-1	2050	2105	-15	WN	200	N215WN	EWR	MSY	162	1167	18	30	2013-09-01 18:00:00
2013	9	1	1831	1835	-4	2137	2158	-21	AS	5	N402AS	EWR	SEA	328	2402	18	35	2013-09-01 18:00:00
2013	9	1	1831	1839	-8	2130	2154	-24	UA	543	N834UA	EWR	LAX	314	2454	18	39	2013-09-01 18:00:00
2013	9	1	1833	1840	-7	2100	2107	-7	DL	2405	N384DA	JFK	PHX	281	2153	18	40	2013-09-01 18:00:00
2013	9	1	1835	1840	-5	2034	2109	-35	9E	3830	N8783E	JFK	CHS	93	636	18	40	2013-09-01 18:00:00
2013	9	1	1838	1630	128	2128	1940	108	AA	181	N328AA	JFK	LAX	311	2475	16	30	2013-09-01 16:00:00
2013	9	1	1838	1830	8	2008	1940	28	MQ	3044	N686MQ	JFK	BWI	45	184	18	30	2013-09-01 18:00:00
2013	9	1	1839	1810	29	2145	2119	26	DL	83	N319US	JFK	MIA	144	1089	18	10	2013-09-01 18:00:00
2013	9	1	1843	1850	-7	2138	2200	-22	AA	119	N3CHAA	EWR	LAX	311	2454	18	50	2013-09-01 18:00:00
2013	9	1	1843	1900	-17	2026	2040	-14	MQ	3591	N810MQ	LGA	RDU	84	431	19	0	2013-09-01 19:00:00
2013	9	1	1845	1838	7	2007	2017	-10	B6	1202	N358JB	JFK	BUF	58	301	18	38	2013-09-01 18:00:00
2013	9	1	1845	1855	-10	2138	2200	-22	VX	169	N640VA	EWR	LAX	313	2454	18	55	2013-09-01 18:00:00
2013	9	1	1848	1855	-7	2022	2035	-13	AA	353	N590AA	LGA	ORD	111	733	18	55	2013-09-01 18:00:00
2013	9	1	1849	1850	-1	2212	2210	2	VX	29	N840VA	JFK	SFO	339	2586	18	50	2013-09-01 18:00:00
2013	9	1	1853	1859	-6	2118	2153	-35	UA	501	N435UA	LGA	IAH	188	1416	18	59	2013-09-01 18:00:00
2013	9	1	1854	1855	-1	2204	2216	-12	B6	669	N508JB	JFK	SJC	337	2569	18	55	2013-09-01 18:00:00
2013	9	1	1854	1900	-6	2122	2138	-16	DL	961	N3732J	JFK	DEN	219	1626	19	0	2013-09-01 19:00:00
2013	9	1	1855	1900	-5	2151	2216	-25	DL	1643	N705TW	JFK	SEA	323	2422	19	0	2013-09-01 19:00:00
2013	9	1	1856	1905	-9	2037	2103	-26	9E	3360	N930XJ	JFK	PIT	61	340	19	5	2013-09-01 19:00:00
2013	9	1	1856	1828	28	2057	2032	25	US	2039	N435US	EWR	CLT	84	529	18	28	2013-09-01 18:00:00
2013	9	1	1858	1900	-2	2122	2106	16	EV	4700	N14568	EWR	CLT	102	529	19	0	2013-09-01 19:00:00
2013	9	1	1859	1905	-6	2022	2108	-46	9E	3525	N904XJ	JFK	ORD	109	740	19	5	2013-09-01 19:00:00
2013	9	1	1900	1905	-5	2155	2207	-12	DL	2159	N936DL	JFK	MCO	126	944	19	5	2013-09-01 19:00:00
2013	9	1	1901	1900	1	2214	2232	-18	UA	1416	N37468	EWR	SFO	334	2565	19	0	2013-09-01 19:00:00
2013	9	1	1903	1910	-7	2213	2222	-9	UA	1512	N17719	EWR	MIA	147	1085	19	10	2013-09-01 19:00:00
2013	9	1	1906	1853	13	2055	2100	-5	US	1815	N167US	LGA	CLT	88	544	18	53	2013-09-01 18:00:00
2013	9	1	1907	1819	48	2202	2118	44	B6	153	N796JB	JFK	PBI	134	1028	18	19	2013-09-01 18:00:00
2013	9	1	1911	1900	11	2234	2240	-6	DL	1465	N711ZX	JFK	SFO	337	2586	19	0	2013-09-01 19:00:00
2013	9	1	1913	1916	-3	2210	2214	-4	B6	883	N592JB	JFK	MCO	129	944	19	16	2013-09-01 19:00:00
2013	9	1	1913	1915	-2	2120	2204	-44	DL	1629	N3763D	JFK	LAS	277	2248	19	15	2013-09-01 19:00:00
2013	9	1	1916	1925	-9	2041	2048	-7	EV	4131	N15983	EWR	RIC	50	277	19	25	2013-09-01 19:00:00
2013	9	1	1916	1850	26	2040	2025	15	MQ	3674	N531MQ	LGA	CLE	67	419	18	50	2013-09-01 18:00:00
2013	9	1	1920	1931	-11	2034	2051	-17	EV	5714	N828AS	JFK	IAD	43	228	19	31	2013-09-01 19:00:00
2013	9	1	1922	1930	-8	2115	2156	-41	9E	3285	N604LR	JFK	MSY	153	1182	19	30	2013-09-01 19:00:00
2013	9	1	1923	1859	24	2137	2126	11	FL	685	N934AT	LGA	ATL	107	762	18	59	2013-09-01 18:00:00
2013	9	1	1923	1910	13	2211	2215	-4	AA	21	N336AA	JFK	LAX	307	2475	19	10	2013-09-01 19:00:00
2013	9	1	1925	1930	-5	2146	2207	-21	DL	2041	N378NW	JFK	ATL	101	760	19	30	2013-09-01 19:00:00
2013	9	1	1925	1934	-9	2215	2238	-23	UA	251	N440UA	EWR	TPA	138	997	19	34	2013-09-01 19:00:00
2013	9	1	1927	1930	-3	2122	2125	-3	MQ	3349	N534MQ	LGA	MSP	144	1020	19	30	2013-09-01 19:00:00
2013	9	1	1928	1845	43	2231	2210	21	AA	177	N5DVAA	JFK	SFO	333	2586	18	45	2013-09-01 18:00:00
2013	9	1	1929	1935	-6	2159	2223	-24	9E	3350	N916XJ	JFK	JAX	113	828	19	35	2013-09-01 19:00:00
2013	9	1	1929	1930	-1	2230	2248	-18	B6	71	N656JB	JFK	SLC	270	1990	19	30	2013-09-01 19:00:00
2013	9	1	1929	1930	-1	2250	2250	0	AA	269	N3HFAA	JFK	SEA	341	2422	19	30	2013-09-01 19:00:00
2013	9	1	1930	1940	-10	2141	2149	-8	EV	4293	N26549	EWR	CHS	91	628	19	40	2013-09-01 19:00:00
2013	9	1	1930	1932	-2	2204	2228	-24	B6	225	N580JB	JFK	TPA	136	1005	19	32	2013-09-01 19:00:00
2013	9	1	1930	1930	0	2056	2100	-4	DL	985	N352NB	JFK	BOS	40	187	19	30	2013-09-01 19:00:00
2013	9	1	1931	1734	117	2200	2000	120	FL	623	N985AT	LGA	ATL	104	762	17	34	2013-09-01 17:00:00
2013	9	1	1934	1940	-6	2225	2254	-29	UA	1224	N37422	EWR	LAX	316	2454	19	40	2013-09-01 19:00:00
2013	9	1	1935	1935	0	2244	2252	-8	DL	87	N696DL	JFK	SLC	265	1990	19	35	2013-09-01 19:00:00
2013	9	1	1936	1940	-4	2041	2120	-39	AA	363	N565AA	LGA	ORD	106	733	19	40	2013-09-01 19:00:00
2013	9	1	1936	1900	36	2241	2222	19	DL	2007	N3773D	JFK	PDX	326	2454	19	0	2013-09-01 19:00:00
2013	9	1	1936	1940	-4	2127	2125	2	MQ	3374	N828MQ	JFK	RDU	74	427	19	40	2013-09-01 19:00:00
2013	9	1	1939	1939	0	2228	2245	-17	UA	1100	N16701	EWR	SEA	321	2402	19	39	2013-09-01 19:00:00
2013	9	1	1940	1950	-10	2150	2215	-25	MQ	3662	N523MQ	LGA	ATL	100	762	19	50	2013-09-01 19:00:00
2013	9	1	1941	1936	5	2231	2233	-2	B6	1271	N621JB	LGA	FLL	144	1076	19	36	2013-09-01 19:00:00
2013	9	1	1948	1959	-11	2233	2208	25	EV	4321	N14203	EWR	MCI	185	1092	19	59	2013-09-01 19:00:00
2013	9	1	1950	1959	-9	2313	2327	-14	UA	1651	N76519	EWR	SFO	353	2565	19	59	2013-09-01 19:00:00
2013	9	1	1951	1940	11	2100	2100	0	UA	1703	N73406	EWR	BOS	44	200	19	40	2013-09-01 19:00:00
2013	9	1	1952	1800	112	2232	2102	90	UA	208	N454UA	EWR	SAN	302	2425	18	0	2013-09-01 18:00:00
2013	9	1	1956	1959	-3	2227	2230	-3	EV	4152	N12157	EWR	ATL	110	746	19	59	2013-09-01 19:00:00
2013	9	1	1956	2000	-4	2225	2250	-25	UA	1022	N76265	EWR	IAH	185	1400	20	0	2013-09-01 20:00:00
2013	9	1	1957	2000	-3	2235	2302	-27	DL	2391	N971DL	JFK	TPA	137	1005	20	0	2013-09-01 20:00:00
2013	9	1	1958	1925	33	2206	2153	13	9E	3603	N813AY	JFK	CLT	84	541	19	25	2013-09-01 19:00:00
2013	9	1	1958	1940	18	2241	2255	-14	B6	161	N536JB	JFK	SMF	321	2521	19	40	2013-09-01 19:00:00
2013	9	1	1959	2005	-6	2215	2149	26	B6	105	N520JB	JFK	ORD	135	740	20	5	2013-09-01 20:00:00
2013	9	1	1959	2001	-2	2253	2254	-1	B6	1083	N708JB	JFK	MCO	127	944	20	1	2013-09-01 20:00:00
2013	9	1	1959	2000	-1	2257	2300	-3	VX	415	N621VA	JFK	LAX	316	2475	20	0	2013-09-01 20:00:00
2013	9	1	2000	2013	-13	2239	2254	-15	EV	4204	N16149	EWR	OKC	182	1325	20	13	2013-09-01 20:00:00
2013	9	1	2000	2007	-7	2231	2259	-28	B6	1505	N564JB	JFK	ABQ	237	1826	20	7	2013-09-01 20:00:00
2013	9	1	2006	1859	67	2230	2147	43	B6	711	N827JB	JFK	LAS	289	2248	18	59	2013-09-01 18:00:00
2013	9	1	2007	2015	-8	2225	2244	-19	EV	4333	N17108	EWR	TUL	168	1215	20	15	2013-09-01 20:00:00
2013	9	1	2007	2015	-8	2144	2155	-11	MQ	3535	N537MQ	JFK	CMH	69	483	20	15	2013-09-01 20:00:00
2013	9	1	2010	1900	70	2105	2018	47	US	2193	N949UW	LGA	DCA	40	214	19	0	2013-09-01 19:00:00
2013	9	1	2013	1900	73	2219	2130	49	DL	947	N903DE	LGA	ATL	105	762	19	0	2013-09-01 19:00:00
2013	9	1	2018	2013	5	2231	2220	11	EV	4155	N14573	EWR	GRR	105	605	20	13	2013-09-01 20:00:00
2013	9	1	2019	2005	14	2147	2130	17	MQ	3604	N518MQ	EWR	ORD	109	719	20	5	2013-09-01 20:00:00
2013	9	1	2022	2030	-8	2306	2334	-28	UA	1730	N38458	EWR	FLL	148	1065	20	30	2013-09-01 20:00:00
2013	9	1	2025	2029	-4	2330	2359	-29	B6	915	N643JB	JFK	SFO	329	2586	20	29	2013-09-01 20:00:00
2013	9	1	2027	1929	58	2133	2048	45	EV	5769	N829AS	LGA	IAD	44	229	19	29	2013-09-01 19:00:00
2013	9	1	2028	1901	87	2325	2213	72	B6	201	N265JB	JFK	FLL	142	1069	19	1	2013-09-01 19:00:00
2013	9	1	2032	2035	-3	2142	2218	-36	9E	4127	N8800G	JFK	IAD	41	228	20	35	2013-09-01 20:00:00
2013	9	1	2033	2030	3	2144	2155	-11	WN	1707	N963WN	LGA	MDW	106	725	20	30	2013-09-01 20:00:00
2013	9	1	2036	2016	20	2207	2158	9	UA	1464	N16709	EWR	CLE	67	404	20	16	2013-09-01 20:00:00
2013	9	1	2039	2025	14	2319	2321	-2	B6	1295	N537JB	JFK	AUS	195	1521	20	25	2013-09-01 20:00:00
2013	9	1	2043	2045	-2	2228	2308	-40	9E	3367	N909XJ	JFK	CVG	89	589	20	45	2013-09-01 20:00:00
2013	9	1	2044	2030	14	2153	2206	-13	9E	3395	N923XJ	JFK	DCA	36	213	20	30	2013-09-01 20:00:00
2013	9	1	2045	2055	-10	3	12	-9	UA	471	N528UA	EWR	SFO	352	2565	20	55	2013-09-01 20:00:00
2013	9	1	2047	2100	-13	2330	7	-37	DL	2065	N399DA	JFK	FLL	137	1069	21	0	2013-09-01 21:00:00
2013	9	1	2050	2030	20	2204	2150	14	WN	565	N452WN	EWR	MDW	108	711	20	30	2013-09-01 20:00:00
2013	9	1	2052	2051	1	3	2358	5	B6	165	N510JB	JFK	PDX	329	2454	20	51	2013-09-01 20:00:00
2013	9	1	2053	2030	23	2335	2332	3	UA	1615	N39461	EWR	AUS	197	1504	20	30	2013-09-01 20:00:00
2013	9	1	2054	2100	-6	2215	2235	-20	MQ	3317	N507MQ	LGA	RDU	65	431	21	0	2013-09-01 21:00:00
2013	9	1	2055	2100	-5	2201	2212	-11	UA	1066	N38257	EWR	BOS	46	200	21	0	2013-09-01 21:00:00
2013	9	1	2056	2035	21	2142	2201	-19	9E	3748	N8794B	JFK	PHL	28	94	20	35	2013-09-01 20:00:00
2013	9	1	2057	2100	-3	2335	13	-38	DL	2363	N187DN	JFK	LAX	308	2475	21	0	2013-09-01 21:00:00
2013	9	1	2101	2028	33	2304	2247	17	B6	135	N590JB	JFK	PHX	275	2153	20	28	2013-09-01 20:00:00
2013	9	1	2102	2110	-8	2231	2255	-24	MQ	3603	N522MQ	LGA	DTW	73	502	21	10	2013-09-01 21:00:00
2013	9	1	2104	1959	65	2254	2201	53	EV	4543	N14180	EWR	DSM	146	1017	19	59	2013-09-01 19:00:00
2013	9	1	2104	2025	39	2206	2140	26	AA	1742	N3BPAA	JFK	BOS	38	187	20	25	2013-09-01 20:00:00
2013	9	1	2105	2010	55	2209	2134	35	B6	418	N229JB	JFK	BOS	39	187	20	10	2013-09-01 20:00:00
2013	9	1	2112	2115	-3	57	125	-28	DL	347	N3751B	JFK	SJU	194	1598	21	15	2013-09-01 21:00:00
2013	9	1	2114	1810	184	2218	1945	153	WN	1368	N462WN	LGA	BNA	110	764	18	10	2013-09-01 18:00:00
2013	9	1	2115	1800	195	2348	2102	166	B6	359	N509JB	JFK	BUR	312	2465	18	0	2013-09-01 18:00:00
2013	9	1	2118	2059	19	2359	2358	1	B6	523	N705JB	JFK	LAX	313	2475	20	59	2013-09-01 20:00:00
2013	9	1	2120	2130	-10	2357	14	-17	B6	1371	N794JB	LGA	FLL	144	1076	21	30	2013-09-01 21:00:00
2013	9	1	2121	2125	-4	2317	2339	-22	B6	775	N323JB	JFK	MSY	154	1182	21	25	2013-09-01 21:00:00
2013	9	1	2123	2100	23	2306	2245	21	MQ	3384	N542MQ	LGA	CLT	86	544	21	0	2013-09-01 21:00:00
2013	9	1	2125	2025	60	2239	2158	41	FL	357	N894AT	LGA	CAK	63	397	20	25	2013-09-01 20:00:00
2013	9	1	2125	2030	55	2237	2202	35	9E	4191	N8940E	JFK	BWI	37	184	20	30	2013-09-01 20:00:00
2013	9	1	2127	2130	-3	2239	2240	-1	EV	4560	N12552	EWR	DCA	39	199	21	30	2013-09-01 21:00:00
2013	9	1	2131	1905	146	2238	2025	133	WN	321	N244WN	LGA	MKE	111	738	19	5	2013-09-01 19:00:00
2013	9	1	2132	2101	31	114	100	14	B6	1103	N636JB	JFK	SJU	201	1598	21	1	2013-09-01 21:00:00
2013	9	1	2132	2140	-8	2243	2255	-12	MQ	3621	N849MQ	JFK	DCA	49	213	21	40	2013-09-01 21:00:00
2013	9	1	2134	1935	119	24	2250	94	AA	1709	N3JFAA	LGA	MIA	149	1096	19	35	2013-09-01 19:00:00
2013	9	1	2134	2130	4	2347	2359	-12	B6	1677	N296JB	JFK	JAX	116	828	21	30	2013-09-01 21:00:00
2013	9	1	2137	2036	61	2248	2205	43	B6	686	N281JB	JFK	ROC	52	264	20	36	2013-09-01 20:00:00
2013	9	1	2138	2140	-2	24	40	-16	AA	185	N339AA	JFK	LAX	304	2475	21	40	2013-09-01 21:00:00
2013	9	1	2153	2155	-2	26	43	-17	B6	425	N635JB	JFK	TPA	136	1005	21	55	2013-09-01 21:00:00
2013	9	1	2154	2100	54	18	2336	42	B6	499	N639JB	LGA	MCO	127	950	21	0	2013-09-01 21:00:00
2013	9	1	2203	1915	168	2313	2100	133	EV	5237	N759EV	LGA	BGR	54	378	19	15	2013-09-01 19:00:00
2013	9	1	2215	2146	29	48	30	18	B6	1183	N623JB	JFK	MCO	126	944	21	46	2013-09-01 21:00:00
2013	9	1	2218	2150	28	55	45	10	B6	1201	N558JB	JFK	FLL	134	1069	21	50	2013-09-01 21:00:00
2013	9	1	2219	1920	179	106	2224	162	DL	1181	N338NB	JFK	SAT	198	1587	19	20	2013-09-01 19:00:00
2013	9	1	2229	2116	73	2349	2249	60	B6	702	N266JB	JFK	BUF	54	301	21	16	2013-09-01 21:00:00
2013	9	1	2237	1711	326	41	1851	350	B6	1516	N346JB	JFK	SYR	97	209	17	11	2013-09-01 17:00:00
2013	9	1	2238	2125	73	35	2354	41	B6	97	N507JB	JFK	DEN	212	1626	21	25	2013-09-01 21:00:00
2013	9	1	2240	2245	-5	2350	3	-13	B6	486	N183JB	JFK	ROC	50	264	22	45	2013-09-01 22:00:00
2013	9	1	2248	2119	89	113	2354	79	B6	527	N624JB	EWR	MCO	123	937	21	19	2013-09-01 21:00:00
2013	9	1	2257	2255	2	4	19	-15	B6	2002	N348JB	JFK	BUF	53	301	22	55	2013-09-01 22:00:00
2013	9	1	2302	2305	-3	8	13	-5	B6	718	N629JB	JFK	BOS	42	187	23	5	2013-09-01 23:00:00
2013	9	1	2329	2245	44	40	1	39	B6	234	N373JB	JFK	BTV	48	266	22	45	2013-09-01 22:00:00
2013	9	1	2351	2359	-8	335	350	-15	B6	745	N588JB	JFK	PSE	204	1617	23	59	2013-09-01 23:00:00
2013	9	1	2352	2359	-7	323	344	-21	B6	1503	N768JB	JFK	SJU	196	1598	23	59	2013-09-01 23:00:00
2013	9	1	NA	1920	NA	NA	2052	NA	9E	3920	NA	LGA	ROC	NA	254	19	20	2013-09-01 19:00:00
